{
"type": "FeatureCollection",
"name": "hanoi_buildings",
"crs": { "type": "name", "properties": { "name": "urn:ogc:def:crs:OGC:1.3:CRS84" } },
"features": [
{ "type": "Feature", "properties": { "element": "relation", "id": 16183368, "estimated_height": 12.0 }, "geometry": { "type": "Polygon", "coordinates": [ [ [ 105.8583939, 21.0256773 ], [ 105.8584024, 21.0256496 ], [ 105.8586816, 21.0257251 ], [ 105.8587246, 21.0256809 ], [ 105.8587823, 21.0256687 ], [ 105.8588563, 21.0256456 ], [ 105.8589415, 21.0254643 ], [ 105.8589612, 21.0254696 ], [ 105.8590213, 21.0252755 ], [ 105.859002, 21.0252703 ], [ 105.8590755, 21.0250333 ], [ 105.8584946, 21.0248764 ], [ 105.8584877, 21.0248988 ], [ 105.8583698, 21.0248669 ], [ 105.8582462, 21.0252655 ], [ 105.8581809, 21.0254759 ], [ 105.8581481, 21.025467 ], [ 105.85810690000001, 21.0255997 ], [ 105.8583939, 21.0256773 ] ], [ [ 105.8583542, 21.0255399 ], [ 105.8584255, 21.0253162 ], [ 105.8585141, 21.0250383 ], [ 105.8588606, 21.0251345 ], [ 105.8587007, 21.0256361 ], [ 105.8583542, 21.0255399 ] ] ] } },
{ "type": "Feature", "properties": { "element": "relation", "id": 16523383, "estimated_height": 12.0 }, "geometry": { "type": "Polygon", "coordinates": [ [ [ 105.853952, 21.0285511 ], [ 105.8539759, 21.0287055 ], [ 105.8545634, 21.0286262 ], [ 105.8545461, 21.0285144 ], [ 105.8545259, 21.0283835 ], [ 105.8545782, 21.0283764 ], [ 105.8545397, 21.0281286 ], [ 105.8542954, 21.0281616 ], [ 105.8542579, 21.0281665 ], [ 105.8542412, 21.0280582 ], [ 105.854282, 21.0280528 ], [ 105.8542596, 21.0279081 ], [ 105.8538068, 21.0279689 ], [ 105.853829, 21.0281132 ], [ 105.8541214, 21.0280739 ], [ 105.8541381, 21.0281826 ], [ 105.8540958, 21.0281884 ], [ 105.8541069, 21.0282601 ], [ 105.854149, 21.0282544 ], [ 105.854164700000013, 21.0283553 ], [ 105.854122, 21.0283614 ], [ 105.8541339, 21.028437 ], [ 105.854179, 21.0284308 ], [ 105.8541928, 21.0285187 ], [ 105.853952, 21.0285511 ] ], [ [ 105.8543161, 21.0285017 ], [ 105.8543022, 21.0284139 ], [ 105.854333900000015, 21.0284095 ], [ 105.8544598, 21.0283925 ], [ 105.8544804, 21.0285233 ], [ 105.8544824, 21.0285365 ], [ 105.8543249, 21.0285578 ], [ 105.8543161, 21.0285017 ] ] ] } },
{ "type": "Feature", "properties": { "element": "relation", "id": 16640104, "estimated_height": 12.0 }, "geometry": { "type": "MultiPolygon", "coordinates": [ [ [ [ 105.8532539, 21.0310002 ], [ 105.8532325, 21.0310409 ], [ 105.8532134, 21.0310773 ], [ 105.8533004, 21.0311172 ], [ 105.8533521, 21.0310188 ], [ 105.8532651, 21.030979 ], [ 105.8532539, 21.0310002 ] ] ], [ [ [ 105.853662, 21.0312358 ], [ 105.85370140000002, 21.0311456 ], [ 105.8535384, 21.0310835 ], [ 105.853499, 21.0311737 ], [ 105.853662, 21.0312358 ] ] ] ] } },
{ "type": "Feature", "properties": { "element": "relation", "id": 16827397, "estimated_height": 12.0 }, "geometry": { "type": "Polygon", "coordinates": [ [ [ 105.8581272, 21.0266229 ], [ 105.858103700000015, 21.0267096 ], [ 105.858384200000017, 21.0267757 ], [ 105.858449, 21.0265362 ], [ 105.8584994, 21.0265481 ], [ 105.8585196, 21.0264734 ], [ 105.858186500000016, 21.0263948 ], [ 105.8581622, 21.0264847 ], [ 105.8581362, 21.0264785 ], [ 105.858098900000016, 21.0266163 ], [ 105.8581272, 21.0266229 ] ], [ [ 105.8581898, 21.0266378 ], [ 105.858228, 21.0265045 ], [ 105.8583561, 21.0265364 ], [ 105.858317900000017, 21.0266697 ], [ 105.8581898, 21.0266378 ] ] ] } },
{ "type": "Feature", "properties": { "element": "relation", "id": 18622930, "estimated_height": 17.5 }, "geometry": { "type": "Polygon", "coordinates": [ [ [ 105.8547712, 21.0255319 ], [ 105.8549796, 21.0254553 ], [ 105.8549258, 21.0252944 ], [ 105.8549006, 21.0253015 ], [ 105.8548873, 21.0252623 ], [ 105.8548847, 21.0252545 ], [ 105.854864, 21.0251933 ], [ 105.854827, 21.0250841 ], [ 105.8547403, 21.0251098 ], [ 105.8546352, 21.0251406 ], [ 105.8547712, 21.0255319 ] ] ] } },
{ "type": "Feature", "properties": { "element": "relation", "id": 18622931, "estimated_height": 14.0 }, "geometry": { "type": "Polygon", "coordinates": [ [ [ 105.8544754, 21.0251877 ], [ 105.8545803, 21.0255924 ], [ 105.8547712, 21.0255319 ], [ 105.8546352, 21.0251406 ], [ 105.8545467, 21.0251667 ], [ 105.8544754, 21.0251877 ] ] ] } },
{ "type": "Feature", "properties": { "element": "relation", "id": 20163911, "estimated_height": 12.0 }, "geometry": { "type": "Polygon", "coordinates": [ [ [ 105.8557799, 21.0307634 ], [ 105.8558125, 21.0306991 ], [ 105.8558361, 21.0307095 ], [ 105.8558885, 21.0306061 ], [ 105.8556341, 21.0304938 ], [ 105.8555491, 21.0306615 ], [ 105.8557799, 21.0307634 ] ], [ [ 105.8556979, 21.0306081 ], [ 105.8557968, 21.0306517 ], [ 105.855781, 21.0306829 ], [ 105.85568210000001, 21.0306392 ], [ 105.8556979, 21.0306081 ] ] ] } },
{ "type": "Feature", "properties": { "element": "way", "id": 37933050, "estimated_height": 14.0 }, "geometry": { "type": "Polygon", "coordinates": [ [ [ 105.8574245, 21.024129 ], [ 105.8576286, 21.0240759 ], [ 105.857634, 21.0240937 ], [ 105.8578419, 21.0240389 ], [ 105.8578269, 21.0239893 ], [ 105.8578972, 21.0239708 ], [ 105.8579122, 21.0240204 ], [ 105.8581473, 21.0239583 ], [ 105.8581689, 21.0240293 ], [ 105.858188100000021, 21.024024 ], [ 105.8582215, 21.0241305 ], [ 105.8581924, 21.0241384 ], [ 105.8582167, 21.0242185 ], [ 105.8579863, 21.0242793 ], [ 105.8580006, 21.0243263 ], [ 105.8579313, 21.0243445 ], [ 105.8579171, 21.0242975 ], [ 105.8577267, 21.0243477 ], [ 105.8577328, 21.0243677 ], [ 105.8575776, 21.0244096 ], [ 105.8575141, 21.0244266 ], [ 105.857495, 21.0243648 ], [ 105.8574427, 21.0241896 ], [ 105.8574245, 21.024129 ] ] ] } },
{ "type": "Feature", "properties": { "element": "way", "id": 37933426, "estimated_height": 12.0 }, "geometry": { "type": "Polygon", "coordinates": [ [ [ 105.8555456, 21.0251815 ], [ 105.8554744, 21.0252026 ], [ 105.8554372, 21.0252135 ], [ 105.8554009, 21.0252246 ], [ 105.8555255, 21.025615 ], [ 105.8556577, 21.0260293 ], [ 105.855808700000011, 21.0259874 ], [ 105.8557983, 21.025955 ], [ 105.8558896, 21.0259294 ], [ 105.8558995, 21.0259602 ], [ 105.8562161, 21.0258711 ], [ 105.8563613, 21.0258303 ], [ 105.8565735, 21.0251897 ], [ 105.8565171, 21.0251847 ], [ 105.8565211, 21.0251654 ], [ 105.8564703, 21.0251629 ], [ 105.8564666, 21.0251806 ], [ 105.8563983, 21.0251745 ], [ 105.8563369, 21.0253542 ], [ 105.8562941, 21.0253651 ], [ 105.8560947, 21.0252249 ], [ 105.8559852, 21.025307 ], [ 105.8559985, 21.0253461 ], [ 105.856009, 21.0253771 ], [ 105.8560308, 21.0254422 ], [ 105.8561226, 21.0254166 ], [ 105.8562599, 21.0255175 ], [ 105.8562713, 21.0255517 ], [ 105.8562189, 21.0257068 ], [ 105.8561704, 21.0257204 ], [ 105.8558606, 21.0258075 ], [ 105.8558725, 21.0258446 ], [ 105.8557721, 21.0258728 ], [ 105.8557292, 21.0257373 ], [ 105.8556985, 21.0256403 ], [ 105.8556389, 21.0254519 ], [ 105.8556066, 21.0253571 ], [ 105.8555456, 21.0251815 ] ] ] } },
{ "type": "Feature", "properties": { "element": "way", "id": 38029150, "estimated_height": 7.0 }, "geometry": { "type": "Polygon", "coordinates": [ [ [ 105.8554116, 21.0261297 ], [ 105.8553323, 21.0261532 ], [ 105.8552904, 21.0261664 ], [ 105.8553042, 21.0262043 ], [ 105.8552347, 21.0262263 ], [ 105.855221, 21.0261884 ], [ 105.8550746, 21.0262347 ], [ 105.8550659, 21.0262054 ], [ 105.8550282, 21.0261864 ], [ 105.8550144, 21.0262103 ], [ 105.8549597, 21.0261828 ], [ 105.8549735, 21.0261589 ], [ 105.85493510000002, 21.0261396 ], [ 105.8549047, 21.0261506 ], [ 105.8548669, 21.0260369 ], [ 105.8548202, 21.0260501 ], [ 105.8547786, 21.0259217 ], [ 105.8548244, 21.0259088 ], [ 105.8547857, 21.0257924 ], [ 105.8548124, 21.0257829 ], [ 105.8548376, 21.0257391 ], [ 105.8548162, 21.0257284 ], [ 105.8548402, 21.0256867 ], [ 105.8548616, 21.0256974 ], [ 105.8548808, 21.025664 ], [ 105.8548725, 21.0256386 ], [ 105.8551235, 21.025552 ], [ 105.8552112, 21.0255232 ], [ 105.855255, 21.0256418 ], [ 105.8551717, 21.0256698 ], [ 105.8549444, 21.0257486 ], [ 105.8549292, 21.0257766 ], [ 105.8550361, 21.0260871 ], [ 105.8550629, 21.0260976 ], [ 105.8552902, 21.0260295 ], [ 105.8553695, 21.026006 ], [ 105.8554116, 21.0261297 ] ] ] } },
{ "type": "Feature", "properties": { "element": "way", "id": 85608577, "estimated_height": 31.5 }, "geometry": { "type": "Polygon", "coordinates": [ [ [ 105.8569055, 21.02497 ], [ 105.8569437, 21.0249811 ], [ 105.8571606, 21.0250388 ], [ 105.8572525, 21.0250647 ], [ 105.857364700000019, 21.0249683 ], [ 105.857394, 21.0249429 ], [ 105.8571045, 21.0246659 ], [ 105.856978900000016, 21.0247 ], [ 105.8569055, 21.02497 ] ] ] } },
{ "type": "Feature", "properties": { "element": "way", "id": 170207452, "estimated_height": 17.5 }, "geometry": { "type": "Polygon", "coordinates": [ [ [ 105.8547808, 21.0269761 ], [ 105.8546705, 21.0266497 ], [ 105.8544483, 21.0267152 ], [ 105.8545585, 21.0270415 ], [ 105.8547808, 21.0269761 ] ] ] } },
{ "type": "Feature", "properties": { "element": "way", "id": 170207454, "estimated_height": 10.5 }, "geometry": { "type": "Polygon", "coordinates": [ [ [ 105.856372, 21.0272708 ], [ 105.8563564, 21.027267 ], [ 105.85633150000001, 21.0272533 ], [ 105.8563131, 21.0272331 ], [ 105.8563032, 21.0272086 ], [ 105.8563023, 21.0271829 ], [ 105.8563084, 21.0271622 ], [ 105.8563232, 21.0271405 ], [ 105.8563449, 21.0271244 ], [ 105.8563584, 21.02712 ], [ 105.8563715, 21.0271157 ], [ 105.8563766, 21.027115 ], [ 105.8563873, 21.0268726 ], [ 105.8568609, 21.0268903 ], [ 105.856834, 21.0275199 ], [ 105.8563607, 21.0275022 ], [ 105.856372, 21.0272708 ] ] ] } },
{ "type": "Feature", "properties": { "element": "way", "id": 170207461, "estimated_height": 31.5 }, "geometry": { "type": "Polygon", "coordinates": [ [ [ 105.8558821, 21.0289271 ], [ 105.8559085, 21.0285552 ], [ 105.8557321, 21.028543 ], [ 105.855693400000021, 21.0285412 ], [ 105.855594, 21.028864 ], [ 105.8556137, 21.0289 ], [ 105.8558821, 21.0289271 ] ] ] } },
{ "type": "Feature", "properties": { "element": "way", "id": 170207462, "estimated_height": 80.0 }, "geometry": { "type": "Polygon", "coordinates": [ [ [ 105.8578201, 21.0281661 ], [ 105.8578559, 21.0281753 ], [ 105.8578952, 21.0281236 ], [ 105.8579186, 21.0280451 ], [ 105.8579128, 21.0279839 ], [ 105.857877, 21.0279745 ], [ 105.8578846, 21.027949 ], [ 105.857518200000015, 21.0278541 ], [ 105.8574719, 21.0278703 ], [ 105.8574321, 21.0278952 ], [ 105.8574015, 21.0279277 ], [ 105.8573794, 21.0279676 ], [ 105.8573775, 21.0280086 ], [ 105.857388400000019, 21.0280475 ], [ 105.85741010000001, 21.0280833 ], [ 105.857442, 21.0281101 ], [ 105.8578086, 21.028205 ], [ 105.8578201, 21.0281661 ] ] ] } },
{ "type": "Feature", "properties": { "element": "way", "id": 178995262, "estimated_height": 12.0 }, "geometry": { "type": "Polygon", "coordinates": [ [ [ 105.8522486, 21.0307955 ], [ 105.8523238, 21.0308059 ], [ 105.8523184, 21.0308399 ], [ 105.8523917, 21.03085 ], [ 105.8523975, 21.0308133 ], [ 105.8524779, 21.0308243 ], [ 105.852504, 21.0306589 ], [ 105.8524483, 21.0306512 ], [ 105.8524523, 21.0306256 ], [ 105.8523321, 21.0306091 ], [ 105.8523283, 21.0306334 ], [ 105.8522755, 21.0306261 ], [ 105.8522486, 21.0307955 ] ] ] } },
{ "type": "Feature", "properties": { "element": "way", "id": 178995269, "estimated_height": 12.0 }, "geometry": { "type": "Polygon", "coordinates": [ [ [ 105.852271, 21.0278447 ], [ 105.8522709, 21.0279013 ], [ 105.8523148, 21.0279013 ], [ 105.8523149, 21.0278448 ], [ 105.852271, 21.0278447 ] ] ] } },
{ "type": "Feature", "properties": { "element": "way", "id": 178995271, "estimated_height": 12.0 }, "geometry": { "type": "Polygon", "coordinates": [ [ [ 105.8523799, 21.0305277 ], [ 105.8524613, 21.0305396 ], [ 105.8524759, 21.0304523 ], [ 105.8523945, 21.0304404 ], [ 105.8523799, 21.0305277 ] ] ] } },
{ "type": "Feature", "properties": { "element": "way", "id": 215534139, "estimated_height": 12.0 }, "geometry": { "type": "Polygon", "coordinates": [ [ [ 105.8586394, 21.0244369 ], [ 105.8586756, 21.0243291 ], [ 105.8586581, 21.0243239 ], [ 105.8587433, 21.0240704 ], [ 105.8587602, 21.0240754 ], [ 105.858784, 21.0240047 ], [ 105.8586629, 21.0239693 ], [ 105.8585542, 21.0242929 ], [ 105.8585214, 21.0242833 ], [ 105.858485, 21.0243917 ], [ 105.8586394, 21.0244369 ] ] ] } },
{ "type": "Feature", "properties": { "element": "way", "id": 215534140, "estimated_height": 12.0 }, "geometry": { "type": "Polygon", "coordinates": [ [ [ 105.8591279, 21.024083 ], [ 105.8590858, 21.0242208 ], [ 105.8589116, 21.0241744 ], [ 105.8589538, 21.0240366 ], [ 105.8591279, 21.024083 ] ] ] } },
{ "type": "Feature", "properties": { "element": "way", "id": 215534142, "estimated_height": 12.0 }, "geometry": { "type": "Polygon", "coordinates": [ [ [ 105.8567912, 21.0252459 ], [ 105.8569655, 21.0252889 ], [ 105.857091, 21.0253199 ], [ 105.8570047, 21.0256248 ], [ 105.8568823, 21.0255946 ], [ 105.8566883, 21.0255476 ], [ 105.8567066, 21.0254846 ], [ 105.8568999, 21.0255311 ], [ 105.8569089, 21.0254988 ], [ 105.8568212, 21.0254774 ], [ 105.8568585, 21.0253445 ], [ 105.8567696, 21.0253231 ], [ 105.8567912, 21.0252459 ] ] ] } },
{ "type": "Feature", "properties": { "element": "way", "id": 222427943, "estimated_height": 17.5 }, "geometry": { "type": "Polygon", "coordinates": [ [ [ 105.855497, 21.0247343 ], [ 105.8557976, 21.0246511 ], [ 105.8556664, 21.0242385 ], [ 105.8553658, 21.0243218 ], [ 105.855497, 21.0247343 ] ] ] } },
{ "type": "Feature", "properties": { "element": "way", "id": 235407878, "estimated_height": 12.0 }, "geometry": { "type": "Polygon", "coordinates": [ [ [ 105.8507553, 21.029054 ], [ 105.8508967, 21.0291186 ], [ 105.8508297, 21.0292582 ], [ 105.8506856, 21.0291934 ], [ 105.8507553, 21.029054 ] ] ] } },
{ "type": "Feature", "properties": { "element": "way", "id": 235407881, "estimated_height": 12.0 }, "geometry": { "type": "Polygon", "coordinates": [ [ [ 105.8510264, 21.0291967 ], [ 105.851235200000019, 21.0292381 ], [ 105.8511915, 21.0294299 ], [ 105.8511718, 21.029426 ], [ 105.8511433, 21.0295517 ], [ 105.8509789, 21.0295192 ], [ 105.8510074, 21.0293938 ], [ 105.8509827, 21.0293889 ], [ 105.8510264, 21.0291967 ] ] ] } },
{ "type": "Feature", "properties": { "element": "way", "id": 309320074, "estimated_height": 17.0 }, "geometry": { "type": "Polygon", "coordinates": [ [ [ 105.8534662, 21.0258671 ], [ 105.8534106, 21.0255427 ], [ 105.853493, 21.025443 ], [ 105.8537991, 21.0253572 ], [ 105.8539498, 21.02579 ], [ 105.8535822, 21.0259255 ], [ 105.8534662, 21.0258671 ] ] ] } },
{ "type": "Feature", "properties": { "element": "way", "id": 323366279, "estimated_height": 12.0 }, "geometry": { "type": "Polygon", "coordinates": [ [ [ 105.855263800000017, 21.0331084 ], [ 105.8554839, 21.0332025 ], [ 105.8557379, 21.0326985 ], [ 105.8557311, 21.0326959 ], [ 105.8557465, 21.0326671 ], [ 105.8556871, 21.0326461 ], [ 105.8556985, 21.0326195 ], [ 105.8556238, 21.0325945 ], [ 105.8555983, 21.0326508 ], [ 105.8555554, 21.0326596 ], [ 105.8555107, 21.0326401 ], [ 105.855263800000017, 21.0331084 ] ] ] } },
{ "type": "Feature", "properties": { "element": "way", "id": 323366294, "estimated_height": 12.0 }, "geometry": { "type": "Polygon", "coordinates": [ [ [ 105.8547554, 21.0330436 ], [ 105.8550746, 21.0330956 ], [ 105.855109900000016, 21.033084 ], [ 105.8553989, 21.0326075 ], [ 105.855373900000018, 21.0325565 ], [ 105.8551751, 21.0324669 ], [ 105.85507650000001, 21.0326494 ], [ 105.8550413, 21.0326388 ], [ 105.8549684, 21.0327886 ], [ 105.8549045, 21.0327701 ], [ 105.8547554, 21.0330436 ] ] ] } },
{ "type": "Feature", "properties": { "element": "way", "id": 377094389, "estimated_height": 12.0 }, "geometry": { "type": "Polygon", "coordinates": [ [ [ 105.8492453, 21.0257616 ], [ 105.8492656, 21.0258217 ], [ 105.8493738, 21.0257898 ], [ 105.8493468, 21.02571 ], [ 105.8494383, 21.0256829 ], [ 105.8494943, 21.0258483 ], [ 105.8494061, 21.0258744 ], [ 105.84938870000002, 21.0258229 ], [ 105.8492749, 21.0258565 ], [ 105.849287, 21.0258923 ], [ 105.8492535, 21.0259022 ], [ 105.8492589, 21.025918099999988 ], [ 105.8492062, 21.0259336 ], [ 105.8492113, 21.0259487 ], [ 105.849162, 21.0259633 ], [ 105.849156400000012, 21.0259468 ], [ 105.8490955, 21.0259648 ], [ 105.8490874, 21.0259408 ], [ 105.8490659, 21.0259471 ], [ 105.8490562, 21.0259183 ], [ 105.8489409, 21.0259523 ], [ 105.8489515, 21.0259835 ], [ 105.8489271, 21.0259907 ], [ 105.8489367, 21.0260194 ], [ 105.8488735, 21.026038 ], [ 105.8488631, 21.0260071 ], [ 105.8487764, 21.0260326 ], [ 105.848739, 21.0259192 ], [ 105.8489158, 21.0258671 ], [ 105.8489303, 21.02591 ], [ 105.8490394, 21.0258779 ], [ 105.8490223, 21.0258273 ], [ 105.8492453, 21.0257616 ] ] ] } },
{ "type": "Feature", "properties": { "element": "way", "id": 381341877, "estimated_height": 12.0 }, "geometry": { "type": "Polygon", "coordinates": [ [ [ 105.8507363, 21.0301644 ], [ 105.850837, 21.0300309 ], [ 105.8504817, 21.0298025 ], [ 105.8503811, 21.029936 ], [ 105.8507363, 21.0301644 ] ] ] } },
{ "type": "Feature", "properties": { "element": "way", "id": 481822477, "estimated_height": 87.5 }, "geometry": { "type": "Polygon", "coordinates": [ [ [ 105.8568718, 21.0296464 ], [ 105.8571227, 21.0297106 ], [ 105.8571621, 21.0295764 ], [ 105.8572849, 21.0293304 ], [ 105.8572285, 21.0292478 ], [ 105.8569928, 21.0292342 ], [ 105.8568718, 21.0296464 ] ] ] } },
{ "type": "Feature", "properties": { "element": "way", "id": 482318721, "estimated_height": 12.0 }, "geometry": { "type": "Polygon", "coordinates": [ [ [ 105.8494512, 21.0255475 ], [ 105.8493694, 21.0255721 ], [ 105.849291, 21.0255956 ], [ 105.8493015, 21.0256252 ], [ 105.849381, 21.0256013 ], [ 105.8494612, 21.0255772 ], [ 105.8494512, 21.0255475 ] ] ] } },
{ "type": "Feature", "properties": { "element": "way", "id": 482318722, "estimated_height": 12.0 }, "geometry": { "type": "Polygon", "coordinates": [ [ [ 105.8494201, 21.0254554 ], [ 105.8495997, 21.0254026 ], [ 105.8497095, 21.0257282 ], [ 105.8495299, 21.025781 ], [ 105.8494612, 21.0255772 ], [ 105.8494512, 21.0255475 ], [ 105.8494201, 21.0254554 ] ] ] } },
{ "type": "Feature", "properties": { "element": "way", "id": 482318723, "estimated_height": 12.0 }, "geometry": { "type": "Polygon", "coordinates": [ [ [ 105.8497215, 21.0257507 ], [ 105.8496136, 21.0257823 ], [ 105.8498149, 21.0263817 ], [ 105.8499229, 21.02635 ], [ 105.8497215, 21.0257507 ] ] ] } },
{ "type": "Feature", "properties": { "element": "way", "id": 496250674, "estimated_height": 11.0 }, "geometry": { "type": "Polygon", "coordinates": [ [ [ 105.8537394, 21.025207 ], [ 105.8536583, 21.0249415 ], [ 105.8535573, 21.0249683 ], [ 105.8536384, 21.0252339 ], [ 105.8537394, 21.025207 ] ] ] } },
{ "type": "Feature", "properties": { "element": "way", "id": 570571856, "estimated_height": 19.0 }, "geometry": { "type": "Polygon", "coordinates": [ [ [ 105.8532803, 21.0252019 ], [ 105.8533901, 21.0252752 ], [ 105.8535872, 21.0252263 ], [ 105.8534932, 21.0248074 ], [ 105.8535256, 21.0247906 ], [ 105.853512, 21.0247192 ], [ 105.853466700000013, 21.0247071 ], [ 105.853366, 21.0242399 ], [ 105.8531656, 21.0242838 ], [ 105.8531022, 21.0244094 ], [ 105.8531754, 21.0247547 ], [ 105.8532001, 21.0248643 ], [ 105.8532803, 21.0252019 ] ] ] } },
{ "type": "Feature", "properties": { "element": "way", "id": 619885875, "estimated_height": 12.0 }, "geometry": { "type": "Polygon", "coordinates": [ [ [ 105.8548033, 21.0274221 ], [ 105.8548076, 21.0274717 ], [ 105.8548464, 21.0274999 ], [ 105.8548967, 21.0274945 ], [ 105.8549284, 21.0274583 ], [ 105.8549253, 21.0274306 ], [ 105.8549226, 21.027406 ], [ 105.8548896, 21.0273778 ], [ 105.8548278, 21.0273872 ], [ 105.8548033, 21.0274221 ] ] ] } },
{ "type": "Feature", "properties": { "element": "way", "id": 671052694, "estimated_height": 12.0 }, "geometry": { "type": "Polygon", "coordinates": [ [ [ 105.849467, 21.0324631 ], [ 105.849654700000016, 21.0325652 ], [ 105.8497045, 21.0324854 ], [ 105.8495732, 21.032414 ], [ 105.849613, 21.0323503 ], [ 105.8496206, 21.0323545 ], [ 105.8496581, 21.0322949 ], [ 105.8496359, 21.0322827 ], [ 105.8496403, 21.0322756 ], [ 105.8495754, 21.0322397 ], [ 105.8494905, 21.0323736 ], [ 105.8494731, 21.0323754 ], [ 105.8494561, 21.0324027 ], [ 105.8494923, 21.0324224 ], [ 105.849467, 21.0324631 ] ] ] } },
{ "type": "Feature", "properties": { "element": "way", "id": 671052704, "estimated_height": 12.0 }, "geometry": { "type": "Polygon", "coordinates": [ [ [ 105.84931, 21.0326447 ], [ 105.8493548, 21.0326646 ], [ 105.849416800000014, 21.0325425 ], [ 105.849372, 21.0325227 ], [ 105.84931, 21.0326447 ] ] ] } },
{ "type": "Feature", "properties": { "element": "way", "id": 675364233, "estimated_height": 12.0 }, "geometry": { "type": "Polygon", "coordinates": [ [ [ 105.8539943, 21.0240633 ], [ 105.8538959, 21.0240984 ], [ 105.8539743, 21.02429 ], [ 105.854072700000017, 21.024255 ], [ 105.8539943, 21.0240633 ] ] ] } },
{ "type": "Feature", "properties": { "element": "way", "id": 700853387, "estimated_height": 12.0 }, "geometry": { "type": "Polygon", "coordinates": [ [ [ 105.8565828, 21.0286007 ], [ 105.8566093, 21.0284717 ], [ 105.8567076, 21.0284893 ], [ 105.8566811, 21.0286182 ], [ 105.8565828, 21.0286007 ] ] ] } },
{ "type": "Feature", "properties": { "element": "way", "id": 700853388, "estimated_height": 42.0 }, "geometry": { "type": "Polygon", "coordinates": [ [ [ 105.8567996, 21.0287845 ], [ 105.8568291, 21.0286525 ], [ 105.856577, 21.0286162 ], [ 105.8565562, 21.0286256 ], [ 105.8565461, 21.0286362 ], [ 105.8565441, 21.0286475 ], [ 105.856580300000019, 21.0287445 ], [ 105.8567996, 21.0287845 ] ] ] } },
{ "type": "Feature", "properties": { "element": "way", "id": 700853389, "estimated_height": 52.5 }, "geometry": { "type": "Polygon", "coordinates": [ [ [ 105.856151, 21.0298991 ], [ 105.8561597, 21.029742 ], [ 105.8565091, 21.0297601 ], [ 105.8565111, 21.0297802 ], [ 105.856523200000012, 21.0297933 ], [ 105.8565265, 21.0298177 ], [ 105.8565299, 21.0298415 ], [ 105.8565198, 21.0298978 ], [ 105.8564843, 21.0299542 ], [ 105.8564588, 21.0299548 ], [ 105.8564528, 21.0299761 ], [ 105.8562925, 21.0299661 ], [ 105.8562952, 21.0299298 ], [ 105.8562657, 21.0299291 ], [ 105.856267, 21.0299022 ], [ 105.856151, 21.0298991 ] ] ] } },
{ "type": "Feature", "properties": { "element": "way", "id": 700853390, "estimated_height": 12.0 }, "geometry": { "type": "Polygon", "coordinates": [ [ [ 105.8564947, 21.0296149 ], [ 105.8565144, 21.0293942 ], [ 105.856195, 21.0293694 ], [ 105.8561753, 21.0295901 ], [ 105.8564947, 21.0296149 ] ] ] } },
{ "type": "Feature", "properties": { "element": "way", "id": 700853391, "estimated_height": 35.0 }, "geometry": { "type": "Polygon", "coordinates": [ [ [ 105.8562144, 21.0293356 ], [ 105.8562334, 21.0290946 ], [ 105.8563766, 21.0291044 ], [ 105.8564086, 21.0291314 ], [ 105.8564835, 21.0293541 ], [ 105.8562144, 21.0293356 ] ] ] } },
{ "type": "Feature", "properties": { "element": "way", "id": 700853393, "estimated_height": 12.0 }, "geometry": { "type": "Polygon", "coordinates": [ [ [ 105.8544181, 21.0289902 ], [ 105.8544895, 21.0289949 ], [ 105.8544829, 21.0290851 ], [ 105.8544385, 21.0290823 ], [ 105.8544376, 21.029096 ], [ 105.8544975, 21.0290999 ], [ 105.8544919, 21.0291769 ], [ 105.8540278, 21.0291471 ], [ 105.8540276, 21.0291497 ], [ 105.8539586, 21.0291453 ], [ 105.8539605, 21.0291188 ], [ 105.8539613, 21.0291079 ], [ 105.8539745, 21.0289283 ], [ 105.854074700000012, 21.0289347 ], [ 105.8540737, 21.0289486 ], [ 105.8541086, 21.0289508 ], [ 105.854105, 21.0290011 ], [ 105.8541191, 21.029002 ], [ 105.8541231, 21.0289479 ], [ 105.8541906, 21.0289522 ], [ 105.8541894, 21.0289685 ], [ 105.8542588, 21.0289729 ], [ 105.8542524, 21.0290599 ], [ 105.8542157, 21.0290575 ], [ 105.854214, 21.0290801 ], [ 105.8543368, 21.029088 ], [ 105.8543379, 21.0290738 ], [ 105.854326, 21.0290732 ], [ 105.8543297, 21.0290225 ], [ 105.8543489, 21.0290237 ], [ 105.8543531, 21.0289669 ], [ 105.8544194, 21.0289712 ], [ 105.8544181, 21.0289902 ] ] ] } },
{ "type": "Feature", "properties": { "element": "way", "id": 700853397, "estimated_height": 12.0 }, "geometry": { "type": "Polygon", "coordinates": [ [ [ 105.855087400000016, 21.0292506 ], [ 105.8551088, 21.0289969 ], [ 105.8552629, 21.0290082 ], [ 105.855255, 21.0291021 ], [ 105.8551767, 21.0290964 ], [ 105.8551685, 21.0291945 ], [ 105.8552177, 21.0291981 ], [ 105.8551979, 21.029259 ], [ 105.855087400000016, 21.0292506 ] ] ] } },
{ "type": "Feature", "properties": { "element": "way", "id": 700853400, "estimated_height": 12.0 }, "geometry": { "type": "Polygon", "coordinates": [ [ [ 105.8546922, 21.0300589 ], [ 105.8546965, 21.029943 ], [ 105.8548264, 21.0299471 ], [ 105.8548221, 21.0300631 ], [ 105.8546922, 21.0300589 ] ] ] } },
{ "type": "Feature", "properties": { "element": "way", "id": 700853401, "estimated_height": 12.0 }, "geometry": { "type": "Polygon", "coordinates": [ [ [ 105.8543661, 21.0300391 ], [ 105.854374, 21.0298419 ], [ 105.8545491, 21.029848 ], [ 105.8545412, 21.0300452 ], [ 105.8543661, 21.0300391 ] ] ] } },
{ "type": "Feature", "properties": { "element": "way", "id": 700853403, "estimated_height": 14.0 }, "geometry": { "type": "Polygon", "coordinates": [ [ [ 105.8556236, 21.0302998 ], [ 105.855701, 21.0303231 ], [ 105.8556775, 21.0303912 ], [ 105.8556615, 21.0303864 ], [ 105.855616200000014, 21.0305176 ], [ 105.8555922, 21.0305104 ], [ 105.855557, 21.0306122 ], [ 105.8550752, 21.0304673 ], [ 105.855114300000011, 21.0303541 ], [ 105.8555251, 21.0304777 ], [ 105.8555622, 21.0303702 ], [ 105.85514040000001, 21.0302433 ], [ 105.8551939, 21.0300884 ], [ 105.8553472, 21.0301345 ], [ 105.855327700000018, 21.0301911 ], [ 105.8555636, 21.0302621 ], [ 105.8555611, 21.0302693 ], [ 105.8556273, 21.0302892 ], [ 105.8556236, 21.0302998 ] ] ] } },
{ "type": "Feature", "properties": { "element": "way", "id": 700853410, "estimated_height": 12.0 }, "geometry": { "type": "Polygon", "coordinates": [ [ [ 105.853725900000015, 21.0310718 ], [ 105.8537329, 21.0310472 ], [ 105.8537686, 21.031056 ], [ 105.8537616, 21.0310806 ], [ 105.853725900000015, 21.0310718 ] ] ] } },
{ "type": "Feature", "properties": { "element": "way", "id": 700853413, "estimated_height": 12.0 }, "geometry": { "type": "Polygon", "coordinates": [ [ [ 105.8547571, 21.0320555 ], [ 105.8547467, 21.0321263 ], [ 105.8546615, 21.0321154 ], [ 105.854672, 21.0320446 ], [ 105.8547571, 21.0320555 ] ] ] } },
{ "type": "Feature", "properties": { "element": "way", "id": 701605944, "estimated_height": 12.0 }, "geometry": { "type": "Polygon", "coordinates": [ [ [ 105.8494607, 21.027251 ], [ 105.8495598, 21.0272715 ], [ 105.8495108, 21.027478 ], [ 105.8494116, 21.0274575 ], [ 105.8494607, 21.027251 ] ] ] } },
{ "type": "Feature", "properties": { "element": "way", "id": 701605945, "estimated_height": 12.0 }, "geometry": { "type": "Polygon", "coordinates": [ [ [ 105.8512232, 21.0262641 ], [ 105.8512539, 21.0263571 ], [ 105.8512137, 21.0263686 ], [ 105.8512225, 21.0263952 ], [ 105.851196, 21.0264028 ], [ 105.8512085, 21.0264407 ], [ 105.8511274, 21.026464 ], [ 105.8511211, 21.0264449 ], [ 105.8508459, 21.026524 ], [ 105.85083, 21.0264758 ], [ 105.8506094, 21.0264044 ], [ 105.8506353, 21.0263347 ], [ 105.8508183, 21.026282 ], [ 105.8508384, 21.0263428 ], [ 105.851193, 21.0262406 ], [ 105.8512027, 21.02627 ], [ 105.8512232, 21.0262641 ] ] ] } },
{ "type": "Feature", "properties": { "element": "way", "id": 701605946, "estimated_height": 12.0 }, "geometry": { "type": "Polygon", "coordinates": [ [ [ 105.8510388, 21.0268257 ], [ 105.8510942, 21.0266808 ], [ 105.8508356, 21.0265946 ], [ 105.8507802, 21.0267396 ], [ 105.8510388, 21.0268257 ] ] ] } },
{ "type": "Feature", "properties": { "element": "way", "id": 701605947, "estimated_height": 12.0 }, "geometry": { "type": "Polygon", "coordinates": [ [ [ 105.8508078, 21.0266075 ], [ 105.8505727, 21.0265301 ], [ 105.850521900000018, 21.0266643 ], [ 105.8507545, 21.0267408 ], [ 105.8508078, 21.0266075 ] ] ] } },
{ "type": "Feature", "properties": { "element": "way", "id": 701605949, "estimated_height": 12.0 }, "geometry": { "type": "Polygon", "coordinates": [ [ [ 105.8507311, 21.0270757 ], [ 105.850771, 21.0269546 ], [ 105.8507864, 21.0269583 ], [ 105.850849400000016, 21.0267918 ], [ 105.8504961, 21.0266811 ], [ 105.8504706, 21.0267655 ], [ 105.8507395, 21.0268532 ], [ 105.8507133, 21.0269208 ], [ 105.8505148, 21.0268569 ], [ 105.850521500000013, 21.0268375 ], [ 105.8504572, 21.0268062 ], [ 105.8503834, 21.0269521 ], [ 105.8507311, 21.0270757 ] ] ] } },
{ "type": "Feature", "properties": { "element": "way", "id": 701605951, "estimated_height": 12.0 }, "geometry": { "type": "Polygon", "coordinates": [ [ [ 105.8502688, 21.0273195 ], [ 105.8503123, 21.0272037 ], [ 105.850775100000021, 21.0273567 ], [ 105.8506929, 21.0275774 ], [ 105.8507363, 21.0275944 ], [ 105.8507147, 21.0276524 ], [ 105.8506054, 21.0276237 ], [ 105.8506697, 21.0274672 ], [ 105.8502688, 21.0273195 ] ] ] } },
{ "type": "Feature", "properties": { "element": "way", "id": 701605952, "estimated_height": 12.0 }, "geometry": { "type": "Polygon", "coordinates": [ [ [ 105.8506402, 21.0272725 ], [ 105.8507106, 21.0271167 ], [ 105.8504377, 21.0270297 ], [ 105.8503774, 21.0271868 ], [ 105.8506402, 21.0272725 ] ] ] } },
{ "type": "Feature", "properties": { "element": "way", "id": 701605954, "estimated_height": 12.0 }, "geometry": { "type": "Polygon", "coordinates": [ [ [ 105.850657, 21.0278375 ], [ 105.8507177, 21.0276643 ], [ 105.8506602, 21.0276467 ], [ 105.850629200000014, 21.0277352 ], [ 105.8505309, 21.0277052 ], [ 105.8505623, 21.0276157 ], [ 105.8504516, 21.0275819 ], [ 105.8504222, 21.0276656 ], [ 105.8501497, 21.0275824 ], [ 105.850118, 21.0276728 ], [ 105.850657, 21.0278375 ] ] ] } },
{ "type": "Feature", "properties": { "element": "way", "id": 701605956, "estimated_height": 12.0 }, "geometry": { "type": "Polygon", "coordinates": [ [ [ 105.8505484, 21.0281319 ], [ 105.8504684, 21.0281097 ], [ 105.850482, 21.0280671 ], [ 105.8504415, 21.0280559 ], [ 105.8504583, 21.0280031 ], [ 105.8504984, 21.0280142 ], [ 105.8505058, 21.0279909 ], [ 105.8505861, 21.0280132 ], [ 105.8505484, 21.0281319 ] ] ] } },
{ "type": "Feature", "properties": { "element": "way", "id": 701605957, "estimated_height": 12.0 }, "geometry": { "type": "Polygon", "coordinates": [ [ [ 105.8501708, 21.0278523 ], [ 105.8500749, 21.0278229 ], [ 105.850011, 21.0280041 ], [ 105.8501052, 21.028033 ], [ 105.8500934, 21.0280664 ], [ 105.850432700000013, 21.0281706 ], [ 105.8504622, 21.0280871 ], [ 105.8501246, 21.0279834 ], [ 105.8501708, 21.0278523 ] ] ] } },
{ "type": "Feature", "properties": { "element": "way", "id": 701605958, "estimated_height": 12.0 }, "geometry": { "type": "Polygon", "coordinates": [ [ [ 105.8506587, 21.0278622 ], [ 105.8501264, 21.0277052 ], [ 105.850087, 21.0278214 ], [ 105.8506193, 21.0279784 ], [ 105.8506587, 21.0278622 ] ] ] } },
{ "type": "Feature", "properties": { "element": "way", "id": 701605961, "estimated_height": 12.0 }, "geometry": { "type": "Polygon", "coordinates": [ [ [ 105.8508947, 21.0283795 ], [ 105.8509112, 21.02834 ], [ 105.850735, 21.0282755 ], [ 105.8507184, 21.0283149 ], [ 105.8508947, 21.0283795 ] ] ] } },
{ "type": "Feature", "properties": { "element": "way", "id": 701605962, "estimated_height": 12.0 }, "geometry": { "type": "Polygon", "coordinates": [ [ [ 105.8508798, 21.0284147 ], [ 105.8508947, 21.0283795 ], [ 105.8507184, 21.0283149 ], [ 105.8507036, 21.0283502 ], [ 105.8508798, 21.0284147 ] ] ] } },
{ "type": "Feature", "properties": { "element": "way", "id": 701605963, "estimated_height": 12.0 }, "geometry": { "type": "Polygon", "coordinates": [ [ [ 105.8508539, 21.0284766 ], [ 105.8506776, 21.028412 ], [ 105.8507036, 21.0283502 ], [ 105.8508798, 21.0284147 ], [ 105.8508539, 21.0284766 ] ] ] } },
{ "type": "Feature", "properties": { "element": "way", "id": 701605964, "estimated_height": 12.0 }, "geometry": { "type": "Polygon", "coordinates": [ [ [ 105.8507068, 21.0287767 ], [ 105.8505202, 21.0287019 ], [ 105.8506034, 21.0285212 ], [ 105.8504371, 21.0284545 ], [ 105.8505489, 21.0282118 ], [ 105.8507242, 21.0282821 ], [ 105.8506545, 21.0284333 ], [ 105.8508321, 21.0285046 ], [ 105.8507068, 21.0287767 ] ] ] } },
{ "type": "Feature", "properties": { "element": "way", "id": 701605965, "estimated_height": 12.0 }, "geometry": { "type": "Polygon", "coordinates": [ [ [ 105.8504237, 21.0290052 ], [ 105.8504409, 21.0289671 ], [ 105.8504021, 21.0289518 ], [ 105.8504919, 21.0287528 ], [ 105.8506752, 21.0288248 ], [ 105.8505938, 21.0290053 ], [ 105.8505312, 21.0289807 ], [ 105.8505056, 21.0290374 ], [ 105.8504237, 21.0290052 ] ] ] } },
{ "type": "Feature", "properties": { "element": "way", "id": 701605966, "estimated_height": 12.0 }, "geometry": { "type": "Polygon", "coordinates": [ [ [ 105.8509114, 21.0282926 ], [ 105.8506301, 21.0282004 ], [ 105.8506281, 21.0282056 ], [ 105.8505903, 21.0281932 ], [ 105.850586, 21.0282046 ], [ 105.8505249, 21.0281846 ], [ 105.8505175, 21.0282043 ], [ 105.8504519, 21.0281829 ], [ 105.85047, 21.0281348 ], [ 105.8505627, 21.0281652 ], [ 105.8506482, 21.0279379 ], [ 105.8510013, 21.0280535 ], [ 105.8509114, 21.0282926 ] ] ] } },
{ "type": "Feature", "properties": { "element": "way", "id": 701605968, "estimated_height": 12.0 }, "geometry": { "type": "Polygon", "coordinates": [ [ [ 105.8502919, 21.0287832 ], [ 105.850347500000012, 21.0286313 ], [ 105.8503615, 21.0286358 ], [ 105.8503991, 21.0285331 ], [ 105.850465, 21.0285541 ], [ 105.8504293, 21.0286515 ], [ 105.8504586, 21.0286609 ], [ 105.8504011, 21.028818 ], [ 105.8502919, 21.0287832 ] ] ] } },
{ "type": "Feature", "properties": { "element": "way", "id": 701605969, "estimated_height": 12.0 }, "geometry": { "type": "Polygon", "coordinates": [ [ [ 105.8501306, 21.0288535 ], [ 105.8501789, 21.0286651 ], [ 105.850260700000021, 21.0286871 ], [ 105.8503184, 21.0284949 ], [ 105.8503667, 21.0285106 ], [ 105.8502392, 21.0288823 ], [ 105.8501306, 21.0288535 ] ] ] } },
{ "type": "Feature", "properties": { "element": "way", "id": 701605970, "estimated_height": 12.0 }, "geometry": { "type": "Polygon", "coordinates": [ [ [ 105.8501464, 21.0286445 ], [ 105.8502232, 21.0283963 ], [ 105.8503288, 21.0284248 ], [ 105.850252, 21.028673 ], [ 105.8501464, 21.0286445 ] ] ] } },
{ "type": "Feature", "properties": { "element": "way", "id": 701882879, "estimated_height": 12.0 }, "geometry": { "type": "Polygon", "coordinates": [ [ [ 105.8529147, 21.0250055 ], [ 105.8527029, 21.0250443 ], [ 105.8526975, 21.0249223 ], [ 105.852892, 21.0249129 ], [ 105.8529805, 21.024901 ], [ 105.8530019, 21.0249855 ], [ 105.8529147, 21.0250055 ] ] ] } },
{ "type": "Feature", "properties": { "element": "way", "id": 701882880, "estimated_height": 12.0 }, "geometry": { "type": "Polygon", "coordinates": [ [ [ 105.8527379, 21.0245068 ], [ 105.8527069, 21.0244057 ], [ 105.8526141, 21.0244305 ], [ 105.8526451, 21.0245316 ], [ 105.8527379, 21.0245068 ] ] ] } },
{ "type": "Feature", "properties": { "element": "way", "id": 701882881, "estimated_height": 12.0 }, "geometry": { "type": "Polygon", "coordinates": [ [ [ 105.8525864, 21.0247743 ], [ 105.8524994, 21.0244732 ], [ 105.8525966, 21.0244487 ], [ 105.8526837, 21.0247498 ], [ 105.8525864, 21.0247743 ] ] ] } },
{ "type": "Feature", "properties": { "element": "way", "id": 701882882, "estimated_height": 12.0 }, "geometry": { "type": "Polygon", "coordinates": [ [ [ 105.8523522, 21.0247871 ], [ 105.852548, 21.0247245 ], [ 105.8524695, 21.0244829 ], [ 105.8524447, 21.024481 ], [ 105.8522636, 21.0245417 ], [ 105.8523522, 21.0247871 ] ] ] } },
{ "type": "Feature", "properties": { "element": "way", "id": 701882884, "estimated_height": 12.0 }, "geometry": { "type": "Polygon", "coordinates": [ [ [ 105.8514622, 21.0243053 ], [ 105.8514094, 21.0241427 ], [ 105.8515688, 21.0240977 ], [ 105.8516215, 21.0242603 ], [ 105.8514622, 21.0243053 ] ] ] } },
{ "type": "Feature", "properties": { "element": "way", "id": 701882885, "estimated_height": 28.0 }, "geometry": { "type": "Polygon", "coordinates": [ [ [ 105.851431300000016, 21.0244958 ], [ 105.8513824, 21.0243494 ], [ 105.8516621, 21.0242722 ], [ 105.8516637, 21.0242816 ], [ 105.8518105, 21.0242394 ], [ 105.8518549, 21.024374 ], [ 105.851431300000016, 21.0244958 ] ] ] } },
{ "type": "Feature", "properties": { "element": "way", "id": 701882886, "estimated_height": 12.0 }, "geometry": { "type": "Polygon", "coordinates": [ [ [ 105.8519823, 21.0247957 ], [ 105.851932, 21.0246374 ], [ 105.8519806, 21.0246239 ], [ 105.8520309, 21.0247822 ], [ 105.8519823, 21.0247957 ] ] ] } },
{ "type": "Feature", "properties": { "element": "way", "id": 701882887, "estimated_height": 12.0 }, "geometry": { "type": "Polygon", "coordinates": [ [ [ 105.8519823, 21.0247957 ], [ 105.8518126, 21.0248427 ], [ 105.8517623, 21.0246844 ], [ 105.851932, 21.0246374 ], [ 105.8519823, 21.0247957 ] ] ] } },
{ "type": "Feature", "properties": { "element": "way", "id": 701882888, "estimated_height": 12.0 }, "geometry": { "type": "Polygon", "coordinates": [ [ [ 105.8518126, 21.0248427 ], [ 105.8517623, 21.0246844 ], [ 105.8515448, 21.024747 ], [ 105.8515368, 21.0247683 ], [ 105.8515797, 21.0249035 ], [ 105.8518126, 21.0248427 ] ] ] } },
{ "type": "Feature", "properties": { "element": "way", "id": 701882890, "estimated_height": 12.0 }, "geometry": { "type": "Polygon", "coordinates": [ [ [ 105.8520457, 21.0250888 ], [ 105.8520628, 21.0250535 ], [ 105.8520994, 21.0250689 ], [ 105.8520823, 21.0251043 ], [ 105.8520457, 21.0250888 ] ] ] } },
{ "type": "Feature", "properties": { "element": "way", "id": 701882891, "estimated_height": 12.0 }, "geometry": { "type": "Polygon", "coordinates": [ [ [ 105.8520244, 21.0250897 ], [ 105.8519455, 21.025052 ], [ 105.8520138, 21.0249273 ], [ 105.8520927, 21.0249649 ], [ 105.8520244, 21.0250897 ] ] ] } },
{ "type": "Feature", "properties": { "element": "way", "id": 701882892, "estimated_height": 12.0 }, "geometry": { "type": "Polygon", "coordinates": [ [ [ 105.8521252, 21.0250867 ], [ 105.8521795, 21.0249957 ], [ 105.8522018, 21.0250073 ], [ 105.8521932, 21.0250218 ], [ 105.8522777, 21.0250657 ], [ 105.8522911, 21.0250432 ], [ 105.8523701, 21.0250843 ], [ 105.8522904, 21.0252179 ], [ 105.852213300000017, 21.0251778 ], [ 105.8522435, 21.0251272 ], [ 105.8521533, 21.0250804 ], [ 105.8521437, 21.0250963 ], [ 105.8521252, 21.0250867 ] ] ] } },
{ "type": "Feature", "properties": { "element": "way", "id": 701882893, "estimated_height": 12.0 }, "geometry": { "type": "Polygon", "coordinates": [ [ [ 105.8517172, 21.0252843 ], [ 105.8516824, 21.0251167 ], [ 105.851812, 21.0250942 ], [ 105.8518242, 21.025134 ], [ 105.8518837, 21.0251337 ], [ 105.8518921, 21.0252466 ], [ 105.8518562, 21.025249 ], [ 105.8518582, 21.0252751 ], [ 105.8517172, 21.0252843 ] ] ] } },
{ "type": "Feature", "properties": { "element": "way", "id": 701882896, "estimated_height": 12.0 }, "geometry": { "type": "Polygon", "coordinates": [ [ [ 105.8520077, 21.0257438 ], [ 105.851956, 21.0255635 ], [ 105.8520284, 21.0255704 ], [ 105.8520204, 21.0254427 ], [ 105.8517166, 21.0254533 ], [ 105.851802600000013, 21.0257048 ], [ 105.8518326, 21.0257926 ], [ 105.8520077, 21.0257438 ] ] ] } },
{ "type": "Feature", "properties": { "element": "way", "id": 701882898, "estimated_height": 12.0 }, "geometry": { "type": "Polygon", "coordinates": [ [ [ 105.8508421, 21.025865 ], [ 105.8509254, 21.0258434 ], [ 105.8509564, 21.0259476 ], [ 105.8511844, 21.0258885 ], [ 105.8511477, 21.0257651 ], [ 105.8512137, 21.025748 ], [ 105.8512428, 21.0258458 ], [ 105.8512438, 21.0258606 ], [ 105.8512424, 21.0258843 ], [ 105.851253, 21.0259516 ], [ 105.8508984, 21.0260545 ], [ 105.8508421, 21.025865 ] ] ] } },
{ "type": "Feature", "properties": { "element": "way", "id": 701882899, "estimated_height": 12.0 }, "geometry": { "type": "Polygon", "coordinates": [ [ [ 105.85074010000001, 21.0255417 ], [ 105.8510026, 21.02547 ], [ 105.8509653, 21.0253511 ], [ 105.8509962, 21.0253427 ], [ 105.8509849, 21.0253067 ], [ 105.851143, 21.0252636 ], [ 105.851195, 21.0254293 ], [ 105.8511535, 21.0254406 ], [ 105.8512431, 21.0257264 ], [ 105.850833, 21.0258384 ], [ 105.85074010000001, 21.0255417 ] ] ] } },
{ "type": "Feature", "properties": { "element": "way", "id": 701882902, "estimated_height": 12.0 }, "geometry": { "type": "Polygon", "coordinates": [ [ [ 105.8508817, 21.0252035 ], [ 105.8509731, 21.025473 ], [ 105.8508487, 21.0255098 ], [ 105.8507573, 21.0252402 ], [ 105.8508817, 21.0252035 ] ] ] } },
{ "type": "Feature", "properties": { "element": "way", "id": 701882903, "estimated_height": 12.0 }, "geometry": { "type": "Polygon", "coordinates": [ [ [ 105.8504411, 21.0253323 ], [ 105.8504057, 21.025233 ], [ 105.85083, 21.0251012 ], [ 105.8508654, 21.0252005 ], [ 105.8504411, 21.0253323 ] ] ] } },
{ "type": "Feature", "properties": { "element": "way", "id": 701882904, "estimated_height": 12.0 }, "geometry": { "type": "Polygon", "coordinates": [ [ [ 105.8504222, 21.0255192 ], [ 105.8503877, 21.0254169 ], [ 105.8504855, 21.0253882 ], [ 105.8505179, 21.0254842 ], [ 105.8507736, 21.0254091 ], [ 105.8508015, 21.0254918 ], [ 105.8505295, 21.0255717 ], [ 105.850503800000013, 21.0254952 ], [ 105.8504222, 21.0255192 ] ] ] } },
{ "type": "Feature", "properties": { "element": "way", "id": 701882905, "estimated_height": 12.0 }, "geometry": { "type": "Polygon", "coordinates": [ [ [ 105.850433900000013, 21.0256025 ], [ 105.8504143, 21.025542 ], [ 105.8503586, 21.0255577 ], [ 105.8503782, 21.0256182 ], [ 105.850433900000013, 21.0256025 ] ] ] } },
{ "type": "Feature", "properties": { "element": "way", "id": 701882906, "estimated_height": 12.0 }, "geometry": { "type": "Polygon", "coordinates": [ [ [ 105.8498802, 21.0253582 ], [ 105.8498522, 21.0252813 ], [ 105.8503756, 21.025115 ], [ 105.8504036, 21.0251919 ], [ 105.8498802, 21.0253582 ] ] ] } },
{ "type": "Feature", "properties": { "element": "way", "id": 701882907, "estimated_height": 12.0 }, "geometry": { "type": "Polygon", "coordinates": [ [ [ 105.850257900000017, 21.025605 ], [ 105.8501186, 21.025647 ], [ 105.8501356, 21.0256963 ], [ 105.8503102, 21.0256437 ], [ 105.850346700000017, 21.025744 ], [ 105.8500603, 21.0258292 ], [ 105.8499199, 21.025422 ], [ 105.8502841, 21.0253121 ], [ 105.850309700000011, 21.0253862 ], [ 105.8500517, 21.025464 ], [ 105.8500901, 21.025575 ], [ 105.850233, 21.0255319 ], [ 105.850257900000017, 21.025605 ] ] ] } },
{ "type": "Feature", "properties": { "element": "way", "id": 701882909, "estimated_height": 12.0 }, "geometry": { "type": "Polygon", "coordinates": [ [ [ 105.8502706, 21.0262706 ], [ 105.8501841, 21.0260296 ], [ 105.8500996, 21.0260522 ], [ 105.850172, 21.0262681 ], [ 105.8501888, 21.0262813 ], [ 105.8502102, 21.0262875 ], [ 105.8502706, 21.0262706 ] ] ] } },
{ "type": "Feature", "properties": { "element": "way", "id": 701882928, "estimated_height": 12.0 }, "geometry": { "type": "Polygon", "coordinates": [ [ [ 105.8490219, 21.027117 ], [ 105.8489417, 21.0268713 ], [ 105.8491489, 21.02681 ], [ 105.8491255, 21.0267343 ], [ 105.8493005, 21.0266886 ], [ 105.8493353, 21.02681 ], [ 105.8493695, 21.0268006 ], [ 105.8494493, 21.0270841 ], [ 105.8493659, 21.027153 ], [ 105.8492478, 21.027153 ], [ 105.8492247, 21.027061 ], [ 105.8490219, 21.027117 ] ] ] } },
{ "type": "Feature", "properties": { "element": "way", "id": 701882942, "estimated_height": 12.0 }, "geometry": { "type": "Polygon", "coordinates": [ [ [ 105.8494873, 21.0279984 ], [ 105.8495331, 21.027822 ], [ 105.849096, 21.0277229 ], [ 105.849050300000016, 21.0278986 ], [ 105.849102, 21.0279103 ], [ 105.8491128, 21.0278686 ], [ 105.8494546, 21.027946 ], [ 105.8494435, 21.0279885 ], [ 105.8494873, 21.0279984 ] ] ] } },
{ "type": "Feature", "properties": { "element": "way", "id": 701882948, "estimated_height": 12.0 }, "geometry": { "type": "Polygon", "coordinates": [ [ [ 105.8506893, 21.0310573 ], [ 105.8506746, 21.0311055 ], [ 105.8505941, 21.0310873 ], [ 105.8505901, 21.0311111 ], [ 105.8505223, 21.0310961 ], [ 105.850527, 21.0310704 ], [ 105.8504607, 21.0310585 ], [ 105.8504861, 21.0309252 ], [ 105.8503936, 21.0309083 ], [ 105.8504412, 21.030862 ], [ 105.8503064, 21.0307606 ], [ 105.8503674, 21.0306962 ], [ 105.8505062, 21.0308044 ], [ 105.8505257, 21.0307838 ], [ 105.8505726, 21.03074 ], [ 105.8505981, 21.030668 ], [ 105.8506609, 21.0306172 ], [ 105.8506774, 21.0306135 ], [ 105.8507, 21.0306135 ], [ 105.85071480000002, 21.0305954 ], [ 105.850749, 21.0305998 ], [ 105.850755800000016, 21.0305701 ], [ 105.8507577, 21.0305585 ], [ 105.8507886, 21.030561 ], [ 105.8507919, 21.0305316 ], [ 105.8508181, 21.0305347 ], [ 105.850935, 21.0305607 ], [ 105.8509032, 21.0307137 ], [ 105.8508236, 21.0307496 ], [ 105.850751, 21.0310673 ], [ 105.8506893, 21.0310573 ] ] ] } },
{ "type": "Feature", "properties": { "element": "way", "id": 701882949, "estimated_height": 12.0 }, "geometry": { "type": "Polygon", "coordinates": [ [ [ 105.8501569, 21.0297301 ], [ 105.8498593, 21.0295425 ], [ 105.8499373, 21.0294347 ], [ 105.8502349, 21.0296223 ], [ 105.8501569, 21.0297301 ] ] ] } },
{ "type": "Feature", "properties": { "element": "way", "id": 701882950, "estimated_height": 12.0 }, "geometry": { "type": "Polygon", "coordinates": [ [ [ 105.8500571, 21.0292699 ], [ 105.850088, 21.0291782 ], [ 105.8503799, 21.029269 ], [ 105.8503989, 21.029302 ], [ 105.850370400000017, 21.0293744 ], [ 105.8502903, 21.029343 ], [ 105.8502796, 21.0293715 ], [ 105.8501253, 21.0293233 ], [ 105.8501348, 21.0292985 ], [ 105.8500571, 21.0292699 ] ] ] } },
{ "type": "Feature", "properties": { "element": "way", "id": 701882953, "estimated_height": 12.0 }, "geometry": { "type": "Polygon", "coordinates": [ [ [ 105.8511458, 21.0288761 ], [ 105.8510533, 21.0288661 ], [ 105.8510473, 21.0288147 ], [ 105.850997, 21.0288047 ], [ 105.8509849, 21.028754 ], [ 105.8509158, 21.028724 ], [ 105.8510553, 21.0284242 ], [ 105.8511854, 21.0284517 ], [ 105.8512263, 21.0284605 ], [ 105.8512437, 21.0285375 ], [ 105.8512813, 21.0287665 ], [ 105.8511867, 21.0287784 ], [ 105.85117, 21.0288366 ], [ 105.8511606, 21.0288391 ], [ 105.8511458, 21.0288761 ] ] ] } },
{ "type": "Feature", "properties": { "element": "way", "id": 701882954, "estimated_height": 12.0 }, "geometry": { "type": "Polygon", "coordinates": [ [ [ 105.8511453, 21.028983 ], [ 105.851187, 21.0287974 ], [ 105.8512858, 21.0288167 ], [ 105.8512442, 21.0290023 ], [ 105.8511453, 21.028983 ] ] ] } },
{ "type": "Feature", "properties": { "element": "way", "id": 701882966, "estimated_height": 12.0 }, "geometry": { "type": "Polygon", "coordinates": [ [ [ 105.8508254, 21.0289073 ], [ 105.850863, 21.0288284 ], [ 105.850896, 21.0288421 ], [ 105.8508584, 21.028921 ], [ 105.8508254, 21.0289073 ] ] ] } },
{ "type": "Feature", "properties": { "element": "way", "id": 701882967, "estimated_height": 12.0 }, "geometry": { "type": "Polygon", "coordinates": [ [ [ 105.851168, 21.0291337 ], [ 105.8511784, 21.0290944 ], [ 105.8512221, 21.0291045 ], [ 105.8512117, 21.0291437 ], [ 105.851168, 21.0291337 ] ] ] } },
{ "type": "Feature", "properties": { "element": "way", "id": 701882969, "estimated_height": 12.0 }, "geometry": { "type": "Polygon", "coordinates": [ [ [ 105.85076380000001, 21.0298657 ], [ 105.8508491, 21.0297121 ], [ 105.8506682, 21.0296246 ], [ 105.850583, 21.0297782 ], [ 105.85076380000001, 21.0298657 ] ] ] } },
{ "type": "Feature", "properties": { "element": "way", "id": 701882970, "estimated_height": 12.0 }, "geometry": { "type": "Polygon", "coordinates": [ [ [ 105.8509292, 21.0302912 ], [ 105.8507408, 21.030161 ], [ 105.8508179, 21.0300646 ], [ 105.8508307, 21.030074 ], [ 105.8508843, 21.0300039 ], [ 105.8508997, 21.0300114 ], [ 105.850944, 21.0298287 ], [ 105.8510707, 21.0298593 ], [ 105.851003, 21.0302042 ], [ 105.8509292, 21.0302912 ] ] ] } },
{ "type": "Feature", "properties": { "element": "way", "id": 701882971, "estimated_height": 12.0 }, "geometry": { "type": "Polygon", "coordinates": [ [ [ 105.8509379, 21.0290114 ], [ 105.8509221, 21.0290431 ], [ 105.8509072, 21.029073 ], [ 105.8507708, 21.0290137 ], [ 105.8507846, 21.0289861 ], [ 105.8508015, 21.0289522 ], [ 105.8509379, 21.0290114 ] ] ] } },
{ "type": "Feature", "properties": { "element": "way", "id": 701882972, "estimated_height": 12.0 }, "geometry": { "type": "Polygon", "coordinates": [ [ [ 105.8505924, 21.0296888 ], [ 105.8507382, 21.0294417 ], [ 105.8506021, 21.0293718 ], [ 105.8505616, 21.0294405 ], [ 105.8505967, 21.0294585 ], [ 105.8504915, 21.0296369 ], [ 105.8505924, 21.0296888 ] ] ] } },
{ "type": "Feature", "properties": { "element": "way", "id": 701882973, "estimated_height": 12.0 }, "geometry": { "type": "Polygon", "coordinates": [ [ [ 105.8503833, 21.0299223 ], [ 105.8502914, 21.0298593 ], [ 105.8504382, 21.0296725 ], [ 105.8505301, 21.0297354 ], [ 105.8503833, 21.0299223 ] ] ] } },
{ "type": "Feature", "properties": { "element": "way", "id": 704134564, "estimated_height": 7.0 }, "geometry": { "type": "Polygon", "coordinates": [ [ [ 105.848417, 21.0254305 ], [ 105.8483732, 21.0253011 ], [ 105.8483903, 21.025296 ], [ 105.8483737, 21.0252468 ], [ 105.8488508, 21.0251063 ], [ 105.8488637, 21.0251443 ], [ 105.849462, 21.0249681 ], [ 105.8495095, 21.0251087 ], [ 105.848417, 21.0254305 ] ] ] } },
{ "type": "Feature", "properties": { "element": "way", "id": 704147257, "estimated_height": 12.0 }, "geometry": { "type": "Polygon", "coordinates": [ [ [ 105.858432, 21.0245512 ], [ 105.8584535, 21.0244551 ], [ 105.8585056, 21.0244653 ], [ 105.8585019, 21.0244817 ], [ 105.8588917, 21.0245577 ], [ 105.8588986, 21.024527 ], [ 105.858968500000017, 21.0245407 ], [ 105.8589584, 21.024586 ], [ 105.858975300000012, 21.0245892 ], [ 105.8589606, 21.0246548 ], [ 105.858909, 21.0246447 ], [ 105.858893, 21.0247164 ], [ 105.858762, 21.0246909 ], [ 105.8587782, 21.0246187 ], [ 105.858432, 21.0245512 ] ] ] } },
{ "type": "Feature", "properties": { "element": "way", "id": 704147258, "estimated_height": 17.5 }, "geometry": { "type": "Polygon", "coordinates": [ [ [ 105.8573094, 21.0251265 ], [ 105.8572525, 21.0250647 ], [ 105.857364700000019, 21.0249683 ], [ 105.8574239, 21.0250287 ], [ 105.8573094, 21.0251265 ] ] ] } },
{ "type": "Feature", "properties": { "element": "way", "id": 704147259, "estimated_height": 31.5 }, "geometry": { "type": "Polygon", "coordinates": [ [ [ 105.8571083, 21.0252102 ], [ 105.8571204, 21.0251705 ], [ 105.8571435, 21.0250948 ], [ 105.8572399, 21.02512 ], [ 105.8572327, 21.0251439 ], [ 105.8572624, 21.0251516 ], [ 105.8572349, 21.0252433 ], [ 105.8571083, 21.0252102 ] ] ] } },
{ "type": "Feature", "properties": { "element": "way", "id": 704147260, "estimated_height": 21.0 }, "geometry": { "type": "Polygon", "coordinates": [ [ [ 105.8574273, 21.0252929 ], [ 105.8574767, 21.0252494 ], [ 105.8575862, 21.0251569 ], [ 105.8577101, 21.0252824 ], [ 105.8576876, 21.0253558 ], [ 105.8574273, 21.0252929 ] ] ] } },
{ "type": "Feature", "properties": { "element": "way", "id": 704147263, "estimated_height": 12.0 }, "geometry": { "type": "Polygon", "coordinates": [ [ [ 105.8567492, 21.0246759 ], [ 105.8566985, 21.0246631 ], [ 105.8566656, 21.024629 ], [ 105.8566539, 21.0245896 ], [ 105.8565596, 21.0246214 ], [ 105.856615, 21.024795 ], [ 105.856435600000012, 21.0248448 ], [ 105.8564449, 21.0248734 ], [ 105.8564045, 21.0248847 ], [ 105.856448, 21.0250129 ], [ 105.8564796, 21.0250037 ], [ 105.8564965, 21.0250542 ], [ 105.8566361, 21.0250135 ], [ 105.8567048, 21.0248181 ], [ 105.8567492, 21.0246759 ] ] ] } },
{ "type": "Feature", "properties": { "element": "way", "id": 704147269, "estimated_height": 12.0 }, "geometry": { "type": "Polygon", "coordinates": [ [ [ 105.8559059, 21.0241193 ], [ 105.8558825, 21.0240477 ], [ 105.856478200000012, 21.0238778 ], [ 105.8565017, 21.0239494 ], [ 105.8559059, 21.0241193 ] ] ] } },
{ "type": "Feature", "properties": { "element": "way", "id": 704147270, "estimated_height": 12.0 }, "geometry": { "type": "Polygon", "coordinates": [ [ [ 105.855788, 21.0237841 ], [ 105.8558777, 21.0240542 ], [ 105.8557419, 21.0240934 ], [ 105.8556522, 21.0238233 ], [ 105.855788, 21.0237841 ] ] ] } },
{ "type": "Feature", "properties": { "element": "way", "id": 704147384, "estimated_height": 12.0 }, "geometry": { "type": "Polygon", "coordinates": [ [ [ 105.8506003, 21.0243919 ], [ 105.8505495, 21.0242485 ], [ 105.8506574, 21.0242152 ], [ 105.8507082, 21.0243586 ], [ 105.8506003, 21.0243919 ] ] ] } },
{ "type": "Feature", "properties": { "element": "way", "id": 704147385, "estimated_height": 12.0 }, "geometry": { "type": "Polygon", "coordinates": [ [ [ 105.8504699, 21.0245088 ], [ 105.8504549, 21.0244653 ], [ 105.8504916, 21.0244542 ], [ 105.8504338, 21.0242871 ], [ 105.8504939, 21.024269 ], [ 105.8505667, 21.0244796 ], [ 105.8504699, 21.0245088 ] ] ] } },
{ "type": "Feature", "properties": { "element": "way", "id": 704147386, "estimated_height": 12.0 }, "geometry": { "type": "Polygon", "coordinates": [ [ [ 105.8503142, 21.0247802 ], [ 105.8502703, 21.0246499 ], [ 105.8506413, 21.0245411 ], [ 105.8506852, 21.0246715 ], [ 105.8503142, 21.0247802 ] ] ] } },
{ "type": "Feature", "properties": { "element": "way", "id": 704147387, "estimated_height": 12.0 }, "geometry": { "type": "Polygon", "coordinates": [ [ [ 105.8497868, 21.0249267 ], [ 105.8497331, 21.0247606 ], [ 105.8497605, 21.0247529 ], [ 105.8497709, 21.0247853 ], [ 105.850067400000015, 21.0247019 ], [ 105.85008, 21.0246984 ], [ 105.8501231, 21.024832 ], [ 105.8497868, 21.0249267 ] ] ] } },
{ "type": "Feature", "properties": { "element": "way", "id": 704147388, "estimated_height": 12.0 }, "geometry": { "type": "Polygon", "coordinates": [ [ [ 105.8498137, 21.024685 ], [ 105.8499633, 21.0246368 ], [ 105.8499468, 21.024592 ], [ 105.8498124, 21.0246353 ], [ 105.8498217, 21.0246605 ], [ 105.8498064, 21.0246654 ], [ 105.8498137, 21.024685 ] ] ] } },
{ "type": "Feature", "properties": { "element": "way", "id": 704147389, "estimated_height": 12.0 }, "geometry": { "type": "Polygon", "coordinates": [ [ [ 105.8499972, 21.0246976 ], [ 105.8499569, 21.0245775 ], [ 105.8500196, 21.0245592 ], [ 105.8500599, 21.0246793 ], [ 105.8499972, 21.0246976 ] ] ] } },
{ "type": "Feature", "properties": { "element": "way", "id": 704147391, "estimated_height": 12.0 }, "geometry": { "type": "Polygon", "coordinates": [ [ [ 105.8501752, 21.0240613 ], [ 105.850134, 21.023942 ], [ 105.84997, 21.0239914 ], [ 105.8500121, 21.0241131 ], [ 105.8499741, 21.0241245 ], [ 105.8500481, 21.0243385 ], [ 105.8500833, 21.024328 ], [ 105.850024800000014, 21.0241631 ], [ 105.8500254, 21.0241601 ], [ 105.8500518, 21.0241547 ], [ 105.8500341, 21.0241049 ], [ 105.8501752, 21.0240613 ] ] ] } },
{ "type": "Feature", "properties": { "element": "way", "id": 704147392, "estimated_height": 12.0 }, "geometry": { "type": "Polygon", "coordinates": [ [ [ 105.8496651, 21.0241677 ], [ 105.8496319, 21.0240649 ], [ 105.8499485, 21.023976 ], [ 105.8499671, 21.0240339 ], [ 105.8498876, 21.0240562 ], [ 105.8499353, 21.0242042 ], [ 105.8498166, 21.0242375 ], [ 105.849771, 21.0240959 ], [ 105.8497089, 21.0241134 ], [ 105.8497213, 21.0241519 ], [ 105.8496651, 21.0241677 ] ] ] } },
{ "type": "Feature", "properties": { "element": "way", "id": 704147394, "estimated_height": 12.0 }, "geometry": { "type": "Polygon", "coordinates": [ [ [ 105.8500518, 21.0241547 ], [ 105.8500341, 21.0241049 ], [ 105.8501752, 21.0240613 ], [ 105.8502073, 21.0240514 ], [ 105.8502237, 21.0241007 ], [ 105.8500518, 21.0241547 ] ] ] } },
{ "type": "Feature", "properties": { "element": "way", "id": 704147395, "estimated_height": 12.0 }, "geometry": { "type": "Polygon", "coordinates": [ [ [ 105.8504663, 21.0241262 ], [ 105.8504317, 21.0240184 ], [ 105.8504195, 21.0240379 ], [ 105.850376, 21.0240141 ], [ 105.8503787, 21.0239997 ], [ 105.850220100000016, 21.0240464 ], [ 105.850170300000016, 21.0238992 ], [ 105.8504261, 21.0238238 ], [ 105.8504461, 21.0238829 ], [ 105.8504365, 21.0239105 ], [ 105.8504703, 21.0239208 ], [ 105.8505376, 21.0239019 ], [ 105.8505979, 21.0240894 ], [ 105.8504663, 21.0241262 ] ] ] } },
{ "type": "Feature", "properties": { "element": "way", "id": 704147396, "estimated_height": 12.0 }, "geometry": { "type": "Polygon", "coordinates": [ [ [ 105.850169500000021, 21.0243433 ], [ 105.8506632, 21.0242034 ], [ 105.8506245, 21.0240846 ], [ 105.8505979, 21.0240894 ], [ 105.8504663, 21.0241262 ], [ 105.8500775, 21.0242395 ], [ 105.8501011, 21.024312 ], [ 105.850169500000021, 21.0243433 ] ] ] } },
{ "type": "Feature", "properties": { "element": "way", "id": 704147397, "estimated_height": 12.0 }, "geometry": { "type": "Polygon", "coordinates": [ [ [ 105.8496765, 21.0247242 ], [ 105.8495101, 21.0242116 ], [ 105.8496651, 21.0241677 ], [ 105.8497213, 21.0241519 ], [ 105.8497268, 21.0241487 ], [ 105.849753, 21.0242293 ], [ 105.8496548, 21.0242571 ], [ 105.8497956, 21.0246905 ], [ 105.8496765, 21.0247242 ] ] ] } },
{ "type": "Feature", "properties": { "element": "way", "id": 704147398, "estimated_height": 12.0 }, "geometry": { "type": "Polygon", "coordinates": [ [ [ 105.8497396, 21.0244803 ], [ 105.8496661, 21.0242655 ], [ 105.8497581, 21.0242381 ], [ 105.8497759, 21.0242901 ], [ 105.8498369, 21.0243039 ], [ 105.8500054, 21.0242539 ], [ 105.8500354, 21.024342 ], [ 105.8499938, 21.0244046 ], [ 105.8497396, 21.0244803 ] ] ] } },
{ "type": "Feature", "properties": { "element": "way", "id": 704147399, "estimated_height": 12.0 }, "geometry": { "type": "Polygon", "coordinates": [ [ [ 105.8500856, 21.0246746 ], [ 105.8499938, 21.0244046 ], [ 105.8500354, 21.024342 ], [ 105.8500481, 21.0243385 ], [ 105.8500833, 21.024328 ], [ 105.8500984, 21.0243233 ], [ 105.8501776, 21.0243577 ], [ 105.850186, 21.0243815 ], [ 105.8502709, 21.0246219 ], [ 105.8502484, 21.0246288 ], [ 105.8500856, 21.0246746 ] ] ] } },
{ "type": "Feature", "properties": { "element": "way", "id": 704153581, "estimated_height": 12.0 }, "geometry": { "type": "Polygon", "coordinates": [ [ [ 105.8551008, 21.0277482 ], [ 105.8551792, 21.0277388 ], [ 105.8552275, 21.0279992 ], [ 105.8552221, 21.028028 ], [ 105.8551571, 21.0281713 ], [ 105.8551068, 21.0281538 ], [ 105.8551484, 21.0280217 ], [ 105.8551397, 21.0279485 ], [ 105.8551008, 21.0277482 ] ] ] } },
{ "type": "Feature", "properties": { "element": "way", "id": 704153583, "estimated_height": 12.0 }, "geometry": { "type": "Polygon", "coordinates": [ [ [ 105.8546799, 21.0281825 ], [ 105.8546708, 21.0281225 ], [ 105.8549875, 21.0280807 ], [ 105.8549966, 21.0281406 ], [ 105.8546799, 21.0281825 ] ] ] } },
{ "type": "Feature", "properties": { "element": "way", "id": 704153584, "estimated_height": 7.0 }, "geometry": { "type": "Polygon", "coordinates": [ [ [ 105.8549003, 21.0279222 ], [ 105.8548815, 21.0277901 ], [ 105.8550169, 21.0277707 ], [ 105.8550676, 21.0278042 ], [ 105.855111500000021, 21.0281049 ], [ 105.8550059, 21.0281165 ], [ 105.8549713, 21.0279128 ], [ 105.8549003, 21.0279222 ] ] ] } },
{ "type": "Feature", "properties": { "element": "way", "id": 704153585, "estimated_height": 7.0 }, "geometry": { "type": "Polygon", "coordinates": [ [ [ 105.8543483, 21.0280747 ], [ 105.8543182, 21.0278666 ], [ 105.8548263, 21.0278026 ], [ 105.854851100000019, 21.0279742 ], [ 105.8546145, 21.028004 ], [ 105.8546198, 21.0280405 ], [ 105.8543483, 21.0280747 ] ] ] } },
{ "type": "Feature", "properties": { "element": "way", "id": 704153598, "estimated_height": 3.3 }, "geometry": { "type": "Polygon", "coordinates": [ [ [ 105.8544766, 21.0275206 ], [ 105.8544689, 21.0274709 ], [ 105.85452, 21.027464 ], [ 105.8545277, 21.0275138 ], [ 105.8544766, 21.0275206 ] ] ] } },
{ "type": "Feature", "properties": { "element": "way", "id": 704153614, "estimated_height": 12.0 }, "geometry": { "type": "Polygon", "coordinates": [ [ [ 105.8547131, 21.0260293 ], [ 105.8547029, 21.0259991 ], [ 105.8547169, 21.025995 ], [ 105.8547073, 21.0259664 ], [ 105.8546739, 21.0259763 ], [ 105.8546394, 21.0258742 ], [ 105.8546021, 21.0258852 ], [ 105.8545878, 21.0258429 ], [ 105.854541, 21.0258567 ], [ 105.854554900000011, 21.0258977 ], [ 105.8545263, 21.0259062 ], [ 105.8545283, 21.0259122 ], [ 105.8544968, 21.0259215 ], [ 105.8545533, 21.0260887 ], [ 105.8546475, 21.026061 ], [ 105.854643700000011, 21.0260498 ], [ 105.8547131, 21.0260293 ] ] ] } },
{ "type": "Feature", "properties": { "element": "way", "id": 704153616, "estimated_height": 7.0 }, "geometry": { "type": "Polygon", "coordinates": [ [ [ 105.8552916, 21.0268482 ], [ 105.8554312, 21.0268085 ], [ 105.855379, 21.0266486 ], [ 105.8553508, 21.0265623 ], [ 105.8552955, 21.026393 ], [ 105.8551619, 21.026431 ], [ 105.8552086, 21.0265741 ], [ 105.8551335, 21.0265955 ], [ 105.8551804, 21.026739 ], [ 105.8552495, 21.0267193 ], [ 105.8552916, 21.0268482 ] ] ] } },
{ "type": "Feature", "properties": { "element": "way", "id": 704153618, "estimated_height": 12.0 }, "geometry": { "type": "Polygon", "coordinates": [ [ [ 105.8537678, 21.0263343 ], [ 105.8539766, 21.026312 ], [ 105.8539804, 21.0263434 ], [ 105.8540845, 21.0263323 ], [ 105.8541492, 21.0268598 ], [ 105.854066, 21.0268687 ], [ 105.854063, 21.0268444 ], [ 105.8538206, 21.0268703 ], [ 105.8538058, 21.0267501 ], [ 105.8537806, 21.0267528 ], [ 105.8537554, 21.0265476 ], [ 105.8537354, 21.0263844 ], [ 105.8537735, 21.0263803 ], [ 105.8537678, 21.0263343 ] ] ] } },
{ "type": "Feature", "properties": { "element": "way", "id": 704153619, "estimated_height": 12.0 }, "geometry": { "type": "Polygon", "coordinates": [ [ [ 105.8540154, 21.0261725 ], [ 105.8539927, 21.0261007 ], [ 105.8540571, 21.026083 ], [ 105.854043, 21.0260385 ], [ 105.8540978, 21.0260234 ], [ 105.8541102, 21.0260625 ], [ 105.854157, 21.0260496 ], [ 105.8541814, 21.0261267 ], [ 105.8540154, 21.0261725 ] ] ] } },
{ "type": "Feature", "properties": { "element": "way", "id": 704153620, "estimated_height": 12.0 }, "geometry": { "type": "Polygon", "coordinates": [ [ [ 105.8538934, 21.0259882 ], [ 105.853587, 21.0260946 ], [ 105.8535387, 21.0261265 ], [ 105.8535307, 21.0261566 ], [ 105.8535333, 21.0261954 ], [ 105.853555900000018, 21.0263279 ], [ 105.8535461, 21.0263293 ], [ 105.853600500000013, 21.0266756 ], [ 105.853654, 21.0270373 ], [ 105.8538263, 21.0270135 ], [ 105.8537928, 21.0267687 ], [ 105.8537592, 21.0267719 ], [ 105.8537257, 21.0265547 ], [ 105.8537498, 21.0265522 ], [ 105.8537144, 21.0263093 ], [ 105.8537875, 21.0262993 ], [ 105.8538116, 21.0262617 ], [ 105.8539819, 21.0262048 ], [ 105.8538934, 21.0259882 ] ] ] } },
{ "type": "Feature", "properties": { "element": "way", "id": 704153622, "estimated_height": 12.0 }, "geometry": { "type": "Polygon", "coordinates": [ [ [ 105.854176800000019, 21.0260215 ], [ 105.8541341, 21.0259096 ], [ 105.8542012, 21.0258873 ], [ 105.8542072, 21.0259031 ], [ 105.8544395, 21.0258258 ], [ 105.8544762, 21.0259219 ], [ 105.854176800000019, 21.0260215 ] ] ] } },
{ "type": "Feature", "properties": { "element": "way", "id": 704153624, "estimated_height": 12.0 }, "geometry": { "type": "Polygon", "coordinates": [ [ [ 105.8542725, 21.0263362 ], [ 105.8542502, 21.0262031 ], [ 105.8541324, 21.0262204 ], [ 105.8541519, 21.0263359 ], [ 105.854169, 21.0263333 ], [ 105.8541719, 21.0263509 ], [ 105.8542725, 21.0263362 ] ] ] } },
{ "type": "Feature", "properties": { "element": "way", "id": 704153625, "estimated_height": 12.0 }, "geometry": { "type": "Polygon", "coordinates": [ [ [ 105.8542651, 21.026932 ], [ 105.8541728, 21.0263986 ], [ 105.8542942, 21.0263803 ], [ 105.8543142, 21.0264962 ], [ 105.854355600000019, 21.0264899 ], [ 105.8543693, 21.0265695 ], [ 105.8543435, 21.0265734 ], [ 105.8543537, 21.0266325 ], [ 105.854385, 21.0266278 ], [ 105.8544332, 21.0269067 ], [ 105.8542651, 21.026932 ] ] ] } },
{ "type": "Feature", "properties": { "element": "way", "id": 704153626, "estimated_height": 12.0 }, "geometry": { "type": "Polygon", "coordinates": [ [ [ 105.8537454, 21.0272189 ], [ 105.8537072, 21.0271927 ], [ 105.8536952, 21.0270981 ], [ 105.853723, 21.0270559 ], [ 105.85440340000001, 21.0269619 ], [ 105.8544062, 21.0269794 ], [ 105.854482200000021, 21.0269688 ], [ 105.8545052, 21.027114 ], [ 105.8537454, 21.0272189 ] ] ] } },
{ "type": "Feature", "properties": { "element": "way", "id": 711515189, "estimated_height": 31.5 }, "geometry": { "type": "Polygon", "coordinates": [ [ [ 105.8553718, 21.031522099999989 ], [ 105.8553583, 21.0313953 ], [ 105.8552962, 21.031401 ], [ 105.8553097, 21.0315279 ], [ 105.8553718, 21.031522099999989 ] ] ] } },
{ "type": "Feature", "properties": { "element": "way", "id": 711524828, "estimated_height": 12.0 }, "geometry": { "type": "Polygon", "coordinates": [ [ [ 105.8578717, 21.026762 ], [ 105.8577871, 21.0267377 ], [ 105.8577126, 21.0269622 ], [ 105.8577973, 21.0269857 ], [ 105.8583173, 21.0271299 ], [ 105.8583782, 21.0271468 ], [ 105.8584853, 21.0269338 ], [ 105.8584285, 21.0269179 ], [ 105.8578717, 21.026762 ] ] ] } },
{ "type": "Feature", "properties": { "element": "way", "id": 733286156, "estimated_height": 12.0 }, "geometry": { "type": "Polygon", "coordinates": [ [ [ 105.857001, 21.0258404 ], [ 105.8570254, 21.0257548 ], [ 105.8570526, 21.0257615 ], [ 105.857056, 21.0257498 ], [ 105.8571599, 21.0257756 ], [ 105.8571558, 21.02579 ], [ 105.8571695, 21.0257934 ], [ 105.8571594, 21.0258288 ], [ 105.8571466, 21.0258256 ], [ 105.857141, 21.025845 ], [ 105.8571524, 21.0258478 ], [ 105.8571448, 21.0258743 ], [ 105.8571328, 21.0258714 ], [ 105.8571269, 21.0258922 ], [ 105.8570683, 21.0258777 ], [ 105.8570738, 21.0258584 ], [ 105.857001, 21.0258404 ] ] ] } },
{ "type": "Feature", "properties": { "element": "way", "id": 737712419, "estimated_height": 12.0 }, "geometry": { "type": "Polygon", "coordinates": [ [ [ 105.856496, 21.0244565 ], [ 105.8564583, 21.0243381 ], [ 105.85637, 21.0243626 ], [ 105.8564076, 21.024481 ], [ 105.856496, 21.0244565 ] ] ] } },
{ "type": "Feature", "properties": { "element": "way", "id": 737712422, "estimated_height": 12.0 }, "geometry": { "type": "Polygon", "coordinates": [ [ [ 105.8560424, 21.0245388 ], [ 105.8561186, 21.0245186 ], [ 105.8561177, 21.0245157 ], [ 105.8560886, 21.0244201 ], [ 105.8560124, 21.0244403 ], [ 105.8560424, 21.0245388 ] ] ] } },
{ "type": "Feature", "properties": { "element": "way", "id": 737712423, "estimated_height": 12.0 }, "geometry": { "type": "Polygon", "coordinates": [ [ [ 105.8559845, 21.0245486 ], [ 105.8560375, 21.0245345 ], [ 105.856008, 21.0244379 ], [ 105.855955, 21.024452 ], [ 105.8559845, 21.0245486 ] ] ] } },
{ "type": "Feature", "properties": { "element": "way", "id": 739577912, "estimated_height": 7.0 }, "geometry": { "type": "Polygon", "coordinates": [ [ [ 105.8569437, 21.0249811 ], [ 105.8569305, 21.0250243 ], [ 105.8569035, 21.0251125 ], [ 105.856891300000015, 21.0251524 ], [ 105.8571083, 21.0252102 ], [ 105.8571204, 21.0251705 ], [ 105.8571435, 21.0250948 ], [ 105.8571473, 21.0250824 ], [ 105.8571606, 21.0250388 ], [ 105.8569437, 21.0249811 ] ] ] } },
{ "type": "Feature", "properties": { "element": "way", "id": 746827580, "estimated_height": 11.0 }, "geometry": { "type": "Polygon", "coordinates": [ [ [ 105.8537794, 21.025205899999989 ], [ 105.8538349, 21.02519 ], [ 105.85379020000002, 21.0250548 ], [ 105.8537347, 21.0250708 ], [ 105.8537794, 21.025205899999989 ] ] ] } },
{ "type": "Feature", "properties": { "element": "way", "id": 842605284, "estimated_height": 12.0 }, "geometry": { "type": "Polygon", "coordinates": [ [ [ 105.8513982, 21.026331 ], [ 105.8514714, 21.0263475 ], [ 105.8515218, 21.0261523 ], [ 105.8514447, 21.0260801 ], [ 105.8512261, 21.0261441 ], [ 105.8512495, 21.0262138 ], [ 105.85141320000001, 21.0261659 ], [ 105.8514354, 21.0261869 ], [ 105.8513982, 21.026331 ] ] ] } },
{ "type": "Feature", "properties": { "element": "way", "id": 842605285, "estimated_height": 10.5 }, "geometry": { "type": "Polygon", "coordinates": [ [ [ 105.8513132, 21.0265751 ], [ 105.85139430000001, 21.0265936 ], [ 105.8513355, 21.0268172 ], [ 105.8512545, 21.0267986 ], [ 105.8513132, 21.0265751 ] ] ] } },
{ "type": "Feature", "properties": { "element": "way", "id": 842628263, "estimated_height": 28.0 }, "geometry": { "type": "Polygon", "coordinates": [ [ [ 105.8509204, 21.0239836 ], [ 105.850642, 21.0240706 ], [ 105.8507135, 21.0242698 ], [ 105.8509919, 21.0241829 ], [ 105.8509204, 21.0239836 ] ] ] } },
{ "type": "Feature", "properties": { "element": "way", "id": 842628264, "estimated_height": 31.5 }, "geometry": { "type": "Polygon", "coordinates": [ [ [ 105.8509655, 21.0246301 ], [ 105.8508859, 21.0243892 ], [ 105.851103400000014, 21.0243267 ], [ 105.851183, 21.0245675 ], [ 105.8509655, 21.0246301 ] ] ] } },
{ "type": "Feature", "properties": { "element": "way", "id": 842628265, "estimated_height": 31.5 }, "geometry": { "type": "Polygon", "coordinates": [ [ [ 105.8508205, 21.0246585 ], [ 105.8507507, 21.0244317 ], [ 105.8508652, 21.024401 ], [ 105.8509351, 21.0246277 ], [ 105.8508205, 21.0246585 ] ] ] } },
{ "type": "Feature", "properties": { "element": "way", "id": 852423765, "estimated_height": 73.5 }, "geometry": { "type": "Polygon", "coordinates": [ [ [ 105.8574107, 21.0285917 ], [ 105.8576171, 21.028664 ], [ 105.8577664, 21.0282927 ], [ 105.85756, 21.0282204 ], [ 105.8574107, 21.0285917 ] ] ] } },
{ "type": "Feature", "properties": { "element": "way", "id": 858616437, "estimated_height": 17.5 }, "geometry": { "type": "Polygon", "coordinates": [ [ [ 105.8550598, 21.0241375 ], [ 105.854965, 21.0238668 ], [ 105.8550195, 21.0237511 ], [ 105.8551887, 21.0236993 ], [ 105.8552436, 21.0238552 ], [ 105.8552073, 21.0238663 ], [ 105.8552599, 21.024016 ], [ 105.8552788, 21.0240707 ], [ 105.8550598, 21.0241375 ] ] ] } },
{ "type": "Feature", "properties": { "element": "way", "id": 858616438, "estimated_height": 31.5 }, "geometry": { "type": "Polygon", "coordinates": [ [ [ 105.8553882, 21.0242439 ], [ 105.8553042, 21.0240031 ], [ 105.8555381, 21.023932 ], [ 105.8556221, 21.0241728 ], [ 105.8553882, 21.0242439 ] ] ] } },
{ "type": "Feature", "properties": { "element": "way", "id": 858616439, "estimated_height": 10.5 }, "geometry": { "type": "Polygon", "coordinates": [ [ [ 105.855497, 21.0247343 ], [ 105.8553279, 21.0247822 ], [ 105.8552369, 21.0247336 ], [ 105.855114, 21.0243644 ], [ 105.8553556, 21.0242944 ], [ 105.8553658, 21.0243218 ], [ 105.855497, 21.0247343 ] ] ] } },
{ "type": "Feature", "properties": { "element": "way", "id": 858616440, "estimated_height": 12.0 }, "geometry": { "type": "Polygon", "coordinates": [ [ [ 105.8554009, 21.0252246 ], [ 105.855331, 21.0250123 ], [ 105.8553338, 21.0249914 ], [ 105.8553413, 21.0249766 ], [ 105.8553599, 21.0249626 ], [ 105.8555775, 21.0249022 ], [ 105.8555882, 21.0249338 ], [ 105.8556287, 21.0250536 ], [ 105.8556686, 21.0250418 ], [ 105.8557067, 21.0251525 ], [ 105.8558696, 21.0251041 ], [ 105.8559125, 21.0252301 ], [ 105.8559237, 21.025263 ], [ 105.8556634, 21.0253403 ], [ 105.8556034, 21.0251643 ], [ 105.8555456, 21.0251815 ], [ 105.8554744, 21.0252026 ], [ 105.8554372, 21.0252135 ], [ 105.8554009, 21.0252246 ] ] ] } },
{ "type": "Feature", "properties": { "element": "way", "id": 858616443, "estimated_height": 10.5 }, "geometry": { "type": "Polygon", "coordinates": [ [ [ 105.8555775, 21.0249022 ], [ 105.8557814, 21.0248434 ], [ 105.8558696, 21.0251041 ], [ 105.8557067, 21.0251525 ], [ 105.8556686, 21.0250418 ], [ 105.8556287, 21.0250536 ], [ 105.8555882, 21.0249338 ], [ 105.8555775, 21.0249022 ] ] ] } },
{ "type": "Feature", "properties": { "element": "way", "id": 858616444, "estimated_height": 21.0 }, "geometry": { "type": "Polygon", "coordinates": [ [ [ 105.8558696, 21.0251041 ], [ 105.8557814, 21.0248434 ], [ 105.8559784, 21.0247853 ], [ 105.8559937, 21.024781 ], [ 105.8560371, 21.0249129 ], [ 105.8560461, 21.0249365 ], [ 105.856029, 21.0249415 ], [ 105.8559467, 21.0249658 ], [ 105.855982, 21.0250702 ], [ 105.8560343, 21.0250548 ], [ 105.8560772, 21.0251815 ], [ 105.855954600000018, 21.0252176 ], [ 105.8559125, 21.0252301 ], [ 105.8558696, 21.0251041 ] ] ] } },
{ "type": "Feature", "properties": { "element": "way", "id": 861296607, "estimated_height": 35.0 }, "geometry": { "type": "Polygon", "coordinates": [ [ [ 105.854616800000016, 21.0242727 ], [ 105.8547606, 21.0242326 ], [ 105.8546553, 21.0239037 ], [ 105.8546171, 21.0238565 ], [ 105.8545851, 21.0238461 ], [ 105.8544013, 21.0238973 ], [ 105.8544947, 21.0241891 ], [ 105.8545823, 21.0241647 ], [ 105.854616800000016, 21.0242727 ] ] ] } },
{ "type": "Feature", "properties": { "element": "way", "id": 878622953, "estimated_height": 12.0 }, "geometry": { "type": "Polygon", "coordinates": [ [ [ 105.8511949, 21.0322283 ], [ 105.8512288, 21.0322282 ], [ 105.85125410000002, 21.0322 ], [ 105.8512475, 21.0317772 ], [ 105.8512049, 21.0317778 ], [ 105.8512055, 21.0318134 ], [ 105.8512064, 21.0318739 ], [ 105.8511891, 21.0318741 ], [ 105.8511896, 21.0318877 ], [ 105.85119, 21.0319005 ], [ 105.8511944, 21.032196 ], [ 105.8511949, 21.0322283 ] ] ] } },
{ "type": "Feature", "properties": { "element": "way", "id": 878622955, "estimated_height": 24.5 }, "geometry": { "type": "Polygon", "coordinates": [ [ [ 105.8511949, 21.0322283 ], [ 105.8511166, 21.0322293 ], [ 105.851111800000012, 21.0319015 ], [ 105.85119, 21.0319005 ], [ 105.8511949, 21.0322283 ] ] ] } },
{ "type": "Feature", "properties": { "element": "way", "id": 941188190, "estimated_height": 17.5 }, "geometry": { "type": "Polygon", "coordinates": [ [ [ 105.855541, 21.0239257 ], [ 105.8555097, 21.0238355 ], [ 105.8552347, 21.0239185 ], [ 105.855266, 21.0240088 ], [ 105.855541, 21.0239257 ] ] ] } },
{ "type": "Feature", "properties": { "element": "way", "id": 953737976, "estimated_height": 12.0 }, "geometry": { "type": "Polygon", "coordinates": [ [ [ 105.8579927, 21.0300985 ], [ 105.8581359, 21.0301563 ], [ 105.858209400000021, 21.0299978 ], [ 105.8580882, 21.0299489 ], [ 105.8581263, 21.0298665 ], [ 105.8583113, 21.0299411 ], [ 105.8581701, 21.030246 ], [ 105.8581285, 21.0302292 ], [ 105.8581201, 21.0302472 ], [ 105.8579547, 21.0301805 ], [ 105.8579927, 21.0300985 ] ] ] } },
{ "type": "Feature", "properties": { "element": "way", "id": 953737978, "estimated_height": 12.0 }, "geometry": { "type": "Polygon", "coordinates": [ [ [ 105.8576633, 21.0298463 ], [ 105.857795100000018, 21.0299011 ], [ 105.8577473, 21.0300012 ], [ 105.8578427, 21.0300409 ], [ 105.8578719, 21.0299798 ], [ 105.8579158, 21.029998 ], [ 105.8580071, 21.0298068 ], [ 105.8579034, 21.0297636 ], [ 105.8578623, 21.0298495 ], [ 105.857695, 21.0297799 ], [ 105.8576633, 21.0298463 ] ] ] } },
{ "type": "Feature", "properties": { "element": "way", "id": 963227369, "estimated_height": 12.0 }, "geometry": { "type": "Polygon", "coordinates": [ [ [ 105.857778600000017, 21.0307127 ], [ 105.8581229, 21.0308463 ], [ 105.858162, 21.0307585 ], [ 105.8578177, 21.0306249 ], [ 105.857778600000017, 21.0307127 ] ] ] } },
{ "type": "Feature", "properties": { "element": "way", "id": 1025406188, "estimated_height": 31.5 }, "geometry": { "type": "Polygon", "coordinates": [ [ [ 105.8559085, 21.0285552 ], [ 105.8559106, 21.0285286 ], [ 105.8559257, 21.0283386 ], [ 105.8559266, 21.0283263 ], [ 105.8558928, 21.028324 ], [ 105.855869400000017, 21.0283224 ], [ 105.8558291, 21.0283196 ], [ 105.8557761, 21.028316 ], [ 105.8557502, 21.0283142 ], [ 105.8557321, 21.028543 ], [ 105.8559085, 21.0285552 ] ] ] } },
{ "type": "Feature", "properties": { "element": "way", "id": 1040763507, "estimated_height": 12.0 }, "geometry": { "type": "Polygon", "coordinates": [ [ [ 105.8584118, 21.0259227 ], [ 105.858513, 21.0259069 ], [ 105.858504, 21.0258565 ], [ 105.8585325, 21.0258521 ], [ 105.8585194, 21.0257788 ], [ 105.8584909, 21.0257832 ], [ 105.8584797, 21.0257203 ], [ 105.8583785, 21.025736 ], [ 105.8583844, 21.0257708 ], [ 105.8583971, 21.0258403 ], [ 105.8584118, 21.0259227 ] ] ] } },
{ "type": "Feature", "properties": { "element": "way", "id": 1040763508, "estimated_height": 12.0 }, "geometry": { "type": "Polygon", "coordinates": [ [ [ 105.8582819, 21.0259112 ], [ 105.8583744, 21.0258968 ], [ 105.8583652, 21.0258453 ], [ 105.8583971, 21.0258403 ], [ 105.8583844, 21.0257708 ], [ 105.8583528, 21.025776 ], [ 105.8583426, 21.025719 ], [ 105.8582431, 21.0257344 ], [ 105.858251, 21.0257782 ], [ 105.8582316, 21.0257812 ], [ 105.8582531, 21.0259016 ], [ 105.8582794, 21.0258975 ], [ 105.8582819, 21.0259112 ] ] ] } },
{ "type": "Feature", "properties": { "element": "way", "id": 1040763510, "estimated_height": 12.0 }, "geometry": { "type": "Polygon", "coordinates": [ [ [ 105.8564713, 21.0264266 ], [ 105.8564297, 21.0265604 ], [ 105.8564977, 21.0265789 ], [ 105.8565059, 21.0265527 ], [ 105.8565708, 21.0265703 ], [ 105.856562600000018, 21.0265965 ], [ 105.8566442, 21.0266187 ], [ 105.8566859, 21.0264849 ], [ 105.8564713, 21.0264266 ] ] ] } },
{ "type": "Feature", "properties": { "element": "way", "id": 1040764787, "estimated_height": 12.0 }, "geometry": { "type": "Polygon", "coordinates": [ [ [ 105.8544671, 21.0248083 ], [ 105.8545158, 21.024794 ], [ 105.8544999, 21.024747 ], [ 105.8544512, 21.0247613 ], [ 105.8544671, 21.0248083 ] ] ] } },
{ "type": "Feature", "properties": { "element": "way", "id": 1040764788, "estimated_height": 12.0 }, "geometry": { "type": "Polygon", "coordinates": [ [ [ 105.8543132, 21.0248589 ], [ 105.854400200000015, 21.0248333 ], [ 105.8543605, 21.0247157 ], [ 105.8543077, 21.0247312 ], [ 105.8543191, 21.0247649 ], [ 105.8542849, 21.024775 ], [ 105.8543132, 21.0248589 ] ] ] } },
{ "type": "Feature", "properties": { "element": "way", "id": 1040764789, "estimated_height": 12.0 }, "geometry": { "type": "Polygon", "coordinates": [ [ [ 105.8537067, 21.0250237 ], [ 105.8537765, 21.0250031 ], [ 105.8537268, 21.0248559 ], [ 105.853657, 21.0248764 ], [ 105.8537067, 21.0250237 ] ] ] } },
{ "type": "Feature", "properties": { "element": "way", "id": 1040764790, "estimated_height": 12.0 }, "geometry": { "type": "Polygon", "coordinates": [ [ [ 105.8534472, 21.0243414 ], [ 105.8535881, 21.0243 ], [ 105.8535478, 21.0241805 ], [ 105.8534069, 21.024222 ], [ 105.8534472, 21.0243414 ] ] ] } },
{ "type": "Feature", "properties": { "element": "way", "id": 1040764791, "estimated_height": 12.0 }, "geometry": { "type": "Polygon", "coordinates": [ [ [ 105.8534642, 21.0243822 ], [ 105.8534844, 21.0244422 ], [ 105.8536366, 21.0243975 ], [ 105.8536163, 21.0243374 ], [ 105.8534642, 21.0243822 ] ] ] } },
{ "type": "Feature", "properties": { "element": "way", "id": 1040764792, "estimated_height": 12.0 }, "geometry": { "type": "Polygon", "coordinates": [ [ [ 105.8535189, 21.0245317 ], [ 105.8536705, 21.0244866 ], [ 105.8536417, 21.0244023 ], [ 105.8534901, 21.0244473 ], [ 105.8535189, 21.0245317 ] ] ] } },
{ "type": "Feature", "properties": { "element": "way", "id": 1040764793, "estimated_height": 12.0 }, "geometry": { "type": "Polygon", "coordinates": [ [ [ 105.8535189, 21.0245398 ], [ 105.8535463, 21.0246192 ], [ 105.8537106, 21.0245698 ], [ 105.8536832, 21.0244904 ], [ 105.8535189, 21.0245398 ] ] ] } },
{ "type": "Feature", "properties": { "element": "way", "id": 1040764795, "estimated_height": 12.0 }, "geometry": { "type": "Polygon", "coordinates": [ [ [ 105.8560187, 21.0241949 ], [ 105.8560702, 21.0241784 ], [ 105.8560528, 21.0241311 ], [ 105.8560013, 21.0241477 ], [ 105.8560187, 21.0241949 ] ] ] } },
{ "type": "Feature", "properties": { "element": "way", "id": 1040767221, "estimated_height": 12.0 }, "geometry": { "type": "Polygon", "coordinates": [ [ [ 105.8575673, 21.0258359 ], [ 105.8576398, 21.0258514 ], [ 105.857676500000011, 21.0257013 ], [ 105.857604, 21.0256859 ], [ 105.8575673, 21.0258359 ] ] ] } },
{ "type": "Feature", "properties": { "element": "way", "id": 1040771100, "estimated_height": 12.0 }, "geometry": { "type": "Polygon", "coordinates": [ [ [ 105.8587108, 21.0259649 ], [ 105.8588368, 21.0260094 ], [ 105.858863, 21.0259603 ], [ 105.8588849, 21.0259191 ], [ 105.8587548, 21.0258689 ], [ 105.8587108, 21.0259649 ] ] ] } },
{ "type": "Feature", "properties": { "element": "way", "id": 1046063596, "estimated_height": 12.0 }, "geometry": { "type": "Polygon", "coordinates": [ [ [ 105.852061800000016, 21.0248488 ], [ 105.8520422, 21.0247922 ], [ 105.8519776, 21.0248116 ], [ 105.8519972, 21.0248683 ], [ 105.852061800000016, 21.0248488 ] ] ] } },
{ "type": "Feature", "properties": { "element": "way", "id": 1046063597, "estimated_height": 12.0 }, "geometry": { "type": "Polygon", "coordinates": [ [ [ 105.8530435, 21.0240646 ], [ 105.853128, 21.0240397 ], [ 105.8530842, 21.0239241 ], [ 105.8529926, 21.0239511 ], [ 105.8530101, 21.0240425 ], [ 105.8530435, 21.0240646 ] ] ] } },
{ "type": "Feature", "properties": { "element": "way", "id": 1046063598, "estimated_height": 12.0 }, "geometry": { "type": "Polygon", "coordinates": [ [ [ 105.8494434, 21.0270285 ], [ 105.84952530000001, 21.0270058 ], [ 105.8494624, 21.0268076 ], [ 105.8493804, 21.0268303 ], [ 105.8494434, 21.0270285 ] ] ] } },
{ "type": "Feature", "properties": { "element": "way", "id": 1046063599, "estimated_height": 12.0 }, "geometry": { "type": "Polygon", "coordinates": [ [ [ 105.8495084, 21.027133 ], [ 105.849681600000011, 21.0270864 ], [ 105.8496867, 21.0271029 ], [ 105.8497484, 21.0270863 ], [ 105.8496612, 21.0268037 ], [ 105.8495996, 21.0268203 ], [ 105.8496573, 21.0270076 ], [ 105.8494841, 21.0270541 ], [ 105.8495084, 21.027133 ] ] ] } },
{ "type": "Feature", "properties": { "element": "way", "id": 1046066108, "estimated_height": 12.0 }, "geometry": { "type": "Polygon", "coordinates": [ [ [ 105.84934610000002, 21.024573 ], [ 105.8493846, 21.0245615 ], [ 105.8493631, 21.0244989 ], [ 105.8493246, 21.0245104 ], [ 105.84934610000002, 21.024573 ] ] ] } },
{ "type": "Feature", "properties": { "element": "way", "id": 1046076069, "estimated_height": 12.0 }, "geometry": { "type": "Polygon", "coordinates": [ [ [ 105.8517285, 21.0250387 ], [ 105.851809, 21.0250186 ], [ 105.851794600000019, 21.0249683 ], [ 105.851714200000018, 21.0249883 ], [ 105.8517285, 21.0250387 ] ] ] } },
{ "type": "Feature", "properties": { "element": "way", "id": 1046076070, "estimated_height": 12.0 }, "geometry": { "type": "Polygon", "coordinates": [ [ [ 105.8516327, 21.0250543 ], [ 105.8517171, 21.0250387 ], [ 105.851708200000019, 21.0249968 ], [ 105.8516237, 21.0250124 ], [ 105.8516327, 21.0250543 ] ] ] } },
{ "type": "Feature", "properties": { "element": "way", "id": 1046076071, "estimated_height": 12.0 }, "geometry": { "type": "Polygon", "coordinates": [ [ [ 105.8529235, 21.0254242 ], [ 105.8529927, 21.0254042 ], [ 105.8529578, 21.0252991 ], [ 105.8528886, 21.0253191 ], [ 105.8529235, 21.0254242 ] ] ] } },
{ "type": "Feature", "properties": { "element": "way", "id": 1046076072, "estimated_height": 12.0 }, "geometry": { "type": "Polygon", "coordinates": [ [ [ 105.8529966, 21.0254023 ], [ 105.8530912, 21.0253809 ], [ 105.853008, 21.0250755 ], [ 105.8529134, 21.0250969 ], [ 105.8529966, 21.0254023 ] ] ] } },
{ "type": "Feature", "properties": { "element": "way", "id": 1046085933, "estimated_height": 12.0 }, "geometry": { "type": "Polygon", "coordinates": [ [ [ 105.8506791, 21.0240485 ], [ 105.8507227, 21.0240371 ], [ 105.8506972, 21.023952 ], [ 105.8506536, 21.0239634 ], [ 105.8506791, 21.0240485 ] ] ] } },
{ "type": "Feature", "properties": { "element": "way", "id": 1046085934, "estimated_height": 12.0 }, "geometry": { "type": "Polygon", "coordinates": [ [ [ 105.8506188, 21.0240579 ], [ 105.8506653, 21.0240455 ], [ 105.8506136, 21.0238759 ], [ 105.8505671, 21.0238882 ], [ 105.8506188, 21.0240579 ] ] ] } },
{ "type": "Feature", "properties": { "element": "way", "id": 1046113770, "estimated_height": 14.0 }, "geometry": { "type": "Polygon", "coordinates": [ [ [ 105.85617120000002, 21.0248749 ], [ 105.8562147, 21.0248626 ], [ 105.8561713, 21.0247298 ], [ 105.8561276, 21.0247423 ], [ 105.85617120000002, 21.0248749 ] ] ] } },
{ "type": "Feature", "properties": { "element": "way", "id": 1046113771, "estimated_height": 12.0 }, "geometry": { "type": "Polygon", "coordinates": [ [ [ 105.8562939, 21.0250166 ], [ 105.8563393, 21.025004 ], [ 105.8563116, 21.0249165 ], [ 105.8562661, 21.024929 ], [ 105.8562939, 21.0250166 ] ] ] } },
{ "type": "Feature", "properties": { "element": "way", "id": 1046117966, "estimated_height": 12.0 }, "geometry": { "type": "Polygon", "coordinates": [ [ [ 105.8541956, 21.024121 ], [ 105.8542561, 21.0241031 ], [ 105.8542526, 21.024093 ], [ 105.8542707, 21.0240877 ], [ 105.8542648, 21.0240704 ], [ 105.8542939, 21.0240618 ], [ 105.8542606, 21.0239644 ], [ 105.8541531, 21.0239964 ], [ 105.8541956, 21.024121 ] ] ] } },
{ "type": "Feature", "properties": { "element": "way", "id": 1046122112, "estimated_height": 12.0 }, "geometry": { "type": "Polygon", "coordinates": [ [ [ 105.8496411, 21.0279598 ], [ 105.8498155, 21.0280217 ], [ 105.8498322, 21.0279806 ], [ 105.849657900000011, 21.0279186 ], [ 105.8496411, 21.0279598 ] ] ] } },
{ "type": "Feature", "properties": { "element": "way", "id": 1046122113, "estimated_height": 12.0 }, "geometry": { "type": "Polygon", "coordinates": [ [ [ 105.849552, 21.0281438 ], [ 105.8497701, 21.028215 ], [ 105.8498159, 21.0280926 ], [ 105.8496436, 21.0280364 ], [ 105.8496139, 21.0281158 ], [ 105.8495681, 21.0281009 ], [ 105.849552, 21.0281438 ] ] ] } },
{ "type": "Feature", "properties": { "element": "way", "id": 1046122135, "estimated_height": 12.0 }, "geometry": { "type": "Polygon", "coordinates": [ [ [ 105.8494518, 21.0292306 ], [ 105.8495027, 21.0292503 ], [ 105.8494846, 21.029291 ], [ 105.8495159, 21.0293031 ], [ 105.849554, 21.0292172 ], [ 105.8494718, 21.0291854 ], [ 105.8494518, 21.0292306 ] ] ] } },
{ "type": "Feature", "properties": { "element": "way", "id": 1046122136, "estimated_height": 12.0 }, "geometry": { "type": "Polygon", "coordinates": [ [ [ 105.84943370000002, 21.0292713 ], [ 105.8494846, 21.029291 ], [ 105.8495027, 21.0292503 ], [ 105.8494518, 21.0292306 ], [ 105.84943370000002, 21.0292713 ] ] ] } },
{ "type": "Feature", "properties": { "element": "way", "id": 1046122137, "estimated_height": 12.0 }, "geometry": { "type": "Polygon", "coordinates": [ [ [ 105.8497224, 21.0291955 ], [ 105.8497538, 21.029209 ], [ 105.8497847, 21.0291463 ], [ 105.8497533, 21.0291328 ], [ 105.8497224, 21.0291955 ] ] ] } },
{ "type": "Feature", "properties": { "element": "way", "id": 1046122138, "estimated_height": 12.0 }, "geometry": { "type": "Polygon", "coordinates": [ [ [ 105.8498285, 21.0291502 ], [ 105.8498691, 21.029067 ], [ 105.8498029, 21.0290389 ], [ 105.8497623, 21.0291221 ], [ 105.8498285, 21.0291502 ] ] ] } },
{ "type": "Feature", "properties": { "element": "way", "id": 1046122139, "estimated_height": 12.0 }, "geometry": { "type": "Polygon", "coordinates": [ [ [ 105.8499515, 21.0292751 ], [ 105.8500189, 21.0293188 ], [ 105.8500571, 21.0292699 ], [ 105.850088, 21.0291782 ], [ 105.8500062, 21.0291559 ], [ 105.8499515, 21.0292751 ] ] ] } },
{ "type": "Feature", "properties": { "element": "way", "id": 1046122140, "estimated_height": 12.0 }, "geometry": { "type": "Polygon", "coordinates": [ [ [ 105.8500066, 21.0293762 ], [ 105.850111200000015, 21.0294375 ], [ 105.8501463, 21.0293853 ], [ 105.85004170000002, 21.029324 ], [ 105.8500066, 21.0293762 ] ] ] } },
{ "type": "Feature", "properties": { "element": "way", "id": 1046122141, "estimated_height": 12.0 }, "geometry": { "type": "Polygon", "coordinates": [ [ [ 105.8498181, 21.0293048 ], [ 105.8499033, 21.0293411 ], [ 105.849929, 21.0292886 ], [ 105.8498438, 21.0292523 ], [ 105.8498181, 21.0293048 ] ] ] } },
{ "type": "Feature", "properties": { "element": "way", "id": 1046122142, "estimated_height": 12.0 }, "geometry": { "type": "Polygon", "coordinates": [ [ [ 105.8498382, 21.0291704 ], [ 105.8498822, 21.029185 ], [ 105.8499216, 21.0290815 ], [ 105.8498776, 21.0290669 ], [ 105.8498382, 21.0291704 ] ] ] } },
{ "type": "Feature", "properties": { "element": "way", "id": 1046122143, "estimated_height": 12.0 }, "geometry": { "type": "Polygon", "coordinates": [ [ [ 105.8496984, 21.029143 ], [ 105.8497367, 21.0291567 ], [ 105.8497699, 21.0290906 ], [ 105.8497266, 21.0290742 ], [ 105.8496984, 21.029143 ] ] ] } },
{ "type": "Feature", "properties": { "element": "way", "id": 1046122144, "estimated_height": 12.0 }, "geometry": { "type": "Polygon", "coordinates": [ [ [ 105.8495747, 21.0290695 ], [ 105.8496988, 21.0291108 ], [ 105.8497308, 21.029027 ], [ 105.8496067, 21.0289857 ], [ 105.8495747, 21.0290695 ] ] ] } },
{ "type": "Feature", "properties": { "element": "way", "id": 1046122148, "estimated_height": 12.0 }, "geometry": { "type": "Polygon", "coordinates": [ [ [ 105.8511565, 21.0317944 ], [ 105.8511567, 21.0317477 ], [ 105.8510506, 21.031743 ], [ 105.8510535, 21.0317922 ], [ 105.8511565, 21.0317944 ] ] ] } },
{ "type": "Feature", "properties": { "element": "way", "id": 1046122149, "estimated_height": 12.0 }, "geometry": { "type": "Polygon", "coordinates": [ [ [ 105.8508894, 21.0321357 ], [ 105.850909700000017, 21.0321348 ], [ 105.850913, 21.0320444 ], [ 105.8508927, 21.0320449 ], [ 105.8508894, 21.0321357 ] ] ] } },
{ "type": "Feature", "properties": { "element": "way", "id": 1046122150, "estimated_height": 12.0 }, "geometry": { "type": "Polygon", "coordinates": [ [ [ 105.8509737, 21.0322682 ], [ 105.8510359, 21.032265 ], [ 105.8510358, 21.0321968 ], [ 105.8510355, 21.0320143 ], [ 105.8510354, 21.0319997 ], [ 105.8509723, 21.0320096 ], [ 105.8509737, 21.0322682 ] ] ] } },
{ "type": "Feature", "properties": { "element": "way", "id": 1046754729, "estimated_height": 12.0 }, "geometry": { "type": "Polygon", "coordinates": [ [ [ 105.8588156, 21.0281299 ], [ 105.8588694, 21.0281571 ], [ 105.8589635, 21.0279947 ], [ 105.8589096, 21.0279675 ], [ 105.8588156, 21.0281299 ] ] ] } },
{ "type": "Feature", "properties": { "element": "way", "id": 1046754863, "estimated_height": 12.0 }, "geometry": { "type": "Polygon", "coordinates": [ [ [ 105.854441, 21.0306762 ], [ 105.8545299, 21.0306858 ], [ 105.8545431, 21.0305793 ], [ 105.8546218, 21.0305877 ], [ 105.854615, 21.0306428 ], [ 105.8546947, 21.0306514 ], [ 105.8547005, 21.030604 ], [ 105.8547248, 21.0306066 ], [ 105.8547419, 21.0304683 ], [ 105.854717300000019, 21.0304657 ], [ 105.8547203, 21.0304414 ], [ 105.8546409, 21.0304328 ], [ 105.8546325, 21.0305011 ], [ 105.8545578, 21.0304931 ], [ 105.8545658, 21.0304283 ], [ 105.8544729, 21.0304183 ], [ 105.854441, 21.0306762 ] ] ] } },
{ "type": "Feature", "properties": { "element": "way", "id": 1046754864, "estimated_height": 12.0 }, "geometry": { "type": "Polygon", "coordinates": [ [ [ 105.8541775, 21.0309411 ], [ 105.8541746, 21.0309865 ], [ 105.8542378, 21.03099 ], [ 105.85424070000002, 21.0309439 ], [ 105.8541775, 21.0309411 ] ] ] } },
{ "type": "Feature", "properties": { "element": "way", "id": 1063191457, "estimated_height": 12.0 }, "geometry": { "type": "Polygon", "coordinates": [ [ [ 105.8550266, 21.0313157 ], [ 105.8549973, 21.0310354 ], [ 105.854925, 21.031042 ], [ 105.8549542, 21.0313223 ], [ 105.8550266, 21.0313157 ] ] ] } },
{ "type": "Feature", "properties": { "element": "way", "id": 1087491321, "estimated_height": 12.0 }, "geometry": { "type": "Polygon", "coordinates": [ [ [ 105.8540092, 21.0312695 ], [ 105.8540138, 21.0310381 ], [ 105.85402, 21.0310397 ], [ 105.8541183, 21.0310363 ], [ 105.8542178, 21.0310416 ], [ 105.8542131, 21.0312731 ], [ 105.8540092, 21.0312695 ] ] ] } },
{ "type": "Feature", "properties": { "element": "way", "id": 1087647919, "estimated_height": 10.5 }, "geometry": { "type": "Polygon", "coordinates": [ [ [ 105.856435600000012, 21.0248448 ], [ 105.8563803, 21.0246712 ], [ 105.8565596, 21.0246214 ], [ 105.856615, 21.024795 ], [ 105.856435600000012, 21.0248448 ] ] ] } },
{ "type": "Feature", "properties": { "element": "way", "id": 1087647923, "estimated_height": 12.0 }, "geometry": { "type": "Polygon", "coordinates": [ [ [ 105.8568083, 21.0243496 ], [ 105.8565127, 21.0244313 ], [ 105.8563855, 21.0240335 ], [ 105.8564137, 21.0240258 ], [ 105.8566294, 21.0239669 ], [ 105.8566889, 21.0239507 ], [ 105.8567428, 21.0239359 ], [ 105.8568554, 21.0242928 ], [ 105.8568642, 21.0243022 ], [ 105.856869, 21.0243137 ], [ 105.8568693, 21.0243261 ], [ 105.856865200000016, 21.0243379 ], [ 105.8568578, 21.024347 ], [ 105.8568478, 21.0243534 ], [ 105.8568362, 21.0243567 ], [ 105.8568241, 21.0243564 ], [ 105.8568126, 21.0243527 ], [ 105.8568083, 21.0243496 ] ] ] } },
{ "type": "Feature", "properties": { "element": "way", "id": 1087731724, "estimated_height": 21.0 }, "geometry": { "type": "Polygon", "coordinates": [ [ [ 105.8560837, 21.0292024 ], [ 105.856094, 21.0290725 ], [ 105.8562006, 21.0290799 ], [ 105.8561903, 21.0292098 ], [ 105.8560837, 21.0292024 ] ] ] } },
{ "type": "Feature", "properties": { "element": "way", "id": 1087731725, "estimated_height": 10.5 }, "geometry": { "type": "Polygon", "coordinates": [ [ [ 105.8557735, 21.0317945 ], [ 105.8558676, 21.0318152 ], [ 105.8558913, 21.0317215 ], [ 105.8559281, 21.0317296 ], [ 105.855969, 21.0315677 ], [ 105.8561139, 21.0314891 ], [ 105.856198100000015, 21.0314974 ], [ 105.8562793, 21.0315306 ], [ 105.8563562, 21.031367 ], [ 105.8559978, 21.0313149 ], [ 105.8558723, 21.031404 ], [ 105.8557735, 21.0317945 ] ] ] } },
{ "type": "Feature", "properties": { "element": "way", "id": 1087731726, "estimated_height": 7.0 }, "geometry": { "type": "Polygon", "coordinates": [ [ [ 105.856198100000015, 21.0314974 ], [ 105.8560985, 21.0317147 ], [ 105.8561793, 21.0317469 ], [ 105.8562793, 21.0315306 ], [ 105.856198100000015, 21.0314974 ] ] ] } },
{ "type": "Feature", "properties": { "element": "way", "id": 1087731727, "estimated_height": 7.0 }, "geometry": { "type": "Polygon", "coordinates": [ [ [ 105.8558219, 21.0319732 ], [ 105.8558356, 21.0319249 ], [ 105.8558165, 21.0319202 ], [ 105.855832, 21.0318656 ], [ 105.855862, 21.031873 ], [ 105.8558807, 21.031807 ], [ 105.8559483, 21.0318237 ], [ 105.8560141, 21.0315918 ], [ 105.8560977, 21.0316125 ], [ 105.8560196, 21.0318878 ], [ 105.856038600000019, 21.0318925 ], [ 105.8560029, 21.032018 ], [ 105.8558219, 21.0319732 ] ] ] } },
{ "type": "Feature", "properties": { "element": "way", "id": 1087731728, "estimated_height": 10.5 }, "geometry": { "type": "Polygon", "coordinates": [ [ [ 105.8557309, 21.0320273 ], [ 105.8557464, 21.0319697 ], [ 105.8559745, 21.032023 ], [ 105.8559591, 21.0320806 ], [ 105.8557309, 21.0320273 ] ] ] } },
{ "type": "Feature", "properties": { "element": "way", "id": 1087731729, "estimated_height": 7.0 }, "geometry": { "type": "Polygon", "coordinates": [ [ [ 105.8565798, 21.0279017 ], [ 105.856434800000017, 21.0278925 ], [ 105.8563976, 21.0278656 ], [ 105.8563984, 21.027816 ], [ 105.8564295, 21.0277842 ], [ 105.8565691, 21.0277962 ], [ 105.8565824, 21.0277842 ], [ 105.8566038, 21.0277857 ], [ 105.8566205, 21.027801699999987 ], [ 105.8566178, 21.0278213 ], [ 105.8566065, 21.0278343 ], [ 105.8565848, 21.0278329 ], [ 105.8565798, 21.0279017 ] ] ] } },
{ "type": "Feature", "properties": { "element": "way", "id": 1087731732, "estimated_height": 12.0 }, "geometry": { "type": "Polygon", "coordinates": [ [ [ 105.8565774, 21.0281635 ], [ 105.8565683, 21.0281515 ], [ 105.856563, 21.0281302 ], [ 105.856604, 21.0279822 ], [ 105.8566154, 21.0279709 ], [ 105.8566374, 21.0279631 ], [ 105.8566424, 21.027939 ], [ 105.8566322, 21.0279294 ], [ 105.8566303, 21.0279145 ], [ 105.8566443, 21.0277818 ], [ 105.8566596, 21.0277651 ], [ 105.8566755, 21.0277567 ], [ 105.8571196, 21.0278103 ], [ 105.857131, 21.0278222 ], [ 105.8571339, 21.0278394 ], [ 105.8569964, 21.0282544 ], [ 105.8569902, 21.0282622 ], [ 105.8569817, 21.028267 ], [ 105.8569687, 21.0282652 ], [ 105.8567854, 21.0282163 ], [ 105.8565774, 21.0281635 ] ] ] } },
{ "type": "Feature", "properties": { "element": "way", "id": 1087731735, "estimated_height": 7.0 }, "geometry": { "type": "Polygon", "coordinates": [ [ [ 105.8558146, 21.0282081 ], [ 105.8558178, 21.0281488 ], [ 105.8560528, 21.0281599 ], [ 105.8560496, 21.0282192 ], [ 105.8558146, 21.0282081 ] ] ] } },
{ "type": "Feature", "properties": { "element": "way", "id": 1088847120, "estimated_height": 7.37 }, "geometry": { "type": "Polygon", "coordinates": [ [ [ 105.8523026, 21.0278642 ], [ 105.8522832, 21.0278643 ], [ 105.8522833, 21.0278817 ], [ 105.8523026, 21.0278816 ], [ 105.8523026, 21.0278642 ] ] ] } },
{ "type": "Feature", "properties": { "element": "way", "id": 1114720157, "estimated_height": 12.0 }, "geometry": { "type": "Polygon", "coordinates": [ [ [ 105.8572508, 21.0288343 ], [ 105.8573348, 21.0288514 ], [ 105.857352, 21.0287774 ], [ 105.857268, 21.0287603 ], [ 105.8572508, 21.0288343 ] ] ] } },
{ "type": "Feature", "properties": { "element": "way", "id": 1114720158, "estimated_height": 12.0 }, "geometry": { "type": "Polygon", "coordinates": [ [ [ 105.857101900000018, 21.0288005 ], [ 105.8572399, 21.0288285 ], [ 105.8572568, 21.0287561 ], [ 105.8571188, 21.0287281 ], [ 105.857101900000018, 21.0288005 ] ] ] } },
{ "type": "Feature", "properties": { "element": "way", "id": 1114720167, "estimated_height": 12.0 }, "geometry": { "type": "Polygon", "coordinates": [ [ [ 105.8540092, 21.0307551 ], [ 105.8541171, 21.0307523 ], [ 105.8541062, 21.0303935 ], [ 105.8543332, 21.0303874 ], [ 105.8543302, 21.0302891 ], [ 105.8539953, 21.030298 ], [ 105.8540092, 21.0307551 ] ] ] } },
{ "type": "Feature", "properties": { "element": "way", "id": 1114720169, "estimated_height": 12.0 }, "geometry": { "type": "Polygon", "coordinates": [ [ [ 105.8542589, 21.0300737 ], [ 105.8543286, 21.0300723 ], [ 105.8543273, 21.0300146 ], [ 105.8542576, 21.0300159 ], [ 105.8542589, 21.0300737 ] ] ] } },
{ "type": "Feature", "properties": { "element": "way", "id": 1114720170, "estimated_height": 12.0 }, "geometry": { "type": "Polygon", "coordinates": [ [ [ 105.8541229, 21.0300777 ], [ 105.8541922, 21.0300818 ], [ 105.8541949, 21.0300302 ], [ 105.854127, 21.0300337 ], [ 105.8541229, 21.0300777 ] ] ] } },
{ "type": "Feature", "properties": { "element": "way", "id": 1114720171, "estimated_height": 12.0 }, "geometry": { "type": "Polygon", "coordinates": [ [ [ 105.8542004, 21.0301352 ], [ 105.8542003, 21.0300903 ], [ 105.854145, 21.0300904 ], [ 105.8541451, 21.0301352 ], [ 105.8541651, 21.0301351 ], [ 105.8542004, 21.0301352 ] ] ] } },
{ "type": "Feature", "properties": { "element": "way", "id": 1114922913, "estimated_height": 12.0 }, "geometry": { "type": "Polygon", "coordinates": [ [ [ 105.856879, 21.0323557 ], [ 105.857002, 21.0320791 ], [ 105.8567316, 21.0319743 ], [ 105.8566086, 21.032251 ], [ 105.856879, 21.0323557 ] ] ] } },
{ "type": "Feature", "properties": { "element": "way", "id": 1114922925, "estimated_height": 12.0 }, "geometry": { "type": "Polygon", "coordinates": [ [ [ 105.8570775, 21.0323203 ], [ 105.8571222, 21.0322295 ], [ 105.8570346, 21.032192 ], [ 105.85699, 21.0322828 ], [ 105.8570775, 21.0323203 ] ] ] } },
{ "type": "Feature", "properties": { "element": "way", "id": 1114922926, "estimated_height": 12.0 }, "geometry": { "type": "Polygon", "coordinates": [ [ [ 105.8570849, 21.0323216 ], [ 105.8572262, 21.0323821 ], [ 105.857268, 21.0322972 ], [ 105.8571267, 21.0322366 ], [ 105.8570849, 21.0323216 ] ] ] } },
{ "type": "Feature", "properties": { "element": "way", "id": 1114922927, "estimated_height": 12.0 }, "geometry": { "type": "Polygon", "coordinates": [ [ [ 105.8572981, 21.0324223 ], [ 105.8573742, 21.0322678 ], [ 105.8573069, 21.032239 ], [ 105.857230900000019, 21.0323935 ], [ 105.8572981, 21.0324223 ] ] ] } },
{ "type": "Feature", "properties": { "element": "way", "id": 1114922929, "estimated_height": 12.0 }, "geometry": { "type": "Polygon", "coordinates": [ [ [ 105.8575784, 21.0325156 ], [ 105.857641, 21.0323885 ], [ 105.8573794, 21.0322764 ], [ 105.8573169, 21.0324036 ], [ 105.8575784, 21.0325156 ] ] ] } },
{ "type": "Feature", "properties": { "element": "way", "id": 1114922934, "estimated_height": 12.0 }, "geometry": { "type": "Polygon", "coordinates": [ [ [ 105.8502075, 21.0313262 ], [ 105.8502817, 21.0312216 ], [ 105.8501749, 21.0311556 ], [ 105.85015820000001, 21.0311648 ], [ 105.8501208, 21.0311438 ], [ 105.8500985, 21.0311784 ], [ 105.8500832, 21.0312494 ], [ 105.8502075, 21.0313262 ] ] ] } },
{ "type": "Feature", "properties": { "element": "way", "id": 1114922946, "estimated_height": 12.0 }, "geometry": { "type": "Polygon", "coordinates": [ [ [ 105.8571535, 21.0290027 ], [ 105.857285100000013, 21.0290294 ], [ 105.8573232, 21.0288656 ], [ 105.8571917, 21.0288389 ], [ 105.8571535, 21.0290027 ] ] ] } },
{ "type": "Feature", "properties": { "element": "way", "id": 1114922947, "estimated_height": 12.0 }, "geometry": { "type": "Polygon", "coordinates": [ [ [ 105.857041, 21.0289905 ], [ 105.8571433, 21.0290112 ], [ 105.8571861, 21.0288272 ], [ 105.857083800000012, 21.0288065 ], [ 105.857041, 21.0289905 ] ] ] } },
{ "type": "Feature", "properties": { "element": "way", "id": 1114922948, "estimated_height": 12.0 }, "geometry": { "type": "Polygon", "coordinates": [ [ [ 105.8574774, 21.0290534 ], [ 105.8575292, 21.0289323 ], [ 105.8573661, 21.0288731 ], [ 105.8573144, 21.0289973 ], [ 105.8574774, 21.0290534 ] ] ] } },
{ "type": "Feature", "properties": { "element": "way", "id": 1114922949, "estimated_height": 12.0 }, "geometry": { "type": "Polygon", "coordinates": [ [ [ 105.857346, 21.0288522 ], [ 105.8575452, 21.0289245 ], [ 105.8576043, 21.0287829 ], [ 105.857405, 21.0287106 ], [ 105.857346, 21.0288522 ] ] ] } },
{ "type": "Feature", "properties": { "element": "way", "id": 1114922952, "estimated_height": 12.0 }, "geometry": { "type": "Polygon", "coordinates": [ [ [ 105.8540197, 21.0309333 ], [ 105.8541296, 21.030931 ], [ 105.8541286, 21.0308873 ], [ 105.8541719, 21.0308654 ], [ 105.8541696, 21.0307693 ], [ 105.8540158, 21.0307726 ], [ 105.8540197, 21.0309333 ] ] ] } },
{ "type": "Feature", "properties": { "element": "way", "id": 1114922960, "estimated_height": 12.0 }, "geometry": { "type": "Polygon", "coordinates": [ [ [ 105.8539945, 21.0300961 ], [ 105.8541102, 21.0300923 ], [ 105.8541122, 21.0300482 ], [ 105.8540452, 21.0300489 ], [ 105.8540416, 21.0299974 ], [ 105.853996, 21.0299976 ], [ 105.8539945, 21.0300961 ] ] ] } },
{ "type": "Feature", "properties": { "element": "way", "id": 1114985414, "estimated_height": 12.0 }, "geometry": { "type": "Polygon", "coordinates": [ [ [ 105.8496623, 21.0316227 ], [ 105.8497774, 21.0314448 ], [ 105.8497445, 21.0313853 ], [ 105.8496926, 21.0313568 ], [ 105.8496291, 21.0314576 ], [ 105.8496339, 21.0314673 ], [ 105.8496092, 21.0315031 ], [ 105.8496158, 21.0315115 ], [ 105.8496035, 21.031529 ], [ 105.8496136, 21.0315435 ], [ 105.8496028, 21.031558 ], [ 105.8496102, 21.0315934 ], [ 105.8496623, 21.0316227 ] ] ] } },
{ "type": "Feature", "properties": { "element": "way", "id": 1114985415, "estimated_height": 12.0 }, "geometry": { "type": "Polygon", "coordinates": [ [ [ 105.850132, 21.0318979 ], [ 105.8502533, 21.0319811 ], [ 105.8503968, 21.0317988 ], [ 105.8502755, 21.0317156 ], [ 105.850132, 21.0318979 ] ] ] } },
{ "type": "Feature", "properties": { "element": "way", "id": 1117172697, "estimated_height": 12.0 }, "geometry": { "type": "Polygon", "coordinates": [ [ [ 105.8533607, 21.0319313 ], [ 105.8534073, 21.0318287 ], [ 105.8533627, 21.0318111 ], [ 105.8533161, 21.0319137 ], [ 105.8533607, 21.0319313 ] ] ] } },
{ "type": "Feature", "properties": { "element": "way", "id": 1117172698, "estimated_height": 12.0 }, "geometry": { "type": "Polygon", "coordinates": [ [ [ 105.8532205, 21.0319151 ], [ 105.8532992, 21.0319432 ], [ 105.8533562, 21.0318046 ], [ 105.8532775, 21.0317764 ], [ 105.8532205, 21.0319151 ] ] ] } },
{ "type": "Feature", "properties": { "element": "way", "id": 1117172699, "estimated_height": 12.0 }, "geometry": { "type": "Polygon", "coordinates": [ [ [ 105.8535729, 21.0315434 ], [ 105.8536946, 21.0315534 ], [ 105.8536995, 21.0315018 ], [ 105.8535778, 21.0314918 ], [ 105.8535729, 21.0315434 ] ] ] } },
{ "type": "Feature", "properties": { "element": "way", "id": 1117172700, "estimated_height": 12.0 }, "geometry": { "type": "Polygon", "coordinates": [ [ [ 105.8537087, 21.0314969 ], [ 105.8537037, 21.0315456 ], [ 105.8538616, 21.0315597 ], [ 105.8538689, 21.0314883 ], [ 105.8537357, 21.0314764 ], [ 105.8537409, 21.0314288 ], [ 105.8536658, 21.0314216 ], [ 105.8536581, 21.0314921 ], [ 105.8537087, 21.0314969 ] ] ] } },
{ "type": "Feature", "properties": { "element": "way", "id": 1117172701, "estimated_height": 12.0 }, "geometry": { "type": "Polygon", "coordinates": [ [ [ 105.853553500000018, 21.0314858 ], [ 105.8536497, 21.0314961 ], [ 105.8536586, 21.031424 ], [ 105.8535624, 21.0314137 ], [ 105.853553500000018, 21.0314858 ] ] ] } },
{ "type": "Feature", "properties": { "element": "way", "id": 1117172702, "estimated_height": 12.0 }, "geometry": { "type": "Polygon", "coordinates": [ [ [ 105.8535414, 21.0315877 ], [ 105.8536015, 21.0316122 ], [ 105.8536175, 21.031578 ], [ 105.8535573, 21.0315536 ], [ 105.8535414, 21.0315877 ] ] ] } },
{ "type": "Feature", "properties": { "element": "way", "id": 1117172703, "estimated_height": 12.0 }, "geometry": { "type": "Polygon", "coordinates": [ [ [ 105.8534891, 21.0315643 ], [ 105.853537800000012, 21.0315841 ], [ 105.8535695, 21.0315161 ], [ 105.8535208, 21.0314963 ], [ 105.8534891, 21.0315643 ] ] ] } },
{ "type": "Feature", "properties": { "element": "way", "id": 1117172704, "estimated_height": 12.0 }, "geometry": { "type": "Polygon", "coordinates": [ [ [ 105.8534237, 21.031537 ], [ 105.8534835, 21.0315614 ], [ 105.8535323, 21.0314569 ], [ 105.8534725, 21.0314326 ], [ 105.8534237, 21.031537 ] ] ] } },
{ "type": "Feature", "properties": { "element": "way", "id": 1117172705, "estimated_height": 12.0 }, "geometry": { "type": "Polygon", "coordinates": [ [ [ 105.8534738, 21.0316153 ], [ 105.8535528, 21.0316452 ], [ 105.8535699, 21.0316059 ], [ 105.8534909, 21.031576 ], [ 105.8534738, 21.0316153 ] ] ] } },
{ "type": "Feature", "properties": { "element": "way", "id": 1117172706, "estimated_height": 12.0 }, "geometry": { "type": "Polygon", "coordinates": [ [ [ 105.8533965, 21.0315336 ], [ 105.8533762, 21.0315742 ], [ 105.8534663, 21.0316103 ], [ 105.8534853, 21.0315697 ], [ 105.8533965, 21.0315336 ] ] ] } },
{ "type": "Feature", "properties": { "element": "way", "id": 1117175817, "estimated_height": 12.0 }, "geometry": { "type": "Polygon", "coordinates": [ [ [ 105.8536319, 21.0321188 ], [ 105.8537099, 21.0321218 ], [ 105.8537194, 21.0319042 ], [ 105.8536413, 21.0319012 ], [ 105.8536319, 21.0321188 ] ] ] } },
{ "type": "Feature", "properties": { "element": "way", "id": 1117175818, "estimated_height": 12.0 }, "geometry": { "type": "Polygon", "coordinates": [ [ [ 105.8534803, 21.0321398 ], [ 105.8535435, 21.0321426 ], [ 105.853553, 21.0319525 ], [ 105.8534898, 21.0319498 ], [ 105.8534803, 21.0321398 ] ] ] } },
{ "type": "Feature", "properties": { "element": "way", "id": 1117175819, "estimated_height": 12.0 }, "geometry": { "type": "Polygon", "coordinates": [ [ [ 105.8534775, 21.0321643 ], [ 105.8534686, 21.0318742 ], [ 105.8534254, 21.0318753 ], [ 105.8534343, 21.0321654 ], [ 105.8534775, 21.0321643 ] ] ] } },
{ "type": "Feature", "properties": { "element": "way", "id": 1117175820, "estimated_height": 12.0 }, "geometry": { "type": "Polygon", "coordinates": [ [ [ 105.8533623, 21.0321585 ], [ 105.8533563, 21.0319642 ], [ 105.8532859, 21.0319661 ], [ 105.853291900000016, 21.0321604 ], [ 105.8533623, 21.0321585 ] ] ] } },
{ "type": "Feature", "properties": { "element": "way", "id": 1117175821, "estimated_height": 12.0 }, "geometry": { "type": "Polygon", "coordinates": [ [ [ 105.8532289, 21.0321526 ], [ 105.8532819, 21.0321512 ], [ 105.8532756, 21.0319449 ], [ 105.8532225, 21.0319464 ], [ 105.8532289, 21.0321526 ] ] ] } },
{ "type": "Feature", "properties": { "element": "way", "id": 1117177811, "estimated_height": 12.0 }, "geometry": { "type": "Polygon", "coordinates": [ [ [ 105.854566, 21.0306511 ], [ 105.8545616, 21.0307137 ], [ 105.8547202, 21.0307234 ], [ 105.8547246, 21.0306607 ], [ 105.854566, 21.0306511 ] ] ] } },
{ "type": "Feature", "properties": { "element": "way", "id": 1117177823, "estimated_height": 12.0 }, "geometry": { "type": "Polygon", "coordinates": [ [ [ 105.85439, 21.0310507 ], [ 105.8543719, 21.0311683 ], [ 105.8545606, 21.0311935 ], [ 105.854578600000011, 21.0310759 ], [ 105.85439, 21.0310507 ] ] ] } },
{ "type": "Feature", "properties": { "element": "way", "id": 1117240270, "estimated_height": 7.0 }, "geometry": { "type": "Polygon", "coordinates": [ [ [ 105.8511537, 21.0310679 ], [ 105.8511517, 21.0310197 ], [ 105.8511541, 21.030986 ], [ 105.8510654, 21.0309862 ], [ 105.851068, 21.0310742 ], [ 105.8510828, 21.0311693 ], [ 105.8511166, 21.0312653 ], [ 105.8511553, 21.0313393 ], [ 105.8512334, 21.0313022 ], [ 105.8511995, 21.0312398 ], [ 105.8511657, 21.0311439 ], [ 105.8511537, 21.0310679 ] ] ] } },
{ "type": "Feature", "properties": { "element": "way", "id": 1117240274, "estimated_height": 12.0 }, "geometry": { "type": "Polygon", "coordinates": [ [ [ 105.850775, 21.0316632 ], [ 105.8508051, 21.0316804 ], [ 105.8509111, 21.0315196 ], [ 105.850881, 21.0315023 ], [ 105.850775, 21.0316632 ] ] ] } },
{ "type": "Feature", "properties": { "element": "way", "id": 1117241065, "estimated_height": 12.0 }, "geometry": { "type": "Polygon", "coordinates": [ [ [ 105.8528883, 21.0253397 ], [ 105.8528641, 21.0252714 ], [ 105.8528172, 21.0252859 ], [ 105.852841400000017, 21.0253542 ], [ 105.8528883, 21.0253397 ] ] ] } },
{ "type": "Feature", "properties": { "element": "way", "id": 1117241066, "estimated_height": 12.0 }, "geometry": { "type": "Polygon", "coordinates": [ [ [ 105.8527806, 21.0253426 ], [ 105.8528256, 21.0253287 ], [ 105.8528098, 21.025284 ], [ 105.8527648, 21.0252979 ], [ 105.8527806, 21.0253426 ] ] ] } },
{ "type": "Feature", "properties": { "element": "way", "id": 1117241067, "estimated_height": 12.0 }, "geometry": { "type": "Polygon", "coordinates": [ [ [ 105.8527243, 21.0253685 ], [ 105.8527796, 21.0253515 ], [ 105.8527602, 21.0252965 ], [ 105.8527049, 21.0253136 ], [ 105.8527243, 21.0253685 ] ] ] } },
{ "type": "Feature", "properties": { "element": "way", "id": 1117241068, "estimated_height": 12.0 }, "geometry": { "type": "Polygon", "coordinates": [ [ [ 105.8526489, 21.0253857 ], [ 105.8526987, 21.0253704 ], [ 105.8526811, 21.0253206 ], [ 105.8526313, 21.025336 ], [ 105.8526489, 21.0253857 ] ] ] } },
{ "type": "Feature", "properties": { "element": "way", "id": 1117241069, "estimated_height": 12.0 }, "geometry": { "type": "Polygon", "coordinates": [ [ [ 105.8526381, 21.0253907 ], [ 105.8526033, 21.0252925 ], [ 105.8525657, 21.0253041 ], [ 105.8526005, 21.0254024 ], [ 105.8526381, 21.0253907 ] ] ] } },
{ "type": "Feature", "properties": { "element": "way", "id": 1117241070, "estimated_height": 12.0 }, "geometry": { "type": "Polygon", "coordinates": [ [ [ 105.8525382, 21.0254202 ], [ 105.852596300000016, 21.0254022 ], [ 105.8525721, 21.0253338 ], [ 105.852514, 21.0253517 ], [ 105.8525382, 21.0254202 ] ] ] } },
{ "type": "Feature", "properties": { "element": "way", "id": 1117241071, "estimated_height": 12.0 }, "geometry": { "type": "Polygon", "coordinates": [ [ [ 105.8525, 21.0254712 ], [ 105.8525375, 21.0254596 ], [ 105.852517100000014, 21.025402 ], [ 105.8524796, 21.0254136 ], [ 105.8525, 21.0254712 ] ] ] } },
{ "type": "Feature", "properties": { "element": "way", "id": 1117241072, "estimated_height": 12.0 }, "geometry": { "type": "Polygon", "coordinates": [ [ [ 105.8524796, 21.0254871 ], [ 105.8524949, 21.0255305 ], [ 105.852537200000015, 21.0255175 ], [ 105.8525219, 21.0254741 ], [ 105.8524796, 21.0254871 ] ] ] } },
{ "type": "Feature", "properties": { "element": "way", "id": 1117241073, "estimated_height": 12.0 }, "geometry": { "type": "Polygon", "coordinates": [ [ [ 105.852669, 21.0254493 ], [ 105.8527125, 21.0254358 ], [ 105.8526928, 21.0253801 ], [ 105.85264930000001, 21.0253935 ], [ 105.852669, 21.0254493 ] ] ] } },
{ "type": "Feature", "properties": { "element": "way", "id": 1117241074, "estimated_height": 12.0 }, "geometry": { "type": "Polygon", "coordinates": [ [ [ 105.8526093, 21.0254781 ], [ 105.8526651, 21.0254608 ], [ 105.8526415, 21.0253942 ], [ 105.8525857, 21.0254114 ], [ 105.8526093, 21.0254781 ] ] ] } },
{ "type": "Feature", "properties": { "element": "way", "id": 1117241075, "estimated_height": 12.0 }, "geometry": { "type": "Polygon", "coordinates": [ [ [ 105.8525342, 21.0254333 ], [ 105.8525579, 21.0255001 ], [ 105.852605, 21.0254856 ], [ 105.8525813, 21.0254188 ], [ 105.8525342, 21.0254333 ] ] ] } },
{ "type": "Feature", "properties": { "element": "way", "id": 1117241076, "estimated_height": 12.0 }, "geometry": { "type": "Polygon", "coordinates": [ [ [ 105.8525215, 21.0256001 ], [ 105.852581, 21.0255817 ], [ 105.852557300000015, 21.025515 ], [ 105.8524978, 21.0255334 ], [ 105.8525215, 21.0256001 ] ] ] } },
{ "type": "Feature", "properties": { "element": "way", "id": 1117241077, "estimated_height": 12.0 }, "geometry": { "type": "Polygon", "coordinates": [ [ [ 105.8525855, 21.0255788 ], [ 105.8526332, 21.0255641 ], [ 105.8526076, 21.0254918 ], [ 105.8525599, 21.0255066 ], [ 105.8525855, 21.0255788 ] ] ] } },
{ "type": "Feature", "properties": { "element": "way", "id": 1117241078, "estimated_height": 12.0 }, "geometry": { "type": "Polygon", "coordinates": [ [ [ 105.8526368, 21.0255601 ], [ 105.8526901, 21.0255436 ], [ 105.8526636, 21.025469 ], [ 105.8526104, 21.0254854 ], [ 105.8526368, 21.0255601 ] ] ] } },
{ "type": "Feature", "properties": { "element": "way", "id": 1117241079, "estimated_height": 12.0 }, "geometry": { "type": "Polygon", "coordinates": [ [ [ 105.8527394, 21.0255269 ], [ 105.8527819, 21.0255138 ], [ 105.8527666, 21.0254706 ], [ 105.8527241, 21.0254837 ], [ 105.8527394, 21.0255269 ] ] ] } },
{ "type": "Feature", "properties": { "element": "way", "id": 1117241080, "estimated_height": 12.0 }, "geometry": { "type": "Polygon", "coordinates": [ [ [ 105.8526955, 21.02554 ], [ 105.852732100000011, 21.0255287 ], [ 105.8527022, 21.0254443 ], [ 105.8526656, 21.0254556 ], [ 105.8526955, 21.02554 ] ] ] } },
{ "type": "Feature", "properties": { "element": "way", "id": 1117241081, "estimated_height": 12.0 }, "geometry": { "type": "Polygon", "coordinates": [ [ [ 105.8527303, 21.0254752 ], [ 105.8527661, 21.0254642 ], [ 105.852733700000016, 21.0253726 ], [ 105.8526979, 21.0253836 ], [ 105.8527303, 21.0254752 ] ] ] } },
{ "type": "Feature", "properties": { "element": "way", "id": 1117241082, "estimated_height": 12.0 }, "geometry": { "type": "Polygon", "coordinates": [ [ [ 105.8529168, 21.0254803 ], [ 105.8528733, 21.0253577 ], [ 105.8528443, 21.0253666 ], [ 105.8528878, 21.0254892 ], [ 105.8529168, 21.0254803 ] ] ] } },
{ "type": "Feature", "properties": { "element": "way", "id": 1117241083, "estimated_height": 12.0 }, "geometry": { "type": "Polygon", "coordinates": [ [ [ 105.8528795, 21.0254787 ], [ 105.8528291, 21.0253363 ], [ 105.8527833, 21.0253504 ], [ 105.8528338, 21.0254928 ], [ 105.8528795, 21.0254787 ] ] ] } },
{ "type": "Feature", "properties": { "element": "way", "id": 1117241084, "estimated_height": 12.0 }, "geometry": { "type": "Polygon", "coordinates": [ [ [ 105.8527927, 21.0255322 ], [ 105.8528377, 21.0255183 ], [ 105.8527827, 21.0253631 ], [ 105.8527377, 21.025377 ], [ 105.8527927, 21.0255322 ] ] ] } },
{ "type": "Feature", "properties": { "element": "way", "id": 1117241085, "estimated_height": 24.5 }, "geometry": { "type": "Polygon", "coordinates": [ [ [ 105.8513752, 21.0240065 ], [ 105.8516506, 21.0239118 ], [ 105.8515969, 21.0237759 ], [ 105.8513215, 21.0238707 ], [ 105.8513752, 21.0240065 ] ] ] } },
{ "type": "Feature", "properties": { "element": "way", "id": 1117241086, "estimated_height": 12.0 }, "geometry": { "type": "Polygon", "coordinates": [ [ [ 105.8528678, 21.024896 ], [ 105.852958, 21.0248834 ], [ 105.852951, 21.0248393 ], [ 105.8528608, 21.0248519 ], [ 105.8528678, 21.024896 ] ] ] } },
{ "type": "Feature", "properties": { "element": "way", "id": 1117241087, "estimated_height": 12.0 }, "geometry": { "type": "Polygon", "coordinates": [ [ [ 105.8528601, 21.0248487 ], [ 105.8529533, 21.0248337 ], [ 105.8529446, 21.0247868 ], [ 105.8528514, 21.0248018 ], [ 105.8528601, 21.0248487 ] ] ] } },
{ "type": "Feature", "properties": { "element": "way", "id": 1117241088, "estimated_height": 12.0 }, "geometry": { "type": "Polygon", "coordinates": [ [ [ 105.8527089, 21.0248224 ], [ 105.8529456, 21.0247821 ], [ 105.8529354, 21.02473 ], [ 105.8526987, 21.0247704 ], [ 105.8527089, 21.0248224 ] ] ] } },
{ "type": "Feature", "properties": { "element": "way", "id": 1117241089, "estimated_height": 12.0 }, "geometry": { "type": "Polygon", "coordinates": [ [ [ 105.8528088, 21.0247495 ], [ 105.8529414, 21.0247226 ], [ 105.8528683, 21.0244084 ], [ 105.852735700000011, 21.0244353 ], [ 105.8528088, 21.0247495 ] ] ] } },
{ "type": "Feature", "properties": { "element": "way", "id": 1117241090, "estimated_height": 12.0 }, "geometry": { "type": "Polygon", "coordinates": [ [ [ 105.8538928, 21.0246068 ], [ 105.8539738, 21.0245876 ], [ 105.853944, 21.0244778 ], [ 105.85386290000001, 21.0244969 ], [ 105.8538928, 21.0246068 ] ] ] } },
{ "type": "Feature", "properties": { "element": "way", "id": 1117241091, "estimated_height": 12.0 }, "geometry": { "type": "Polygon", "coordinates": [ [ [ 105.8537811, 21.0247001 ], [ 105.853903, 21.0246638 ], [ 105.8538681, 21.0245617 ], [ 105.8537462, 21.024598 ], [ 105.8537811, 21.0247001 ] ] ] } },
{ "type": "Feature", "properties": { "element": "way", "id": 1117241092, "estimated_height": 12.0 }, "geometry": { "type": "Polygon", "coordinates": [ [ [ 105.8537425, 21.0245924 ], [ 105.8538736, 21.0245558 ], [ 105.8538555, 21.0244992 ], [ 105.8537244, 21.0245358 ], [ 105.8537425, 21.0245924 ] ] ] } },
{ "type": "Feature", "properties": { "element": "way", "id": 1117241093, "estimated_height": 12.0 }, "geometry": { "type": "Polygon", "coordinates": [ [ [ 105.8537043, 21.0245361 ], [ 105.8538441, 21.0244979 ], [ 105.8538199, 21.0244205 ], [ 105.85368010000002, 21.0244587 ], [ 105.8537043, 21.0245361 ] ] ] } },
{ "type": "Feature", "properties": { "element": "way", "id": 1117241094, "estimated_height": 12.0 }, "geometry": { "type": "Polygon", "coordinates": [ [ [ 105.8536758, 21.0244497 ], [ 105.8538213, 21.0244103 ], [ 105.853788, 21.024303 ], [ 105.8536425, 21.0243424 ], [ 105.8536758, 21.0244497 ] ] ] } },
{ "type": "Feature", "properties": { "element": "way", "id": 1117241095, "estimated_height": 12.0 }, "geometry": { "type": "Polygon", "coordinates": [ [ [ 105.8536349, 21.024332 ], [ 105.853793, 21.0242929 ], [ 105.8537467, 21.0241301 ], [ 105.8535887, 21.0241693 ], [ 105.8536349, 21.024332 ] ] ] } },
{ "type": "Feature", "properties": { "element": "way", "id": 1117241096, "estimated_height": 12.0 }, "geometry": { "type": "Polygon", "coordinates": [ [ [ 105.8538502, 21.024496 ], [ 105.853941, 21.0244758 ], [ 105.8538472, 21.0241078 ], [ 105.8537563, 21.024128 ], [ 105.8538502, 21.024496 ] ] ] } },
{ "type": "Feature", "properties": { "element": "way", "id": 1117241097, "estimated_height": 12.0 }, "geometry": { "type": "Polygon", "coordinates": [ [ [ 105.8546609, 21.0242732 ], [ 105.8546982, 21.0243867 ], [ 105.8548225, 21.0243511 ], [ 105.8547851, 21.0242376 ], [ 105.8546609, 21.0242732 ] ] ] } },
{ "type": "Feature", "properties": { "element": "way", "id": 1117241098, "estimated_height": 12.0 }, "geometry": { "type": "Polygon", "coordinates": [ [ [ 105.8547018, 21.0243899 ], [ 105.8547408, 21.0245087 ], [ 105.8548801, 21.0244688 ], [ 105.8548411, 21.02435 ], [ 105.8547018, 21.0243899 ] ] ] } },
{ "type": "Feature", "properties": { "element": "way", "id": 1117241099, "estimated_height": 12.0 }, "geometry": { "type": "Polygon", "coordinates": [ [ [ 105.8547316, 21.0247836 ], [ 105.85481, 21.0247612 ], [ 105.854792, 21.0247063 ], [ 105.8547136, 21.0247288 ], [ 105.8547316, 21.0247836 ] ] ] } },
{ "type": "Feature", "properties": { "element": "way", "id": 1117241100, "estimated_height": 12.0 }, "geometry": { "type": "Polygon", "coordinates": [ [ [ 105.8547706, 21.0246082 ], [ 105.8549139, 21.0245649 ], [ 105.8548824, 21.0244739 ], [ 105.854739, 21.0245172 ], [ 105.8547706, 21.0246082 ] ] ] } },
{ "type": "Feature", "properties": { "element": "way", "id": 1117241101, "estimated_height": 12.0 }, "geometry": { "type": "Polygon", "coordinates": [ [ [ 105.8547846, 21.02469 ], [ 105.8548636, 21.0246674 ], [ 105.8548396, 21.0245943 ], [ 105.8547605, 21.0246169 ], [ 105.8547846, 21.02469 ] ] ] } },
{ "type": "Feature", "properties": { "element": "way", "id": 1117241102, "estimated_height": 12.0 }, "geometry": { "type": "Polygon", "coordinates": [ [ [ 105.8549348, 21.02465 ], [ 105.8549081, 21.0245689 ], [ 105.8548426, 21.0245877 ], [ 105.8548692, 21.0246688 ], [ 105.8549348, 21.02465 ] ] ] } },
{ "type": "Feature", "properties": { "element": "way", "id": 1117241103, "estimated_height": 12.0 }, "geometry": { "type": "Polygon", "coordinates": [ [ [ 105.8548174, 21.0247564 ], [ 105.8548263, 21.0247833 ], [ 105.8550012, 21.0247332 ], [ 105.8549923, 21.0247063 ], [ 105.8548174, 21.0247564 ] ] ] } },
{ "type": "Feature", "properties": { "element": "way", "id": 1117241104, "estimated_height": 12.0 }, "geometry": { "type": "Polygon", "coordinates": [ [ [ 105.8549448, 21.0248825 ], [ 105.8549056, 21.0247633 ], [ 105.8548171, 21.0247886 ], [ 105.8548563, 21.0249079 ], [ 105.8549448, 21.0248825 ] ] ] } },
{ "type": "Feature", "properties": { "element": "way", "id": 1117241105, "estimated_height": 12.0 }, "geometry": { "type": "Polygon", "coordinates": [ [ [ 105.854849, 21.0248997 ], [ 105.8548072, 21.0247729 ], [ 105.8545589, 21.024844 ], [ 105.8546007, 21.0249709 ], [ 105.854849, 21.0248997 ] ] ] } },
{ "type": "Feature", "properties": { "element": "way", "id": 1117241106, "estimated_height": 12.0 }, "geometry": { "type": "Polygon", "coordinates": [ [ [ 105.8545978, 21.0249676 ], [ 105.8545589, 21.0248493 ], [ 105.854454, 21.0248794 ], [ 105.8544929, 21.0249977 ], [ 105.8545978, 21.0249676 ] ] ] } },
{ "type": "Feature", "properties": { "element": "way", "id": 1117241107, "estimated_height": 12.0 }, "geometry": { "type": "Polygon", "coordinates": [ [ [ 105.8544882, 21.0249999 ], [ 105.8544519, 21.0248894 ], [ 105.8543578, 21.0249163 ], [ 105.8543941, 21.0250268 ], [ 105.8544882, 21.0249999 ] ] ] } },
{ "type": "Feature", "properties": { "element": "way", "id": 1117241108, "estimated_height": 12.0 }, "geometry": { "type": "Polygon", "coordinates": [ [ [ 105.8541891, 21.0249398 ], [ 105.8543083, 21.0249056 ], [ 105.8542589, 21.0247554 ], [ 105.8541397, 21.0247896 ], [ 105.8541891, 21.0249398 ] ] ] } },
{ "type": "Feature", "properties": { "element": "way", "id": 1117241109, "estimated_height": 12.0 }, "geometry": { "type": "Polygon", "coordinates": [ [ [ 105.8540527, 21.0249423 ], [ 105.854162300000013, 21.0249109 ], [ 105.8541043, 21.0247345 ], [ 105.8539947, 21.0247659 ], [ 105.8540527, 21.0249423 ] ] ] } },
{ "type": "Feature", "properties": { "element": "way", "id": 1117241110, "estimated_height": 12.0 }, "geometry": { "type": "Polygon", "coordinates": [ [ [ 105.8541144, 21.0251188 ], [ 105.8543935, 21.0250388 ], [ 105.8543478, 21.0249 ], [ 105.8541584, 21.0249543 ], [ 105.8541472, 21.0249204 ], [ 105.8540576, 21.0249461 ], [ 105.8541144, 21.0251188 ] ] ] } },
{ "type": "Feature", "properties": { "element": "way", "id": 1117241111, "estimated_height": 12.0 }, "geometry": { "type": "Polygon", "coordinates": [ [ [ 105.8540855, 21.0251125 ], [ 105.8540417, 21.0249792 ], [ 105.8537986, 21.0250488 ], [ 105.8538425, 21.0251822 ], [ 105.8540855, 21.0251125 ] ] ] } },
{ "type": "Feature", "properties": { "element": "way", "id": 1117241112, "estimated_height": 12.0 }, "geometry": { "type": "Polygon", "coordinates": [ [ [ 105.8520276, 21.025699 ], [ 105.8520754, 21.0256842 ], [ 105.8520444, 21.0255973 ], [ 105.8519966, 21.0256121 ], [ 105.8520276, 21.025699 ] ] ] } },
{ "type": "Feature", "properties": { "element": "way", "id": 1117241113, "estimated_height": 12.0 }, "geometry": { "type": "Polygon", "coordinates": [ [ [ 105.85204370000001, 21.0257597 ], [ 105.8520928, 21.0257445 ], [ 105.8520742, 21.0256924 ], [ 105.8520251, 21.0257077 ], [ 105.85204370000001, 21.0257597 ] ] ] } },
{ "type": "Feature", "properties": { "element": "way", "id": 1117241114, "estimated_height": 12.0 }, "geometry": { "type": "Polygon", "coordinates": [ [ [ 105.8520947, 21.0257319 ], [ 105.8521341, 21.0257196 ], [ 105.852104400000016, 21.0256364 ], [ 105.852065, 21.0256487 ], [ 105.8520947, 21.0257319 ] ] ] } },
{ "type": "Feature", "properties": { "element": "way", "id": 1117241115, "estimated_height": 12.0 }, "geometry": { "type": "Polygon", "coordinates": [ [ [ 105.8521326, 21.0257028 ], [ 105.8521852, 21.0256864 ], [ 105.8521473, 21.0255801 ], [ 105.8520946, 21.0255964 ], [ 105.8521326, 21.0257028 ] ] ] } },
{ "type": "Feature", "properties": { "element": "way", "id": 1117241116, "estimated_height": 12.0 }, "geometry": { "type": "Polygon", "coordinates": [ [ [ 105.8521859, 21.0256818 ], [ 105.8522226, 21.0256704 ], [ 105.8521882, 21.0255738 ], [ 105.852151400000011, 21.0255853 ], [ 105.8521859, 21.0256818 ] ] ] } },
{ "type": "Feature", "properties": { "element": "way", "id": 1117241117, "estimated_height": 12.0 }, "geometry": { "type": "Polygon", "coordinates": [ [ [ 105.8522264, 21.0256677 ], [ 105.8522798, 21.0256511 ], [ 105.8522261, 21.0255006 ], [ 105.852172700000011, 21.0255172 ], [ 105.8522264, 21.0256677 ] ] ] } },
{ "type": "Feature", "properties": { "element": "way", "id": 1117241118, "estimated_height": 12.0 }, "geometry": { "type": "Polygon", "coordinates": [ [ [ 105.8523015, 21.0256821 ], [ 105.8523547, 21.0256656 ], [ 105.8523096, 21.0255391 ], [ 105.8522564, 21.0255556 ], [ 105.8523015, 21.0256821 ] ] ] } },
{ "type": "Feature", "properties": { "element": "way", "id": 1117241119, "estimated_height": 12.0 }, "geometry": { "type": "Polygon", "coordinates": [ [ [ 105.852338700000018, 21.0256158 ], [ 105.8523702, 21.025606 ], [ 105.8523475, 21.0255422 ], [ 105.852316, 21.025552 ], [ 105.852338700000018, 21.0256158 ] ] ] } },
{ "type": "Feature", "properties": { "element": "way", "id": 1117241120, "estimated_height": 12.0 }, "geometry": { "type": "Polygon", "coordinates": [ [ [ 105.8523793, 21.0256214 ], [ 105.85241, 21.0256119 ], [ 105.8523766, 21.0255184 ], [ 105.852346, 21.025528 ], [ 105.8523793, 21.0256214 ] ] ] } },
{ "type": "Feature", "properties": { "element": "way", "id": 1117241121, "estimated_height": 12.0 }, "geometry": { "type": "Polygon", "coordinates": [ [ [ 105.8524162, 21.0256169 ], [ 105.8524589, 21.0256036 ], [ 105.8524209, 21.0254968 ], [ 105.8523781, 21.0255101 ], [ 105.8524162, 21.0256169 ] ] ] } },
{ "type": "Feature", "properties": { "element": "way", "id": 1117241122, "estimated_height": 12.0 }, "geometry": { "type": "Polygon", "coordinates": [ [ [ 105.8523529, 21.0254178 ], [ 105.8524386, 21.0253963 ], [ 105.8524045, 21.0252778 ], [ 105.8523188, 21.0252993 ], [ 105.8523529, 21.0254178 ] ] ] } },
{ "type": "Feature", "properties": { "element": "way", "id": 1117245544, "estimated_height": 12.0 }, "geometry": { "type": "Polygon", "coordinates": [ [ [ 105.8500683, 21.0271035 ], [ 105.8501963, 21.027101 ], [ 105.8501948, 21.0270327 ], [ 105.8500667, 21.0270352 ], [ 105.8500683, 21.0271035 ] ] ] } },
{ "type": "Feature", "properties": { "element": "way", "id": 1117245545, "estimated_height": 12.0 }, "geometry": { "type": "Polygon", "coordinates": [ [ [ 105.8499804, 21.0271154 ], [ 105.8500568, 21.0271133 ], [ 105.8500541, 21.02703 ], [ 105.8499777, 21.0270322 ], [ 105.8499804, 21.0271154 ] ] ] } },
{ "type": "Feature", "properties": { "element": "way", "id": 1117245546, "estimated_height": 12.0 }, "geometry": { "type": "Polygon", "coordinates": [ [ [ 105.8500408, 21.0270128 ], [ 105.850171500000016, 21.027004 ], [ 105.8501672, 21.0269482 ], [ 105.8500365, 21.026957 ], [ 105.8500408, 21.0270128 ] ] ] } },
{ "type": "Feature", "properties": { "element": "way", "id": 1117245547, "estimated_height": 12.0 }, "geometry": { "type": "Polygon", "coordinates": [ [ [ 105.8499435, 21.0270209 ], [ 105.850028, 21.0270172 ], [ 105.850024800000014, 21.0269543 ], [ 105.8499403, 21.026958 ], [ 105.8499435, 21.0270209 ] ] ] } },
{ "type": "Feature", "properties": { "element": "way", "id": 1117245548, "estimated_height": 12.0 }, "geometry": { "type": "Polygon", "coordinates": [ [ [ 105.8497752, 21.027101 ], [ 105.8499343, 21.027098 ], [ 105.8499317, 21.0269735 ], [ 105.8497725, 21.0269765 ], [ 105.8497752, 21.027101 ] ] ] } },
{ "type": "Feature", "properties": { "element": "way", "id": 1117245549, "estimated_height": 12.0 }, "geometry": { "type": "Polygon", "coordinates": [ [ [ 105.849999900000014, 21.0269195 ], [ 105.8501509, 21.026876 ], [ 105.8501242, 21.0267953 ], [ 105.8499732, 21.0268388 ], [ 105.849999900000014, 21.0269195 ] ] ] } },
{ "type": "Feature", "properties": { "element": "way", "id": 1117245550, "estimated_height": 12.0 }, "geometry": { "type": "Polygon", "coordinates": [ [ [ 105.8499616, 21.026835 ], [ 105.8501066, 21.0267933 ], [ 105.8500783, 21.0267077 ], [ 105.8499333, 21.0267494 ], [ 105.8499616, 21.026835 ] ] ] } },
{ "type": "Feature", "properties": { "element": "way", "id": 1117245551, "estimated_height": 12.0 }, "geometry": { "type": "Polygon", "coordinates": [ [ [ 105.8499569, 21.0268457 ], [ 105.8499432, 21.026804 ], [ 105.8498865, 21.0268203 ], [ 105.8499003, 21.026862 ], [ 105.8499569, 21.0268457 ] ] ] } },
{ "type": "Feature", "properties": { "element": "way", "id": 1117245552, "estimated_height": 12.0 }, "geometry": { "type": "Polygon", "coordinates": [ [ [ 105.849909, 21.0268992 ], [ 105.8499819, 21.0268782 ], [ 105.8499717, 21.0268472 ], [ 105.8498988, 21.0268682 ], [ 105.849909, 21.0268992 ] ] ] } },
{ "type": "Feature", "properties": { "element": "way", "id": 1117245553, "estimated_height": 12.0 }, "geometry": { "type": "Polygon", "coordinates": [ [ [ 105.8499409, 21.0267993 ], [ 105.8499194, 21.0267346 ], [ 105.8498641, 21.0267505 ], [ 105.8498855, 21.0268153 ], [ 105.8499409, 21.0267993 ] ] ] } },
{ "type": "Feature", "properties": { "element": "way", "id": 1117245554, "estimated_height": 12.0 }, "geometry": { "type": "Polygon", "coordinates": [ [ [ 105.849906, 21.0267366 ], [ 105.8499557, 21.0267223 ], [ 105.8499387, 21.0266709 ], [ 105.849889, 21.0266852 ], [ 105.849906, 21.0267366 ] ] ] } },
{ "type": "Feature", "properties": { "element": "way", "id": 1117245555, "estimated_height": 12.0 }, "geometry": { "type": "Polygon", "coordinates": [ [ [ 105.8498538, 21.0267427 ], [ 105.849901, 21.0267291 ], [ 105.849887, 21.0266868 ], [ 105.8498399, 21.0267004 ], [ 105.8498538, 21.0267427 ] ] ] } },
{ "type": "Feature", "properties": { "element": "way", "id": 1117245556, "estimated_height": 12.0 }, "geometry": { "type": "Polygon", "coordinates": [ [ [ 105.8498498, 21.0267443 ], [ 105.8498371, 21.0267058 ], [ 105.8498034, 21.0267155 ], [ 105.8498161, 21.026754 ], [ 105.8498498, 21.0267443 ] ] ] } },
{ "type": "Feature", "properties": { "element": "way", "id": 1117245557, "estimated_height": 12.0 }, "geometry": { "type": "Polygon", "coordinates": [ [ [ 105.8498113, 21.0267505 ], [ 105.8497928, 21.0266945 ], [ 105.849763, 21.0267031 ], [ 105.8497815, 21.0267591 ], [ 105.8498113, 21.0267505 ] ] ] } },
{ "type": "Feature", "properties": { "element": "way", "id": 1117245558, "estimated_height": 12.0 }, "geometry": { "type": "Polygon", "coordinates": [ [ [ 105.849818, 21.0268313 ], [ 105.8498368, 21.0268259 ], [ 105.8498138, 21.0267563 ], [ 105.849795, 21.0267617 ], [ 105.849818, 21.0268313 ] ] ] } },
{ "type": "Feature", "properties": { "element": "way", "id": 1117245559, "estimated_height": 12.0 }, "geometry": { "type": "Polygon", "coordinates": [ [ [ 105.8498932, 21.0268591 ], [ 105.849856, 21.0267463 ], [ 105.8498175, 21.0267574 ], [ 105.8498547, 21.0268702 ], [ 105.8498932, 21.0268591 ] ] ] } },
{ "type": "Feature", "properties": { "element": "way", "id": 1117245560, "estimated_height": 12.0 }, "geometry": { "type": "Polygon", "coordinates": [ [ [ 105.8499144, 21.0269442 ], [ 105.8498905, 21.026872 ], [ 105.8498517, 21.0268832 ], [ 105.8498755, 21.0269554 ], [ 105.8499144, 21.0269442 ] ] ] } },
{ "type": "Feature", "properties": { "element": "way", "id": 1117245561, "estimated_height": 12.0 }, "geometry": { "type": "Polygon", "coordinates": [ [ [ 105.8498269, 21.0268644 ], [ 105.849809400000012, 21.0268115 ], [ 105.8497886, 21.0268175 ], [ 105.8498061, 21.0268704 ], [ 105.8498269, 21.0268644 ] ] ] } },
{ "type": "Feature", "properties": { "element": "way", "id": 1117245562, "estimated_height": 12.0 }, "geometry": { "type": "Polygon", "coordinates": [ [ [ 105.8498037, 21.0268773 ], [ 105.849783300000013, 21.0268156 ], [ 105.8497377, 21.0268288 ], [ 105.8497581, 21.0268904 ], [ 105.8498037, 21.0268773 ] ] ] } },
{ "type": "Feature", "properties": { "element": "way", "id": 1117245563, "estimated_height": 12.0 }, "geometry": { "type": "Polygon", "coordinates": [ [ [ 105.8497585, 21.0268147 ], [ 105.8497933, 21.0268047 ], [ 105.8497618, 21.0267095 ], [ 105.849727, 21.0267195 ], [ 105.8497585, 21.0268147 ] ] ] } },
{ "type": "Feature", "properties": { "element": "way", "id": 1117245564, "estimated_height": 12.0 }, "geometry": { "type": "Polygon", "coordinates": [ [ [ 105.8497068, 21.0268112 ], [ 105.8497202, 21.0268074 ], [ 105.849696100000017, 21.0267346 ], [ 105.849682800000011, 21.0267384 ], [ 105.8497068, 21.0268112 ] ] ] } },
{ "type": "Feature", "properties": { "element": "way", "id": 1117245565, "estimated_height": 12.0 }, "geometry": { "type": "Polygon", "coordinates": [ [ [ 105.8497538, 21.026892 ], [ 105.8497301, 21.0268204 ], [ 105.8496813, 21.0268344 ], [ 105.849705, 21.026906 ], [ 105.8497538, 21.026892 ] ] ] } },
{ "type": "Feature", "properties": { "element": "way", "id": 1117245566, "estimated_height": 12.0 }, "geometry": { "type": "Polygon", "coordinates": [ [ [ 105.8497276, 21.026968 ], [ 105.8498603, 21.0269298 ], [ 105.8498419, 21.0268741 ], [ 105.8497092, 21.0269124 ], [ 105.8497276, 21.026968 ] ] ] } },
{ "type": "Feature", "properties": { "element": "way", "id": 1117245567, "estimated_height": 12.0 }, "geometry": { "type": "Polygon", "coordinates": [ [ [ 105.8494845, 21.0268585 ], [ 105.8495963, 21.0268263 ], [ 105.8495801, 21.0267771 ], [ 105.8494683, 21.0268093 ], [ 105.8494845, 21.0268585 ] ] ] } },
{ "type": "Feature", "properties": { "element": "way", "id": 1117245568, "estimated_height": 12.0 }, "geometry": { "type": "Polygon", "coordinates": [ [ [ 105.8494104, 21.0268191 ], [ 105.8496252, 21.0267572 ], [ 105.849592800000011, 21.0266591 ], [ 105.849378, 21.026721 ], [ 105.8494104, 21.0268191 ] ] ] } },
{ "type": "Feature", "properties": { "element": "way", "id": 1117245569, "estimated_height": 12.0 }, "geometry": { "type": "Polygon", "coordinates": [ [ [ 105.8496441, 21.0268056 ], [ 105.849695, 21.026791 ], [ 105.8496646, 21.0266989 ], [ 105.8496137, 21.0267135 ], [ 105.8496441, 21.0268056 ] ] ] } },
{ "type": "Feature", "properties": { "element": "way", "id": 1117245570, "estimated_height": 12.0 }, "geometry": { "type": "Polygon", "coordinates": [ [ [ 105.8497269, 21.0268184 ], [ 105.8497534, 21.0268108 ], [ 105.8497269, 21.0267308 ], [ 105.849700500000012, 21.0267384 ], [ 105.8497269, 21.0268184 ] ] ] } },
{ "type": "Feature", "properties": { "element": "way", "id": 1117245571, "estimated_height": 12.0 }, "geometry": { "type": "Polygon", "coordinates": [ [ [ 105.8497521, 21.0267008 ], [ 105.8497926, 21.0266891 ], [ 105.8497544, 21.0265737 ], [ 105.8497139, 21.0265854 ], [ 105.8497521, 21.0267008 ] ] ] } },
{ "type": "Feature", "properties": { "element": "way", "id": 1117245572, "estimated_height": 12.0 }, "geometry": { "type": "Polygon", "coordinates": [ [ [ 105.849682, 21.0267292 ], [ 105.8497433, 21.0267116 ], [ 105.8497021, 21.0265872 ], [ 105.8496409, 21.0266048 ], [ 105.849682, 21.0267292 ] ] ] } },
{ "type": "Feature", "properties": { "element": "way", "id": 1117245573, "estimated_height": 12.0 }, "geometry": { "type": "Polygon", "coordinates": [ [ [ 105.8498041, 21.026708 ], [ 105.8498945, 21.0266819 ], [ 105.8498503, 21.0265484 ], [ 105.8497599, 21.0265744 ], [ 105.8498041, 21.026708 ] ] ] } },
{ "type": "Feature", "properties": { "element": "way", "id": 1117245574, "estimated_height": 12.0 }, "geometry": { "type": "Polygon", "coordinates": [ [ [ 105.8499978, 21.0267267 ], [ 105.8500877, 21.0267009 ], [ 105.8500616, 21.0266216 ], [ 105.8499716, 21.0266475 ], [ 105.8499978, 21.0267267 ] ] ] } },
{ "type": "Feature", "properties": { "element": "way", "id": 1117245575, "estimated_height": 12.0 }, "geometry": { "type": "Polygon", "coordinates": [ [ [ 105.8499221, 21.026651 ], [ 105.8500592, 21.0266115 ], [ 105.8500193, 21.0264908 ], [ 105.8498822, 21.0265303 ], [ 105.8499221, 21.026651 ] ] ] } },
{ "type": "Feature", "properties": { "element": "way", "id": 1117245577, "estimated_height": 12.0 }, "geometry": { "type": "Polygon", "coordinates": [ [ [ 105.8497109, 21.0240328 ], [ 105.8496859, 21.0239572 ], [ 105.849564700000016, 21.0239921 ], [ 105.8495897, 21.0240677 ], [ 105.8497109, 21.0240328 ] ] ] } },
{ "type": "Feature", "properties": { "element": "way", "id": 1117245578, "estimated_height": 12.0 }, "geometry": { "type": "Polygon", "coordinates": [ [ [ 105.8494721, 21.0241862 ], [ 105.8496017, 21.0241489 ], [ 105.8495828, 21.0240917 ], [ 105.8494532, 21.024129 ], [ 105.8494721, 21.0241862 ] ] ] } },
{ "type": "Feature", "properties": { "element": "way", "id": 1117245579, "estimated_height": 12.0 }, "geometry": { "type": "Polygon", "coordinates": [ [ [ 105.849444, 21.024123 ], [ 105.8495812, 21.0240835 ], [ 105.849556, 21.0240072 ], [ 105.8494188, 21.0240467 ], [ 105.849444, 21.024123 ] ] ] } },
{ "type": "Feature", "properties": { "element": "way", "id": 1117245580, "estimated_height": 12.0 }, "geometry": { "type": "Polygon", "coordinates": [ [ [ 105.8494232, 21.0240328 ], [ 105.8495388, 21.0239996 ], [ 105.8495117, 21.0239177 ], [ 105.8493961, 21.0239509 ], [ 105.8494232, 21.0240328 ] ] ] } },
{ "type": "Feature", "properties": { "element": "way", "id": 1117245608, "estimated_height": 12.0 }, "geometry": { "type": "Polygon", "coordinates": [ [ [ 105.849327, 21.0250039 ], [ 105.8494523, 21.024967 ], [ 105.8493746, 21.024737 ], [ 105.8492492, 21.0247739 ], [ 105.849327, 21.0250039 ] ] ] } },
{ "type": "Feature", "properties": { "element": "way", "id": 1117245609, "estimated_height": 12.0 }, "geometry": { "type": "Polygon", "coordinates": [ [ [ 105.8512954, 21.0241255 ], [ 105.8513966, 21.0240935 ], [ 105.8513483, 21.0239602 ], [ 105.8512471, 21.0239922 ], [ 105.8512954, 21.0241255 ] ] ] } },
{ "type": "Feature", "properties": { "element": "way", "id": 1117245617, "estimated_height": 12.0 }, "geometry": { "type": "Polygon", "coordinates": [ [ [ 105.8509473, 21.0252771 ], [ 105.8510586, 21.025244 ], [ 105.8510352, 21.0251757 ], [ 105.850924, 21.0252089 ], [ 105.8509473, 21.0252771 ] ] ] } },
{ "type": "Feature", "properties": { "element": "way", "id": 1117245618, "estimated_height": 12.0 }, "geometry": { "type": "Polygon", "coordinates": [ [ [ 105.8509272, 21.0251952 ], [ 105.8510312, 21.0251641 ], [ 105.8509983, 21.0250681 ], [ 105.8508943, 21.0250991 ], [ 105.8509272, 21.0251952 ] ] ] } },
{ "type": "Feature", "properties": { "element": "way", "id": 1117245619, "estimated_height": 12.0 }, "geometry": { "type": "Polygon", "coordinates": [ [ [ 105.8508578, 21.0250008 ], [ 105.8509575, 21.0249711 ], [ 105.8509413, 21.0249238 ], [ 105.8508417, 21.0249536 ], [ 105.8508578, 21.0250008 ] ] ] } },
{ "type": "Feature", "properties": { "element": "way", "id": 1117245620, "estimated_height": 12.0 }, "geometry": { "type": "Polygon", "coordinates": [ [ [ 105.8508897, 21.0250938 ], [ 105.8509835, 21.0250658 ], [ 105.8509534, 21.024978 ], [ 105.8508596, 21.0250059 ], [ 105.8508897, 21.0250938 ] ] ] } },
{ "type": "Feature", "properties": { "element": "way", "id": 1117245621, "estimated_height": 12.0 }, "geometry": { "type": "Polygon", "coordinates": [ [ [ 105.8509886, 21.0250427 ], [ 105.8511124, 21.0250058 ], [ 105.8510774, 21.0249038 ], [ 105.8509537, 21.0249407 ], [ 105.8509886, 21.0250427 ] ] ] } },
{ "type": "Feature", "properties": { "element": "way", "id": 1117245622, "estimated_height": 12.0 }, "geometry": { "type": "Polygon", "coordinates": [ [ [ 105.851080100000019, 21.0248978 ], [ 105.8511205, 21.0250157 ], [ 105.8511988, 21.0249924 ], [ 105.8511584, 21.0248745 ], [ 105.851080100000019, 21.0248978 ] ] ] } },
{ "type": "Feature", "properties": { "element": "way", "id": 1117245623, "estimated_height": 12.0 }, "geometry": { "type": "Polygon", "coordinates": [ [ [ 105.8512015, 21.0249892 ], [ 105.8512808, 21.0249656 ], [ 105.8512424, 21.0248534 ], [ 105.8511631, 21.0248771 ], [ 105.8512015, 21.0249892 ] ] ] } },
{ "type": "Feature", "properties": { "element": "way", "id": 1117245624, "estimated_height": 12.0 }, "geometry": { "type": "Polygon", "coordinates": [ [ [ 105.8510157, 21.0250543 ], [ 105.8510342, 21.0251081 ], [ 105.851292, 21.0250312 ], [ 105.8512736, 21.0249774 ], [ 105.8510157, 21.0250543 ] ] ] } },
{ "type": "Feature", "properties": { "element": "way", "id": 1117245625, "estimated_height": 12.0 }, "geometry": { "type": "Polygon", "coordinates": [ [ [ 105.8510935, 21.0252521 ], [ 105.85134410000002, 21.0251774 ], [ 105.8513195, 21.0251056 ], [ 105.851069, 21.0251804 ], [ 105.8510935, 21.0252521 ] ] ] } },
{ "type": "Feature", "properties": { "element": "way", "id": 1117245626, "estimated_height": 12.0 }, "geometry": { "type": "Polygon", "coordinates": [ [ [ 105.8503831, 21.0260824 ], [ 105.8504362, 21.0260665 ], [ 105.8504226, 21.026027 ], [ 105.8503695, 21.0260428 ], [ 105.8503831, 21.0260824 ] ] ] } },
{ "type": "Feature", "properties": { "element": "way", "id": 1117245627, "estimated_height": 12.0 }, "geometry": { "type": "Polygon", "coordinates": [ [ [ 105.850423, 21.0260048 ], [ 105.8505243, 21.0259745 ], [ 105.8505018, 21.0259087 ], [ 105.8504004, 21.0259389 ], [ 105.850423, 21.0260048 ] ] ] } },
{ "type": "Feature", "properties": { "element": "way", "id": 1117245628, "estimated_height": 12.0 }, "geometry": { "type": "Polygon", "coordinates": [ [ [ 105.850548, 21.0259816 ], [ 105.8505971, 21.025967 ], [ 105.8505772, 21.025909 ], [ 105.8505282, 21.0259236 ], [ 105.850548, 21.0259816 ] ] ] } },
{ "type": "Feature", "properties": { "element": "way", "id": 1117245629, "estimated_height": 12.0 }, "geometry": { "type": "Polygon", "coordinates": [ [ [ 105.8505521, 21.0260379 ], [ 105.8506125, 21.0260199 ], [ 105.8505967, 21.0259738 ], [ 105.8505363, 21.0259918 ], [ 105.8505521, 21.0260379 ] ] ] } },
{ "type": "Feature", "properties": { "element": "way", "id": 1117245630, "estimated_height": 12.0 }, "geometry": { "type": "Polygon", "coordinates": [ [ [ 105.8506972, 21.0259362 ], [ 105.850733700000021, 21.0259253 ], [ 105.8507133, 21.0258658 ], [ 105.8506768, 21.0258767 ], [ 105.8506972, 21.0259362 ] ] ] } },
{ "type": "Feature", "properties": { "element": "way", "id": 1117245631, "estimated_height": 12.0 }, "geometry": { "type": "Polygon", "coordinates": [ [ [ 105.850712, 21.025981 ], [ 105.850748, 21.0259702 ], [ 105.8507358, 21.0259347 ], [ 105.8506998, 21.0259454 ], [ 105.850712, 21.025981 ] ] ] } },
{ "type": "Feature", "properties": { "element": "way", "id": 1117245632, "estimated_height": 12.0 }, "geometry": { "type": "Polygon", "coordinates": [ [ [ 105.850615, 21.0260071 ], [ 105.8507028, 21.0259809 ], [ 105.8506661, 21.0258739 ], [ 105.8505784, 21.0259 ], [ 105.850615, 21.0260071 ] ] ] } },
{ "type": "Feature", "properties": { "element": "way", "id": 1117245633, "estimated_height": 12.0 }, "geometry": { "type": "Polygon", "coordinates": [ [ [ 105.8506436, 21.0258755 ], [ 105.8507017, 21.0258598 ], [ 105.8506714, 21.0257625 ], [ 105.8506133, 21.0257783 ], [ 105.8506436, 21.0258755 ] ] ] } },
{ "type": "Feature", "properties": { "element": "way", "id": 1117245634, "estimated_height": 12.0 }, "geometry": { "type": "Polygon", "coordinates": [ [ [ 105.8505832, 21.0258696 ], [ 105.8506315, 21.0258565 ], [ 105.8506074, 21.0257788 ], [ 105.8505591, 21.0257919 ], [ 105.8505832, 21.0258696 ] ] ] } },
{ "type": "Feature", "properties": { "element": "way", "id": 1117245635, "estimated_height": 12.0 }, "geometry": { "type": "Polygon", "coordinates": [ [ [ 105.8505522, 21.0257869 ], [ 105.8506532, 21.0257595 ], [ 105.8506099, 21.0256205 ], [ 105.8505089, 21.0256479 ], [ 105.8505522, 21.0257869 ] ] ] } },
{ "type": "Feature", "properties": { "element": "way", "id": 1117245636, "estimated_height": 12.0 }, "geometry": { "type": "Polygon", "coordinates": [ [ [ 105.8506563, 21.0256414 ], [ 105.8506949, 21.0256304 ], [ 105.8506785, 21.0255801 ], [ 105.8506399, 21.0255911 ], [ 105.8506563, 21.0256414 ] ] ] } },
{ "type": "Feature", "properties": { "element": "way", "id": 1117245637, "estimated_height": 12.0 }, "geometry": { "type": "Polygon", "coordinates": [ [ [ 105.8506996, 21.0256302 ], [ 105.8507453, 21.0256171 ], [ 105.8507281, 21.0255644 ], [ 105.8506824, 21.0255775 ], [ 105.8506996, 21.0256302 ] ] ] } },
{ "type": "Feature", "properties": { "element": "way", "id": 1117245638, "estimated_height": 12.0 }, "geometry": { "type": "Polygon", "coordinates": [ [ [ 105.8507033, 21.0256771 ], [ 105.8507596, 21.0256611 ], [ 105.8507479, 21.0256251 ], [ 105.8506915, 21.0256412 ], [ 105.8507033, 21.0256771 ] ] ] } },
{ "type": "Feature", "properties": { "element": "way", "id": 1117245639, "estimated_height": 12.0 }, "geometry": { "type": "Polygon", "coordinates": [ [ [ 105.8507033, 21.0257231 ], [ 105.8507736, 21.0257031 ], [ 105.8507616, 21.0256665 ], [ 105.8506913, 21.0256865 ], [ 105.8507033, 21.0257231 ] ] ] } },
{ "type": "Feature", "properties": { "element": "way", "id": 1117245640, "estimated_height": 12.0 }, "geometry": { "type": "Polygon", "coordinates": [ [ [ 105.850719, 21.0257844 ], [ 105.8507918, 21.0257637 ], [ 105.8507754, 21.0257134 ], [ 105.8507026, 21.0257341 ], [ 105.850719, 21.0257844 ] ] ] } },
{ "type": "Feature", "properties": { "element": "way", "id": 1117245641, "estimated_height": 12.0 }, "geometry": { "type": "Polygon", "coordinates": [ [ [ 105.8507489, 21.0259603 ], [ 105.8508433, 21.0259334 ], [ 105.8507908, 21.0257726 ], [ 105.85069630000001, 21.0257994 ], [ 105.8507489, 21.0259603 ] ] ] } },
{ "type": "Feature", "properties": { "element": "way", "id": 1117245642, "estimated_height": 12.0 }, "geometry": { "type": "Polygon", "coordinates": [ [ [ 105.850865900000016, 21.0260533 ], [ 105.8508302, 21.0259441 ], [ 105.8507589, 21.0259644 ], [ 105.8507946, 21.0260736 ], [ 105.850865900000016, 21.0260533 ] ] ] } },
{ "type": "Feature", "properties": { "element": "way", "id": 1117245643, "estimated_height": 12.0 }, "geometry": { "type": "Polygon", "coordinates": [ [ [ 105.8508059, 21.0261243 ], [ 105.8507601, 21.0259842 ], [ 105.850712, 21.0259979 ], [ 105.8507578, 21.026138 ], [ 105.8508059, 21.0261243 ] ] ] } },
{ "type": "Feature", "properties": { "element": "way", "id": 1117245644, "estimated_height": 12.0 }, "geometry": { "type": "Polygon", "coordinates": [ [ [ 105.8507449, 21.0261163 ], [ 105.8507064, 21.0259984 ], [ 105.8506599, 21.0260117 ], [ 105.8506984, 21.0261295 ], [ 105.8507449, 21.0261163 ] ] ] } },
{ "type": "Feature", "properties": { "element": "way", "id": 1117245645, "estimated_height": 12.0 }, "geometry": { "type": "Polygon", "coordinates": [ [ [ 105.850666, 21.0261416 ], [ 105.8506968, 21.0261325 ], [ 105.8506567, 21.0260138 ], [ 105.8506259, 21.0260229 ], [ 105.850666, 21.0261416 ] ] ] } },
{ "type": "Feature", "properties": { "element": "way", "id": 1117245646, "estimated_height": 12.0 }, "geometry": { "type": "Polygon", "coordinates": [ [ [ 105.8505799, 21.0261678 ], [ 105.85066, 21.0261434 ], [ 105.8506194, 21.0260276 ], [ 105.8505393, 21.0260521 ], [ 105.8505799, 21.0261678 ] ] ] } },
{ "type": "Feature", "properties": { "element": "way", "id": 1117245647, "estimated_height": 12.0 }, "geometry": { "type": "Polygon", "coordinates": [ [ [ 105.8505718, 21.0261703 ], [ 105.850528, 21.0260451 ], [ 105.8505075, 21.0260514 ], [ 105.8505513, 21.0261766 ], [ 105.8505718, 21.0261703 ] ] ] } },
{ "type": "Feature", "properties": { "element": "way", "id": 1117245648, "estimated_height": 12.0 }, "geometry": { "type": "Polygon", "coordinates": [ [ [ 105.8505397, 21.0261759 ], [ 105.8504905, 21.0260355 ], [ 105.8504364, 21.026052 ], [ 105.8504856, 21.0261924 ], [ 105.8505397, 21.0261759 ] ] ] } },
{ "type": "Feature", "properties": { "element": "way", "id": 1117245649, "estimated_height": 12.0 }, "geometry": { "type": "Polygon", "coordinates": [ [ [ 105.850475300000014, 21.0261853 ], [ 105.8504366, 21.026075 ], [ 105.8503787, 21.026092699999989 ], [ 105.850417400000012, 21.026203 ], [ 105.850475300000014, 21.0261853 ] ] ] } },
{ "type": "Feature", "properties": { "element": "way", "id": 1117245650, "estimated_height": 12.0 }, "geometry": { "type": "Polygon", "coordinates": [ [ [ 105.850376, 21.0261058 ], [ 105.8503419, 21.0260085 ], [ 105.8502895, 21.0260245 ], [ 105.8503236, 21.0261218 ], [ 105.850376, 21.0261058 ] ] ] } },
{ "type": "Feature", "properties": { "element": "way", "id": 1117245651, "estimated_height": 12.0 }, "geometry": { "type": "Polygon", "coordinates": [ [ [ 105.8504122, 21.0262254 ], [ 105.8503762, 21.0261224 ], [ 105.850329800000011, 21.0261365 ], [ 105.8503659, 21.0262395 ], [ 105.8504122, 21.0262254 ] ] ] } },
{ "type": "Feature", "properties": { "element": "way", "id": 1117245652, "estimated_height": 12.0 }, "geometry": { "type": "Polygon", "coordinates": [ [ [ 105.8503536, 21.0262307 ], [ 105.8502818, 21.0260255 ], [ 105.8502203, 21.0260443 ], [ 105.8502922, 21.0262494 ], [ 105.8503536, 21.0262307 ] ] ] } },
{ "type": "Feature", "properties": { "element": "way", "id": 1117245653, "estimated_height": 12.0 }, "geometry": { "type": "Polygon", "coordinates": [ [ [ 105.8500163, 21.0258455 ], [ 105.850088, 21.0260528 ], [ 105.850337, 21.0259777 ], [ 105.8503051, 21.025885 ], [ 105.8505168, 21.0258207 ], [ 105.8504767, 21.0257057 ], [ 105.8500163, 21.0258455 ] ] ] } },
{ "type": "Feature", "properties": { "element": "way", "id": 1117245654, "estimated_height": 12.0 }, "geometry": { "type": "Polygon", "coordinates": [ [ [ 105.8512712, 21.025945 ], [ 105.8513472, 21.0259363 ], [ 105.8513358, 21.0258493 ], [ 105.8512598, 21.025858 ], [ 105.8512712, 21.025945 ] ] ] } },
{ "type": "Feature", "properties": { "element": "way", "id": 1117245655, "estimated_height": 12.0 }, "geometry": { "type": "Polygon", "coordinates": [ [ [ 105.8514496, 21.0259156 ], [ 105.851544600000011, 21.025904 ], [ 105.8515669, 21.025843 ], [ 105.8515278, 21.0257838 ], [ 105.8514328, 21.0257954 ], [ 105.8514496, 21.0259156 ] ] ] } },
{ "type": "Feature", "properties": { "element": "way", "id": 1117245656, "estimated_height": 12.0 }, "geometry": { "type": "Polygon", "coordinates": [ [ [ 105.8513571, 21.025935 ], [ 105.8514436, 21.0259231 ], [ 105.8514224, 21.025789 ], [ 105.8513359, 21.0258009 ], [ 105.8513571, 21.025935 ] ] ] } },
{ "type": "Feature", "properties": { "element": "way", "id": 1117245657, "estimated_height": 12.0 }, "geometry": { "type": "Polygon", "coordinates": [ [ [ 105.8512478, 21.0257603 ], [ 105.8514932, 21.0257647 ], [ 105.851496, 21.0256281 ], [ 105.8512506, 21.0256237 ], [ 105.8512478, 21.0257603 ] ] ] } },
{ "type": "Feature", "properties": { "element": "way", "id": 1117245658, "estimated_height": 12.0 }, "geometry": { "type": "Polygon", "coordinates": [ [ [ 105.852146, 21.0246728 ], [ 105.8521885, 21.0246605 ], [ 105.8521701, 21.0246052 ], [ 105.8521276, 21.0246175 ], [ 105.852146, 21.0246728 ] ] ] } },
{ "type": "Feature", "properties": { "element": "way", "id": 1117245659, "estimated_height": 12.0 }, "geometry": { "type": "Polygon", "coordinates": [ [ [ 105.8521657, 21.024842 ], [ 105.8522411, 21.0248202 ], [ 105.8521895, 21.0246646 ], [ 105.8521141, 21.0246864 ], [ 105.8521657, 21.024842 ] ] ] } },
{ "type": "Feature", "properties": { "element": "way", "id": 1117245660, "estimated_height": 12.0 }, "geometry": { "type": "Polygon", "coordinates": [ [ [ 105.8522197, 21.0247088 ], [ 105.8522955, 21.0246988 ], [ 105.8522869, 21.0246422 ], [ 105.8522111, 21.0246522 ], [ 105.8522197, 21.0247088 ] ] ] } },
{ "type": "Feature", "properties": { "element": "way", "id": 1117245661, "estimated_height": 12.0 }, "geometry": { "type": "Polygon", "coordinates": [ [ [ 105.8522673, 21.0249467 ], [ 105.8523344, 21.0249378 ], [ 105.8522999, 21.0247094 ], [ 105.8522328, 21.0247182 ], [ 105.8522673, 21.0249467 ] ] ] } },
{ "type": "Feature", "properties": { "element": "way", "id": 1117245662, "estimated_height": 12.0 }, "geometry": { "type": "Polygon", "coordinates": [ [ [ 105.8521788, 21.0249582 ], [ 105.852145, 21.0248574 ], [ 105.8520796, 21.0248766 ], [ 105.8521134, 21.0249774 ], [ 105.8521788, 21.0249582 ] ] ] } },
{ "type": "Feature", "properties": { "element": "way", "id": 1117245663, "estimated_height": 12.0 }, "geometry": { "type": "Polygon", "coordinates": [ [ [ 105.8520933, 21.0246838 ], [ 105.8521375, 21.0246709 ], [ 105.8521181, 21.0246131 ], [ 105.8520739, 21.024626 ], [ 105.8520933, 21.0246838 ] ] ] } },
{ "type": "Feature", "properties": { "element": "way", "id": 1117245664, "estimated_height": 12.0 }, "geometry": { "type": "Polygon", "coordinates": [ [ [ 105.8520155, 21.0247032 ], [ 105.8520802, 21.0246843 ], [ 105.8520605, 21.0246256 ], [ 105.8519958, 21.0246445 ], [ 105.8520155, 21.0247032 ] ] ] } },
{ "type": "Feature", "properties": { "element": "way", "id": 1117245665, "estimated_height": 12.0 }, "geometry": { "type": "Polygon", "coordinates": [ [ [ 105.852073, 21.024867 ], [ 105.852161, 21.0248413 ], [ 105.8521103, 21.0246902 ], [ 105.8520223, 21.0247159 ], [ 105.852073, 21.024867 ] ] ] } },
{ "type": "Feature", "properties": { "element": "way", "id": 1117853758, "estimated_height": 12.0 }, "geometry": { "type": "Polygon", "coordinates": [ [ [ 105.8511525, 21.0270835 ], [ 105.8512706, 21.0271136 ], [ 105.8513222, 21.0269367 ], [ 105.8512042, 21.0269066 ], [ 105.8511525, 21.0270835 ] ] ] } },
{ "type": "Feature", "properties": { "element": "way", "id": 1118112035, "estimated_height": 12.0 }, "geometry": { "type": "Polygon", "coordinates": [ [ [ 105.8501226, 21.0282552 ], [ 105.850428300000019, 21.0283453 ], [ 105.8504653, 21.028236 ], [ 105.8501595, 21.0281459 ], [ 105.8501226, 21.0282552 ] ] ] } },
{ "type": "Feature", "properties": { "element": "way", "id": 1118497805, "estimated_height": 12.0 }, "geometry": { "type": "Polygon", "coordinates": [ [ [ 105.8545772, 21.0302699 ], [ 105.8545626, 21.030386 ], [ 105.8547766, 21.0304095 ], [ 105.8547913, 21.0302935 ], [ 105.8545772, 21.0302699 ] ] ] } },
{ "type": "Feature", "properties": { "element": "way", "id": 1118497806, "estimated_height": 12.0 }, "geometry": { "type": "Polygon", "coordinates": [ [ [ 105.8544172, 21.0307216 ], [ 105.8544127, 21.0306257 ], [ 105.8543695, 21.0306275 ], [ 105.8543659, 21.0305497 ], [ 105.8542574, 21.0305541 ], [ 105.8542611, 21.0306333 ], [ 105.8541302, 21.0306386 ], [ 105.8541346, 21.030733 ], [ 105.8544172, 21.0307216 ] ] ] } },
{ "type": "Feature", "properties": { "element": "way", "id": 1118497809, "estimated_height": 12.0 }, "geometry": { "type": "Polygon", "coordinates": [ [ [ 105.8553408, 21.0306878 ], [ 105.8554612, 21.0307243 ], [ 105.8554986, 21.0306168 ], [ 105.8553782, 21.0305804 ], [ 105.8553408, 21.0306878 ] ] ] } },
{ "type": "Feature", "properties": { "element": "way", "id": 1118504917, "estimated_height": 12.0 }, "geometry": { "type": "Polygon", "coordinates": [ [ [ 105.8503506, 21.0302806 ], [ 105.8504555, 21.0301426 ], [ 105.8504069, 21.0301103 ], [ 105.8503012, 21.0302493 ], [ 105.8503506, 21.0302806 ] ] ] } },
{ "type": "Feature", "properties": { "element": "way", "id": 1118506232, "estimated_height": 12.0 }, "geometry": { "type": "Polygon", "coordinates": [ [ [ 105.8501561, 21.0305722 ], [ 105.8502589, 21.0306404 ], [ 105.850347900000017, 21.0305234 ], [ 105.8502451, 21.0304553 ], [ 105.8501561, 21.0305722 ] ] ] } },
{ "type": "Feature", "properties": { "element": "way", "id": 1122458354, "estimated_height": 12.0 }, "geometry": { "type": "Polygon", "coordinates": [ [ [ 105.857731200000018, 21.0311732 ], [ 105.8578313, 21.0312175 ], [ 105.8579172, 21.0310403 ], [ 105.8578069, 21.0310068 ], [ 105.857731200000018, 21.0311732 ] ] ] } },
{ "type": "Feature", "properties": { "element": "way", "id": 1122458355, "estimated_height": 12.0 }, "geometry": { "type": "Polygon", "coordinates": [ [ [ 105.8576427, 21.0313696 ], [ 105.8577402, 21.0314091 ], [ 105.857821, 21.0312343 ], [ 105.8577197, 21.0311924 ], [ 105.8576427, 21.0313696 ] ] ] } },
{ "type": "Feature", "properties": { "element": "way", "id": 1122458356, "estimated_height": 12.0 }, "geometry": { "type": "Polygon", "coordinates": [ [ [ 105.8575723, 21.0309871 ], [ 105.857668, 21.0310214 ], [ 105.8577289, 21.0309059 ], [ 105.8576274, 21.0308716 ], [ 105.8575723, 21.0309871 ] ] ] } },
{ "type": "Feature", "properties": { "element": "way", "id": 1122458357, "estimated_height": 12.0 }, "geometry": { "type": "Polygon", "coordinates": [ [ [ 105.8575686, 21.0316072 ], [ 105.8577214, 21.0316629 ], [ 105.8577449, 21.0316088 ], [ 105.8575904, 21.031554 ], [ 105.8575686, 21.0316072 ] ] ] } },
{ "type": "Feature", "properties": { "element": "way", "id": 1122458358, "estimated_height": 12.0 }, "geometry": { "type": "Polygon", "coordinates": [ [ [ 105.8575417, 21.0315963 ], [ 105.8573428, 21.0315226 ], [ 105.8573663, 21.0314733 ], [ 105.8575635, 21.0315477 ], [ 105.8575417, 21.0315963 ] ] ] } },
{ "type": "Feature", "properties": { "element": "way", "id": 1122458359, "estimated_height": 12.0 }, "geometry": { "type": "Polygon", "coordinates": [ [ [ 105.8574074, 21.0314208 ], [ 105.8576047, 21.0314921 ], [ 105.8576374, 21.0314341 ], [ 105.8574376, 21.0313597 ], [ 105.8574074, 21.0314208 ] ] ] } },
{ "type": "Feature", "properties": { "element": "way", "id": 1122458362, "estimated_height": 12.0 }, "geometry": { "type": "Polygon", "coordinates": [ [ [ 105.8574683, 21.0312056 ], [ 105.8575254, 21.0312254 ], [ 105.8575495, 21.0311686 ], [ 105.8574944, 21.0311478 ], [ 105.8574683, 21.0312056 ] ] ] } },
{ "type": "Feature", "properties": { "element": "way", "id": 1122458363, "estimated_height": 12.0 }, "geometry": { "type": "Polygon", "coordinates": [ [ [ 105.8575466, 21.0312426 ], [ 105.8575959, 21.031257 ], [ 105.8576172, 21.0311947 ], [ 105.8575698, 21.0311785 ], [ 105.8575466, 21.0312426 ] ] ] } },
{ "type": "Feature", "properties": { "element": "way", "id": 1122458364, "estimated_height": 12.0 }, "geometry": { "type": "Polygon", "coordinates": [ [ [ 105.85703, 21.0314122 ], [ 105.8570759, 21.0314291 ], [ 105.8571956, 21.0314732 ], [ 105.8572768, 21.0312811 ], [ 105.857312, 21.031198 ], [ 105.8571464, 21.031137 ], [ 105.85703, 21.0314122 ] ] ] } },
{ "type": "Feature", "properties": { "element": "way", "id": 1122462807, "estimated_height": 12.0 }, "geometry": { "type": "Polygon", "coordinates": [ [ [ 105.8578367, 21.0309906 ], [ 105.8578707, 21.0310002 ], [ 105.8578885, 21.0309657 ], [ 105.8578545, 21.0309575 ], [ 105.8578367, 21.0309906 ] ] ] } },
{ "type": "Feature", "properties": { "element": "way", "id": 1122462808, "estimated_height": 12.0 }, "geometry": { "type": "Polygon", "coordinates": [ [ [ 105.8578826, 21.0310071 ], [ 105.8579313, 21.0310264 ], [ 105.8579476, 21.0309823 ], [ 105.8579018, 21.0309671 ], [ 105.8578826, 21.0310071 ] ] ] } },
{ "type": "Feature", "properties": { "element": "way", "id": 1122462810, "estimated_height": 12.0 }, "geometry": { "type": "Polygon", "coordinates": [ [ [ 105.8571916, 21.0308858 ], [ 105.8571724, 21.0309385 ], [ 105.8572737, 21.0309756 ], [ 105.8572776, 21.0309565 ], [ 105.8572109, 21.0309301 ], [ 105.8572198, 21.0308906 ], [ 105.8571916, 21.0308858 ] ] ] } },
{ "type": "Feature", "properties": { "element": "way", "id": 1122462811, "estimated_height": 12.0 }, "geometry": { "type": "Polygon", "coordinates": [ [ [ 105.8572288, 21.0309241 ], [ 105.8572776, 21.0309433 ], [ 105.8572904, 21.0309074 ], [ 105.8572404, 21.03088820000001 ], [ 105.8572288, 21.0309241 ] ] ] } },
{ "type": "Feature", "properties": { "element": "way", "id": 1122467452, "estimated_height": 12.0 }, "geometry": { "type": "Polygon", "coordinates": [ [ [ 105.857366700000014, 21.0310001 ], [ 105.8574199, 21.0310178 ], [ 105.8574376, 21.0309658 ], [ 105.8573895, 21.0309575 ], [ 105.857366700000014, 21.0310001 ] ] ] } },
{ "type": "Feature", "properties": { "element": "way", "id": 1122467453, "estimated_height": 12.0 }, "geometry": { "type": "Polygon", "coordinates": [ [ [ 105.8573326, 21.0310697 ], [ 105.8573807, 21.0310804 ], [ 105.857406, 21.0310379 ], [ 105.8573528, 21.0310166 ], [ 105.8573326, 21.0310697 ] ] ] } },
{ "type": "Feature", "properties": { "element": "way", "id": 1131208509, "estimated_height": 12.0 }, "geometry": { "type": "Polygon", "coordinates": [ [ [ 105.8544798, 21.0256164 ], [ 105.8544286, 21.025459 ], [ 105.8543725, 21.0254749 ], [ 105.8544238, 21.0256323 ], [ 105.8544798, 21.0256164 ] ] ] } },
{ "type": "Feature", "properties": { "element": "way", "id": 1131208510, "estimated_height": 12.0 }, "geometry": { "type": "Polygon", "coordinates": [ [ [ 105.8542807, 21.025694 ], [ 105.8544224, 21.0256538 ], [ 105.8543799, 21.0255231 ], [ 105.8542381, 21.0255633 ], [ 105.8542807, 21.025694 ] ] ] } },
{ "type": "Feature", "properties": { "element": "way", "id": 1131208511, "estimated_height": 12.0 }, "geometry": { "type": "Polygon", "coordinates": [ [ [ 105.8539145, 21.0256596 ], [ 105.854007600000017, 21.0256332 ], [ 105.8539816, 21.0255532 ], [ 105.8538885, 21.0255796 ], [ 105.8539145, 21.0256596 ] ] ] } },
{ "type": "Feature", "properties": { "element": "way", "id": 1131208512, "estimated_height": 12.0 }, "geometry": { "type": "Polygon", "coordinates": [ [ [ 105.8539709, 21.0257985 ], [ 105.8540536, 21.025775 ], [ 105.8540091, 21.0256383 ], [ 105.8539263, 21.0256618 ], [ 105.8539709, 21.0257985 ] ] ] } },
{ "type": "Feature", "properties": { "element": "way", "id": 1131208513, "estimated_height": 12.0 }, "geometry": { "type": "Polygon", "coordinates": [ [ [ 105.8540728, 21.0257428 ], [ 105.8541843, 21.0257112 ], [ 105.8541184, 21.0255087 ], [ 105.8540069, 21.0255404 ], [ 105.8540728, 21.0257428 ] ] ] } },
{ "type": "Feature", "properties": { "element": "way", "id": 1131208514, "estimated_height": 12.0 }, "geometry": { "type": "Polygon", "coordinates": [ [ [ 105.8542726, 21.0257028 ], [ 105.8542148, 21.025525099999989 ], [ 105.8541445, 21.025545 ], [ 105.8542024, 21.0257227 ], [ 105.8542726, 21.0257028 ] ] ] } },
{ "type": "Feature", "properties": { "element": "way", "id": 1131208515, "estimated_height": 12.0 }, "geometry": { "type": "Polygon", "coordinates": [ [ [ 105.8543008, 21.0255288 ], [ 105.8543653, 21.0255105 ], [ 105.8543209, 21.0253742 ], [ 105.8542564, 21.0253925 ], [ 105.8543008, 21.0255288 ] ] ] } },
{ "type": "Feature", "properties": { "element": "way", "id": 1131208516, "estimated_height": 12.0 }, "geometry": { "type": "Polygon", "coordinates": [ [ [ 105.8544061, 21.025356 ], [ 105.8543602, 21.0252153 ], [ 105.854290100000014, 21.0252352 ], [ 105.8543359, 21.0253759 ], [ 105.8544061, 21.025356 ] ] ] } },
{ "type": "Feature", "properties": { "element": "way", "id": 1131208517, "estimated_height": 12.0 }, "geometry": { "type": "Polygon", "coordinates": [ [ [ 105.8542498, 21.0253867 ], [ 105.8543231, 21.0253659 ], [ 105.854282, 21.0252396 ], [ 105.8542087, 21.0252604 ], [ 105.8542498, 21.0253867 ] ] ] } },
{ "type": "Feature", "properties": { "element": "way", "id": 1131208518, "estimated_height": 12.0 }, "geometry": { "type": "Polygon", "coordinates": [ [ [ 105.8542357, 21.0253692 ], [ 105.8542016, 21.0252643 ], [ 105.8541144, 21.025289 ], [ 105.8541485, 21.0253939 ], [ 105.8542357, 21.0253692 ] ] ] } },
{ "type": "Feature", "properties": { "element": "way", "id": 1131208519, "estimated_height": 12.0 }, "geometry": { "type": "Polygon", "coordinates": [ [ [ 105.8541794, 21.0255256 ], [ 105.8541039, 21.0252938 ], [ 105.8540634, 21.0253053 ], [ 105.8541389, 21.0255371 ], [ 105.8541794, 21.0255256 ] ] ] } },
{ "type": "Feature", "properties": { "element": "way", "id": 1131208520, "estimated_height": 12.0 }, "geometry": { "type": "Polygon", "coordinates": [ [ [ 105.8540956, 21.0254342 ], [ 105.8540539, 21.0253061 ], [ 105.8539286, 21.0253416 ], [ 105.8539704, 21.0254698 ], [ 105.8540956, 21.0254342 ] ] ] } },
{ "type": "Feature", "properties": { "element": "way", "id": 1131208521, "estimated_height": 12.0 }, "geometry": { "type": "Polygon", "coordinates": [ [ [ 105.8538867, 21.0255677 ], [ 105.8539847, 21.0255399 ], [ 105.8539215, 21.0253457 ], [ 105.8538235, 21.0253735 ], [ 105.8538867, 21.0255677 ] ] ] } },
{ "type": "Feature", "properties": { "element": "way", "id": 1131208927, "estimated_height": 12.0 }, "geometry": { "type": "Polygon", "coordinates": [ [ [ 105.8588047, 21.0242932 ], [ 105.8590608, 21.0243652 ], [ 105.8590984, 21.0242486 ], [ 105.858882900000012, 21.0241881 ], [ 105.8588423, 21.0241767 ], [ 105.8588047, 21.0242932 ] ] ] } },
{ "type": "Feature", "properties": { "element": "way", "id": 1131208928, "estimated_height": 12.0 }, "geometry": { "type": "Polygon", "coordinates": [ [ [ 105.8583568, 21.0238067 ], [ 105.8583206, 21.0236774 ], [ 105.8582105, 21.0237043 ], [ 105.8582612, 21.0238851 ], [ 105.858297400000012, 21.0238762 ], [ 105.8583682, 21.0241284 ], [ 105.858528, 21.0240893 ], [ 105.858449, 21.0238076 ], [ 105.8584134, 21.0238163 ], [ 105.8584072, 21.0237944 ], [ 105.8583568, 21.0238067 ] ] ] } },
{ "type": "Feature", "properties": { "element": "way", "id": 1131209397, "estimated_height": 12.0 }, "geometry": { "type": "Polygon", "coordinates": [ [ [ 105.8567336, 21.0266628 ], [ 105.8568048, 21.0266838 ], [ 105.8568134, 21.0266584 ], [ 105.8569233, 21.0266909 ], [ 105.8569159, 21.0267127 ], [ 105.8569751, 21.0267302 ], [ 105.856989, 21.026689 ], [ 105.857000200000016, 21.0266923 ], [ 105.8570196, 21.0266351 ], [ 105.8570081, 21.0266317 ], [ 105.8570256, 21.0265802 ], [ 105.8569557, 21.0265596 ], [ 105.8569491, 21.0265789 ], [ 105.856848700000015, 21.0265493 ], [ 105.8568553, 21.0265299 ], [ 105.8567864, 21.0265095 ], [ 105.8567695, 21.0265592 ], [ 105.8567568, 21.0265555 ], [ 105.8567364, 21.0266157 ], [ 105.8567484, 21.0266192 ], [ 105.8567336, 21.0266628 ] ] ] } },
{ "type": "Feature", "properties": { "element": "way", "id": 1131209398, "estimated_height": 12.0 }, "geometry": { "type": "Polygon", "coordinates": [ [ [ 105.8572346, 21.0266804 ], [ 105.857344600000019, 21.0267092 ], [ 105.8574138, 21.026479 ], [ 105.8573037, 21.0264502 ], [ 105.8572346, 21.0266804 ] ] ] } },
{ "type": "Feature", "properties": { "element": "way", "id": 1131209401, "estimated_height": 17.5 }, "geometry": { "type": "Polygon", "coordinates": [ [ [ 105.856936, 21.0276214 ], [ 105.8572753, 21.0276464 ], [ 105.8572854, 21.027527 ], [ 105.8569461, 21.027502 ], [ 105.856936, 21.0276214 ] ] ] } },
{ "type": "Feature", "properties": { "element": "way", "id": 1131209405, "estimated_height": 12.0 }, "geometry": { "type": "Polygon", "coordinates": [ [ [ 105.8585388, 21.0265734 ], [ 105.8586501, 21.026616 ], [ 105.8586965, 21.0265102 ], [ 105.8585852, 21.0264677 ], [ 105.8585388, 21.0265734 ] ] ] } },
{ "type": "Feature", "properties": { "element": "way", "id": 1131209406, "estimated_height": 12.0 }, "geometry": { "type": "Polygon", "coordinates": [ [ [ 105.8585609, 21.0268019 ], [ 105.8586421, 21.0266235 ], [ 105.858534100000014, 21.0265807 ], [ 105.8584529, 21.0267591 ], [ 105.8585609, 21.0268019 ] ] ] } },
{ "type": "Feature", "properties": { "element": "way", "id": 1131209409, "estimated_height": 12.0 }, "geometry": { "type": "Polygon", "coordinates": [ [ [ 105.8578581, 21.0266729 ], [ 105.8580126, 21.0267153 ], [ 105.8580542, 21.0265832 ], [ 105.8578996, 21.0265408 ], [ 105.8578581, 21.0266729 ] ] ] } },
{ "type": "Feature", "properties": { "element": "way", "id": 1135589313, "estimated_height": 12.0 }, "geometry": { "type": "Polygon", "coordinates": [ [ [ 105.8576573, 21.0304177 ], [ 105.8577684, 21.0304557 ], [ 105.857844500000013, 21.0302616 ], [ 105.8577333, 21.0302236 ], [ 105.8576573, 21.0304177 ] ] ] } },
{ "type": "Feature", "properties": { "element": "way", "id": 1135589316, "estimated_height": 12.0 }, "geometry": { "type": "Polygon", "coordinates": [ [ [ 105.8573244, 21.0306025 ], [ 105.8573502, 21.0306133 ], [ 105.8573802, 21.030551 ], [ 105.8573544, 21.0305402 ], [ 105.8573244, 21.0306025 ] ] ] } },
{ "type": "Feature", "properties": { "element": "way", "id": 1135589317, "estimated_height": 12.0 }, "geometry": { "type": "Polygon", "coordinates": [ [ [ 105.8574851, 21.0302939 ], [ 105.8575551, 21.0303281 ], [ 105.8575964, 21.0302542 ], [ 105.8575264, 21.03022 ], [ 105.8574851, 21.0302939 ] ] ] } },
{ "type": "Feature", "properties": { "element": "way", "id": 1135589318, "estimated_height": 12.0 }, "geometry": { "type": "Polygon", "coordinates": [ [ [ 105.8575767, 21.0300842 ], [ 105.8577025, 21.0301298 ], [ 105.8577261, 21.0300731 ], [ 105.8576968, 21.0300625 ], [ 105.8577117, 21.0300265 ], [ 105.857605800000016, 21.0299881 ], [ 105.8575662, 21.030083 ], [ 105.8575767, 21.0300842 ] ] ] } },
{ "type": "Feature", "properties": { "element": "way", "id": 1135589319, "estimated_height": 12.0 }, "geometry": { "type": "Polygon", "coordinates": [ [ [ 105.8578442, 21.029635 ], [ 105.857929, 21.029673 ], [ 105.8580207, 21.0294942 ], [ 105.857936, 21.0294563 ], [ 105.8578442, 21.029635 ] ] ] } },
{ "type": "Feature", "properties": { "element": "way", "id": 1135589320, "estimated_height": 12.0 }, "geometry": { "type": "Polygon", "coordinates": [ [ [ 105.8577788, 21.0297714 ], [ 105.8578741, 21.0298106 ], [ 105.8579262, 21.0297001 ], [ 105.8578309, 21.029661 ], [ 105.8577788, 21.0297714 ] ] ] } },
{ "type": "Feature", "properties": { "element": "way", "id": 1135589321, "estimated_height": 12.0 }, "geometry": { "type": "Polygon", "coordinates": [ [ [ 105.8577911, 21.0294968 ], [ 105.8578426, 21.0295138 ], [ 105.8578527, 21.0294871 ], [ 105.8578013, 21.0294701 ], [ 105.8577911, 21.0294968 ] ] ] } },
{ "type": "Feature", "properties": { "element": "way", "id": 1135589322, "estimated_height": 12.0 }, "geometry": { "type": "Polygon", "coordinates": [ [ [ 105.8578018, 21.0294564 ], [ 105.8578408, 21.029469 ], [ 105.8578513, 21.0294407 ], [ 105.8578123, 21.0294281 ], [ 105.8578018, 21.0294564 ] ] ] } },
{ "type": "Feature", "properties": { "element": "way", "id": 1135589323, "estimated_height": 12.0 }, "geometry": { "type": "Polygon", "coordinates": [ [ [ 105.8578756, 21.0293246 ], [ 105.8579322, 21.0293427 ], [ 105.8579421, 21.0293157 ], [ 105.8578855, 21.0292976 ], [ 105.8578756, 21.0293246 ] ] ] } },
{ "type": "Feature", "properties": { "element": "way", "id": 1135589324, "estimated_height": 12.0 }, "geometry": { "type": "Polygon", "coordinates": [ [ [ 105.8579348, 21.0297717 ], [ 105.8579684, 21.0297852 ], [ 105.8580018, 21.0297125 ], [ 105.8579682, 21.0296991 ], [ 105.8579348, 21.0297717 ] ] ] } },
{ "type": "Feature", "properties": { "element": "way", "id": 1135589325, "estimated_height": 12.0 }, "geometry": { "type": "Polygon", "coordinates": [ [ [ 105.8579449, 21.0293117 ], [ 105.8579602, 21.029319 ], [ 105.8579837, 21.029276 ], [ 105.8579684, 21.0292687 ], [ 105.8579449, 21.0293117 ] ] ] } },
{ "type": "Feature", "properties": { "element": "way", "id": 1135589326, "estimated_height": 12.0 }, "geometry": { "type": "Polygon", "coordinates": [ [ [ 105.8578916, 21.0292743 ], [ 105.8579394, 21.0292939 ], [ 105.857951, 21.029269 ], [ 105.8579033, 21.0292495 ], [ 105.8578916, 21.0292743 ] ] ] } },
{ "type": "Feature", "properties": { "element": "way", "id": 1135589328, "estimated_height": 12.0 }, "geometry": { "type": "Polygon", "coordinates": [ [ [ 105.8574199, 21.0303862 ], [ 105.8574016, 21.0304235 ], [ 105.85743380000001, 21.0304372 ], [ 105.8574521, 21.0303999 ], [ 105.8574199, 21.0303862 ] ] ] } },
{ "type": "Feature", "properties": { "element": "way", "id": 1135607311, "estimated_height": 12.0 }, "geometry": { "type": "Polygon", "coordinates": [ [ [ 105.8567403, 21.0327656 ], [ 105.8572087, 21.0329617 ], [ 105.8572662, 21.032842 ], [ 105.8572241, 21.0328243 ], [ 105.8572122, 21.0328491 ], [ 105.856786, 21.0326705 ], [ 105.8567403, 21.0327656 ] ] ] } },
{ "type": "Feature", "properties": { "element": "way", "id": 1135607316, "estimated_height": 12.0 }, "geometry": { "type": "Polygon", "coordinates": [ [ [ 105.8570543, 21.0324228 ], [ 105.8569987, 21.032538 ], [ 105.8570881, 21.0325756 ], [ 105.8571437, 21.0324603 ], [ 105.8570543, 21.0324228 ] ] ] } },
{ "type": "Feature", "properties": { "element": "way", "id": 1135607481, "estimated_height": 12.0 }, "geometry": { "type": "Polygon", "coordinates": [ [ [ 105.857247, 21.0325014 ], [ 105.857246, 21.0325034 ], [ 105.8571947, 21.0326091 ], [ 105.8572574, 21.0326357 ], [ 105.8573097, 21.032528 ], [ 105.857247, 21.0325014 ] ] ] } },
{ "type": "Feature", "properties": { "element": "way", "id": 1135607496, "estimated_height": 12.0 }, "geometry": { "type": "Polygon", "coordinates": [ [ [ 105.8570626, 21.0325924 ], [ 105.8570314, 21.0326626 ], [ 105.8570608, 21.032674 ], [ 105.857092, 21.0326037 ], [ 105.8570626, 21.0325924 ] ] ] } },
{ "type": "Feature", "properties": { "element": "way", "id": 1168231053, "estimated_height": 12.0 }, "geometry": { "type": "Polygon", "coordinates": [ [ [ 105.8562447, 21.0307144 ], [ 105.856012, 21.0311299 ], [ 105.8560328, 21.0311675 ], [ 105.8563869, 21.0311731 ], [ 105.8565181, 21.0309188 ], [ 105.8562903, 21.0308074 ], [ 105.856321500000021, 21.0307519 ], [ 105.8562447, 21.0307144 ] ] ] } },
{ "type": "Feature", "properties": { "element": "way", "id": 1168231066, "estimated_height": 7.0 }, "geometry": { "type": "Polygon", "coordinates": [ [ [ 105.8573561, 21.0255435 ], [ 105.8575143, 21.0255817 ], [ 105.8575502, 21.0254522 ], [ 105.857392, 21.025414 ], [ 105.8573561, 21.0255435 ] ] ] } },
{ "type": "Feature", "properties": { "element": "way", "id": 1168231067, "estimated_height": 7.0 }, "geometry": { "type": "Polygon", "coordinates": [ [ [ 105.8573065, 21.0256768 ], [ 105.8575522, 21.0257385 ], [ 105.857587, 21.025618 ], [ 105.8575229, 21.0256019 ], [ 105.8573413, 21.0255563 ], [ 105.8573065, 21.0256768 ] ] ] } },
{ "type": "Feature", "properties": { "element": "way", "id": 1170864303, "estimated_height": 12.0 }, "geometry": { "type": "Polygon", "coordinates": [ [ [ 105.8565324, 21.0283869 ], [ 105.8567098, 21.0284268 ], [ 105.8567505, 21.0283183 ], [ 105.856563, 21.0282765 ], [ 105.8565324, 21.0283869 ] ] ] } },
{ "type": "Feature", "properties": { "element": "way", "id": 1171590533, "estimated_height": 7.0 }, "geometry": { "type": "Polygon", "coordinates": [ [ [ 105.8558947, 21.0281452 ], [ 105.8560138, 21.0281494 ], [ 105.856016, 21.0280965 ], [ 105.8560291, 21.0280936 ], [ 105.8560389, 21.0280812 ], [ 105.8560388, 21.0280642 ], [ 105.856031, 21.0280522 ], [ 105.85602, 21.0280469 ], [ 105.8560215, 21.0280093 ], [ 105.8559004, 21.0280051 ], [ 105.8558947, 21.0281452 ] ] ] } },
{ "type": "Feature", "properties": { "element": "way", "id": 1171590537, "estimated_height": 12.0 }, "geometry": { "type": "Polygon", "coordinates": [ [ [ 105.856152, 21.0288737 ], [ 105.8562116, 21.0288769 ], [ 105.8562718, 21.0288797 ], [ 105.856314, 21.0288816 ], [ 105.8563799, 21.0288847 ], [ 105.85635280000001, 21.0288006 ], [ 105.856157900000014, 21.0287903 ], [ 105.856152, 21.0288737 ] ] ] } },
{ "type": "Feature", "properties": { "element": "way", "id": 1190941789, "estimated_height": 12.0 }, "geometry": { "type": "Polygon", "coordinates": [ [ [ 105.8533516, 21.0315929 ], [ 105.8536001, 21.0316907 ], [ 105.8535427, 21.031818 ], [ 105.8534656, 21.0317877 ], [ 105.8534516, 21.0318187 ], [ 105.853305, 21.031761 ], [ 105.8533261, 21.0317144 ], [ 105.853306, 21.0316943 ], [ 105.8533006, 21.0316706 ], [ 105.8533033, 21.0316405 ], [ 105.8533194, 21.0316092 ], [ 105.8533516, 21.0315929 ] ] ] } },
{ "type": "Feature", "properties": { "element": "way", "id": 1191535210, "estimated_height": 12.0 }, "geometry": { "type": "Polygon", "coordinates": [ [ [ 105.8535934, 21.0321109 ], [ 105.853629, 21.0321122 ], [ 105.8536346, 21.0319796 ], [ 105.853599, 21.0319783 ], [ 105.8535934, 21.0321109 ] ] ] } },
{ "type": "Feature", "properties": { "element": "way", "id": 1191535211, "estimated_height": 12.0 }, "geometry": { "type": "Polygon", "coordinates": [ [ [ 105.8536336, 21.0318747 ], [ 105.853682500000019, 21.0318778 ], [ 105.8536846, 21.0318491 ], [ 105.8536357, 21.0318459 ], [ 105.8536336, 21.0318747 ] ] ] } },
{ "type": "Feature", "properties": { "element": "way", "id": 1191535212, "estimated_height": 12.0 }, "geometry": { "type": "Polygon", "coordinates": [ [ [ 105.8536597, 21.0318271 ], [ 105.8537134, 21.0318271 ], [ 105.8537134, 21.0317852 ], [ 105.8536597, 21.0317852 ], [ 105.8536597, 21.0318271 ] ] ] } },
{ "type": "Feature", "properties": { "element": "way", "id": 1191535213, "estimated_height": 12.0 }, "geometry": { "type": "Polygon", "coordinates": [ [ [ 105.8535605, 21.0318228 ], [ 105.8536168, 21.0318378 ], [ 105.853654, 21.0317162 ], [ 105.8535977, 21.0317012 ], [ 105.8535605, 21.0318228 ] ] ] } },
{ "type": "Feature", "properties": { "element": "way", "id": 1191535214, "estimated_height": 12.0 }, "geometry": { "type": "Polygon", "coordinates": [ [ [ 105.8536148, 21.0316638 ], [ 105.8536919, 21.0316801 ], [ 105.8537076, 21.0316153 ], [ 105.8536305, 21.0315991 ], [ 105.8536148, 21.0316638 ] ] ] } },
{ "type": "Feature", "properties": { "element": "way", "id": 1191535215, "estimated_height": 12.0 }, "geometry": { "type": "Polygon", "coordinates": [ [ [ 105.8537315, 21.0316475 ], [ 105.8538401, 21.0316606 ], [ 105.8538474, 21.0316079 ], [ 105.8537388, 21.0315947 ], [ 105.8537315, 21.0316475 ] ] ] } },
{ "type": "Feature", "properties": { "element": "way", "id": 1208479895, "estimated_height": 14.0 }, "geometry": { "type": "Polygon", "coordinates": [ [ [ 105.8585414, 21.0289016 ], [ 105.85859360000002, 21.028777 ], [ 105.8588931, 21.0282388 ], [ 105.8590227, 21.0280059 ], [ 105.8588311, 21.027913 ], [ 105.8589314, 21.0277327 ], [ 105.859462, 21.0279898 ], [ 105.8594012, 21.0280991 ], [ 105.8595137, 21.0281536 ], [ 105.859173, 21.0284954 ], [ 105.8586618, 21.0294146 ], [ 105.8585437, 21.0293574 ], [ 105.858737, 21.0290113 ], [ 105.8585414, 21.0289016 ] ] ] } },
{ "type": "Feature", "properties": { "element": "way", "id": 1208479897, "estimated_height": 17.5 }, "geometry": { "type": "Polygon", "coordinates": [ [ [ 105.8588311, 21.027913 ], [ 105.8587572, 21.0278772 ], [ 105.8589369, 21.0275539 ], [ 105.8595612, 21.0278563 ], [ 105.8594817, 21.0279994 ], [ 105.859462, 21.0279898 ], [ 105.8589314, 21.0277327 ], [ 105.8588311, 21.027913 ] ] ] } },
{ "type": "Feature", "properties": { "element": "way", "id": 1208479898, "estimated_height": 12.0 }, "geometry": { "type": "Polygon", "coordinates": [ [ [ 105.8588207, 21.0294065 ], [ 105.8588987, 21.0292651 ], [ 105.8590358, 21.029331 ], [ 105.8591619, 21.0293916 ], [ 105.8590838, 21.029533 ], [ 105.8588207, 21.0294065 ] ] ] } },
{ "type": "Feature", "properties": { "element": "way", "id": 1219991538, "estimated_height": 10.5 }, "geometry": { "type": "Polygon", "coordinates": [ [ [ 105.8532956, 21.0263609 ], [ 105.8532888, 21.0263173 ], [ 105.8533304, 21.0263116 ], [ 105.8533372, 21.0263552 ], [ 105.8532956, 21.0263609 ] ] ] } },
{ "type": "Feature", "properties": { "element": "way", "id": 1220021890, "estimated_height": 12.0 }, "geometry": { "type": "Polygon", "coordinates": [ [ [ 105.8530405, 21.0307667 ], [ 105.8530396, 21.0307542 ], [ 105.8530385, 21.0307394 ], [ 105.8530443, 21.030739 ], [ 105.8530452, 21.030753799999989 ], [ 105.8530463, 21.0307663 ], [ 105.8530405, 21.0307667 ] ] ] } },
{ "type": "Feature", "properties": { "element": "way", "id": 1220021891, "estimated_height": 12.0 }, "geometry": { "type": "Polygon", "coordinates": [ [ [ 105.8530385, 21.0307394 ], [ 105.8530372, 21.030721 ], [ 105.8530429, 21.0307207 ], [ 105.8530443, 21.030739 ], [ 105.8530385, 21.0307394 ] ] ] } },
{ "type": "Feature", "properties": { "element": "way", "id": 1220021892, "estimated_height": 12.0 }, "geometry": { "type": "Polygon", "coordinates": [ [ [ 105.8530405, 21.0307667 ], [ 105.8530417, 21.0307832 ], [ 105.8530475, 21.0307828 ], [ 105.8530463, 21.0307663 ], [ 105.8530405, 21.0307667 ] ] ] } },
{ "type": "Feature", "properties": { "element": "way", "id": 1220054878, "estimated_height": 3.5 }, "geometry": { "type": "Polygon", "coordinates": [ [ [ 105.8521364, 21.0316667 ], [ 105.8521336, 21.0316418 ], [ 105.8521924, 21.0316361 ], [ 105.852195200000011, 21.031661 ], [ 105.8521364, 21.0316667 ] ] ] } },
{ "type": "Feature", "properties": { "element": "way", "id": 1220054904, "estimated_height": 3.5 }, "geometry": { "type": "Polygon", "coordinates": [ [ [ 105.8534645, 21.0292666 ], [ 105.8535051, 21.0291785 ], [ 105.853559100000012, 21.0292002 ], [ 105.8535185, 21.0292883 ], [ 105.8534645, 21.0292666 ] ] ] } },
{ "type": "Feature", "properties": { "element": "way", "id": 1220085078, "estimated_height": 3.5 }, "geometry": { "type": "Polygon", "coordinates": [ [ [ 105.85125290000002, 21.0303306 ], [ 105.8512637, 21.030333 ], [ 105.8512731, 21.0303386 ], [ 105.85128, 21.0303468 ], [ 105.8512837, 21.0303566 ], [ 105.8512837, 21.030367 ], [ 105.85128, 21.0303769 ], [ 105.8512733, 21.0303849 ], [ 105.8512641, 21.0303905 ], [ 105.8512536, 21.0303931 ], [ 105.8512427, 21.0303923 ], [ 105.8512326, 21.0303883 ], [ 105.8512244, 21.0303815 ], [ 105.8512191, 21.0303726 ], [ 105.851217, 21.0303626 ], [ 105.8512185, 21.0303525 ], [ 105.8512236, 21.0303432 ], [ 105.85123160000002, 21.030336 ], [ 105.8512418, 21.0303316 ], [ 105.85125290000002, 21.0303306 ] ] ] } },
{ "type": "Feature", "properties": { "element": "way", "id": 1220183631, "estimated_height": 3.5 }, "geometry": { "type": "Polygon", "coordinates": [ [ [ 105.8511553, 21.0313393 ], [ 105.8512189, 21.0314329 ], [ 105.8512904, 21.03139 ], [ 105.8512334, 21.0313022 ], [ 105.8511553, 21.0313393 ] ] ] } },
{ "type": "Feature", "properties": { "element": "way", "id": 1220183632, "estimated_height": 3.5 }, "geometry": { "type": "Polygon", "coordinates": [ [ [ 105.8510654, 21.0309862 ], [ 105.8510761, 21.0308837 ], [ 105.8511652, 21.0308955 ], [ 105.8511541, 21.030986 ], [ 105.8510654, 21.0309862 ] ] ] } },
{ "type": "Feature", "properties": { "element": "way", "id": 1220299340, "estimated_height": 3.5 }, "geometry": { "type": "Polygon", "coordinates": [ [ [ 105.8517964, 21.0264215 ], [ 105.8518054, 21.0264213 ], [ 105.851814, 21.0264238 ], [ 105.8518214, 21.0264287 ], [ 105.8518267, 21.0264355 ], [ 105.8518294, 21.0264435 ], [ 105.8518292, 21.0264519 ], [ 105.8518261, 21.0264599 ], [ 105.8518202, 21.0264668 ], [ 105.8518121, 21.0264715 ], [ 105.8518028, 21.0264734 ], [ 105.85179340000002, 21.0264722 ], [ 105.8517849, 21.0264682 ], [ 105.8517783, 21.0264618 ], [ 105.8517744, 21.0264537 ], [ 105.8517737, 21.0264448 ], [ 105.8517759, 21.0264367 ], [ 105.8517808, 21.0264296 ], [ 105.8517879, 21.0264244 ], [ 105.8517964, 21.0264215 ] ] ] } },
{ "type": "Feature", "properties": { "element": "way", "id": 1220426400, "estimated_height": 3.5 }, "geometry": { "type": "Polygon", "coordinates": [ [ [ 105.851386, 21.0283235 ], [ 105.8513703, 21.0282648 ], [ 105.8513991, 21.0282581 ], [ 105.8514147, 21.0283168 ], [ 105.851386, 21.0283235 ] ] ] } },
{ "type": "Feature", "properties": { "element": "way", "id": 1222173637, "estimated_height": 12.0 }, "geometry": { "type": "Polygon", "coordinates": [ [ [ 105.8546058, 21.0294622 ], [ 105.8546025, 21.0293791 ], [ 105.854448, 21.0293845 ], [ 105.8544409, 21.0292074 ], [ 105.8539781, 21.0292236 ], [ 105.8539886, 21.0294837 ], [ 105.8546058, 21.0294622 ] ] ] } },
{ "type": "Feature", "properties": { "element": "way", "id": 1222173638, "estimated_height": 12.0 }, "geometry": { "type": "Polygon", "coordinates": [ [ [ 105.854524400000017, 21.0289702 ], [ 105.8546906, 21.0289838 ], [ 105.8546718, 21.0291839 ], [ 105.8549421, 21.0292062 ], [ 105.8549607, 21.029009 ], [ 105.8550944, 21.02902 ], [ 105.8550726, 21.0292494 ], [ 105.8550678, 21.0293044 ], [ 105.8550133, 21.0293003 ], [ 105.8549193, 21.0292926 ], [ 105.854916200000019, 21.0293252 ], [ 105.8545523, 21.0292952 ], [ 105.8545578, 21.0292361 ], [ 105.8544997, 21.0292313 ], [ 105.854524400000017, 21.0289702 ] ] ] } },
{ "type": "Feature", "properties": { "element": "way", "id": 1222173639, "estimated_height": 12.0 }, "geometry": { "type": "Polygon", "coordinates": [ [ [ 105.8550678, 21.0293044 ], [ 105.8551931, 21.029314 ], [ 105.8551979, 21.029259 ], [ 105.855087400000016, 21.0292506 ], [ 105.8550805, 21.02925 ], [ 105.8550726, 21.0292494 ], [ 105.8550678, 21.0293044 ] ] ] } },
{ "type": "Feature", "properties": { "element": "way", "id": 1222173640, "estimated_height": 12.0 }, "geometry": { "type": "Polygon", "coordinates": [ [ [ 105.8551208, 21.0293178 ], [ 105.8551901, 21.0293227 ], [ 105.8551582, 21.02942 ], [ 105.8551119, 21.0294168 ], [ 105.8551206, 21.0293256 ], [ 105.8551208, 21.0293178 ] ] ] } },
{ "type": "Feature", "properties": { "element": "way", "id": 1222173641, "estimated_height": 12.0 }, "geometry": { "type": "Polygon", "coordinates": [ [ [ 105.8551582, 21.02942 ], [ 105.855123, 21.0295195 ], [ 105.8551029, 21.0295175 ], [ 105.8551028, 21.0295119 ], [ 105.8551119, 21.0294168 ], [ 105.8551582, 21.02942 ] ] ] } },
{ "type": "Feature", "properties": { "element": "way", "id": 1222173642, "estimated_height": 12.0 }, "geometry": { "type": "Polygon", "coordinates": [ [ [ 105.8544263, 21.0302126 ], [ 105.8544376, 21.0300517 ], [ 105.8549113, 21.0300899 ], [ 105.854875, 21.0302 ], [ 105.8545413, 21.0301664 ], [ 105.8545258, 21.0302219 ], [ 105.8544263, 21.0302126 ] ] ] } },
{ "type": "Feature", "properties": { "element": "way", "id": 1231587828, "estimated_height": 12.0 }, "geometry": { "type": "Polygon", "coordinates": [ [ [ 105.8566929, 21.0264854 ], [ 105.8567472, 21.0265016 ], [ 105.8567822, 21.026399 ], [ 105.8567278, 21.0263828 ], [ 105.8566929, 21.0264854 ] ] ] } },
{ "type": "Feature", "properties": { "element": "way", "id": 1231601433, "estimated_height": 12.0 }, "geometry": { "type": "Polygon", "coordinates": [ [ [ 105.8570135, 21.0257296 ], [ 105.8572332, 21.0257846 ], [ 105.8571837, 21.0259569 ], [ 105.8572241, 21.025967 ], [ 105.8572946, 21.0257214 ], [ 105.8570346, 21.0256563 ], [ 105.8570135, 21.0257296 ] ] ] } },
{ "type": "Feature", "properties": { "element": "way", "id": 1231601434, "estimated_height": 12.0 }, "geometry": { "type": "Polygon", "coordinates": [ [ [ 105.85736, 21.0259523 ], [ 105.8574414, 21.0259695 ], [ 105.8574538, 21.0259185 ], [ 105.8574749, 21.025923 ], [ 105.8574888, 21.0258658 ], [ 105.8573684, 21.0258404 ], [ 105.8573468, 21.0259293 ], [ 105.857364700000019, 21.025933 ], [ 105.85736, 21.0259523 ] ] ] } },
{ "type": "Feature", "properties": { "element": "way", "id": 1231601437, "estimated_height": 12.0 }, "geometry": { "type": "Polygon", "coordinates": [ [ [ 105.8581077, 21.0261466 ], [ 105.8585371, 21.0262533 ], [ 105.858578300000019, 21.0261087 ], [ 105.8581489, 21.026002 ], [ 105.8581077, 21.0261466 ] ] ] } },
{ "type": "Feature", "properties": { "element": "way", "id": 1231601438, "estimated_height": 12.0 }, "geometry": { "type": "Polygon", "coordinates": [ [ [ 105.8579228, 21.0260802 ], [ 105.85807920000002, 21.0261258 ], [ 105.8582161, 21.0257167 ], [ 105.8580596, 21.0256712 ], [ 105.8579228, 21.0260802 ] ] ] } },
{ "type": "Feature", "properties": { "element": "way", "id": 1231601439, "estimated_height": 12.0 }, "geometry": { "type": "Polygon", "coordinates": [ [ [ 105.8565543, 21.0262184 ], [ 105.8565882, 21.0262292 ], [ 105.856583900000018, 21.0262409 ], [ 105.8567003, 21.0262778 ], [ 105.8567058, 21.0262627 ], [ 105.8567392, 21.0262733 ], [ 105.8567659, 21.0261997 ], [ 105.8567484, 21.0261942 ], [ 105.8567598, 21.0261628 ], [ 105.856715300000019, 21.0261487 ], [ 105.8567053, 21.0261763 ], [ 105.8566571, 21.0261611 ], [ 105.8566666, 21.026135 ], [ 105.8565932, 21.0261117 ], [ 105.8565543, 21.0262184 ] ] ] } },
{ "type": "Feature", "properties": { "element": "way", "id": 1231601440, "estimated_height": 12.0 }, "geometry": { "type": "Polygon", "coordinates": [ [ [ 105.856928, 21.0263366 ], [ 105.8570054, 21.0263598 ], [ 105.8570121, 21.0263402 ], [ 105.8570567, 21.0263536 ], [ 105.8570939, 21.0262455 ], [ 105.8570347, 21.0262278 ], [ 105.8570397, 21.0262133 ], [ 105.8569769, 21.0261944 ], [ 105.856928, 21.0263366 ] ] ] } },
{ "type": "Feature", "properties": { "element": "way", "id": 1233758055, "estimated_height": 3.5 }, "geometry": { "type": "Polygon", "coordinates": [ [ [ 105.8559811, 21.0264086 ], [ 105.855975, 21.0263877 ], [ 105.8559982, 21.0263819 ], [ 105.8560043, 21.0264028 ], [ 105.8559811, 21.0264086 ] ] ] } },
{ "type": "Feature", "properties": { "element": "way", "id": 1233792151, "estimated_height": 12.0 }, "geometry": { "type": "Polygon", "coordinates": [ [ [ 105.8556634, 21.0253403 ], [ 105.8556066, 21.0253571 ], [ 105.8556389, 21.0254519 ], [ 105.8558893, 21.0253774 ], [ 105.8559002, 21.0254094 ], [ 105.856009, 21.0253771 ], [ 105.8559985, 21.0253461 ], [ 105.8559852, 21.025307 ], [ 105.855954600000018, 21.0252176 ], [ 105.8559125, 21.0252301 ], [ 105.8559237, 21.025263 ], [ 105.8556634, 21.0253403 ] ] ] } },
{ "type": "Feature", "properties": { "element": "way", "id": 1233792154, "estimated_height": 24.5 }, "geometry": { "type": "Polygon", "coordinates": [ [ [ 105.8562965, 21.0251545 ], [ 105.8564703, 21.0251629 ], [ 105.8565211, 21.0251654 ], [ 105.856587100000013, 21.0251686 ], [ 105.8566361, 21.0250135 ], [ 105.8564965, 21.0250542 ], [ 105.8562844, 21.0251155 ], [ 105.8562965, 21.0251545 ] ] ] } },
{ "type": "Feature", "properties": { "element": "way", "id": 1233792160, "estimated_height": 10.5 }, "geometry": { "type": "Polygon", "coordinates": [ [ [ 105.8549796, 21.0254553 ], [ 105.8550409, 21.0254365 ], [ 105.854987, 21.0252766 ], [ 105.8549258, 21.0252944 ], [ 105.8549796, 21.0254553 ] ] ] } },
{ "type": "Feature", "properties": { "element": "way", "id": 1233792161, "estimated_height": 14.0 }, "geometry": { "type": "Polygon", "coordinates": [ [ [ 105.8550409, 21.0254365 ], [ 105.8551651, 21.0254001 ], [ 105.8550964, 21.0251962 ], [ 105.855095, 21.0251919 ], [ 105.8549708, 21.0252284 ], [ 105.8549723, 21.0252328 ], [ 105.8549736, 21.0252367 ], [ 105.854987, 21.0252766 ], [ 105.8550409, 21.0254365 ] ] ] } },
{ "type": "Feature", "properties": { "element": "way", "id": 1233792162, "estimated_height": 14.0 }, "geometry": { "type": "Polygon", "coordinates": [ [ [ 105.8549708, 21.0252284 ], [ 105.8549521, 21.0251673 ], [ 105.8549151, 21.0250581 ], [ 105.855037, 21.0250222 ], [ 105.855095, 21.0251919 ], [ 105.8549708, 21.0252284 ] ] ] } },
{ "type": "Feature", "properties": { "element": "way", "id": 1233792163, "estimated_height": 14.0 }, "geometry": { "type": "Polygon", "coordinates": [ [ [ 105.8549521, 21.0251673 ], [ 105.854864, 21.0251933 ], [ 105.854827, 21.0250841 ], [ 105.8549151, 21.0250581 ], [ 105.8549521, 21.0251673 ] ] ] } },
{ "type": "Feature", "properties": { "element": "way", "id": 1233792164, "estimated_height": 14.0 }, "geometry": { "type": "Polygon", "coordinates": [ [ [ 105.8549708, 21.0252284 ], [ 105.8548847, 21.0252545 ], [ 105.854864, 21.0251933 ], [ 105.8549521, 21.0251673 ], [ 105.8549708, 21.0252284 ] ] ] } },
{ "type": "Feature", "properties": { "element": "way", "id": 1233792165, "estimated_height": 14.0 }, "geometry": { "type": "Polygon", "coordinates": [ [ [ 105.8549736, 21.0252367 ], [ 105.8548873, 21.0252623 ], [ 105.8549006, 21.0253015 ], [ 105.8549258, 21.0252944 ], [ 105.854987, 21.0252766 ], [ 105.8549736, 21.0252367 ] ] ] } },
{ "type": "Feature", "properties": { "element": "way", "id": 1233838148, "estimated_height": 17.5 }, "geometry": { "type": "Polygon", "coordinates": [ [ [ 105.8570583, 21.0273099 ], [ 105.857106300000012, 21.027139 ], [ 105.8574163, 21.0272179 ], [ 105.8573665, 21.0273884 ], [ 105.8572737, 21.0273648 ], [ 105.8570998, 21.0273205 ], [ 105.8570583, 21.0273099 ] ] ] } },
{ "type": "Feature", "properties": { "element": "way", "id": 1233838149, "estimated_height": 38.5 }, "geometry": { "type": "Polygon", "coordinates": [ [ [ 105.8572669, 21.0271764 ], [ 105.8572765, 21.027144 ], [ 105.8573021, 21.0270541 ], [ 105.8573285, 21.0269634 ], [ 105.8573562, 21.0268665 ], [ 105.857363500000019, 21.0268421 ], [ 105.8575031, 21.0268772 ], [ 105.857494, 21.0269085 ], [ 105.8575122, 21.026913 ], [ 105.8574361, 21.0271766 ], [ 105.8574191, 21.0271723 ], [ 105.8574077, 21.0272118 ], [ 105.8572669, 21.0271764 ] ] ] } },
{ "type": "Feature", "properties": { "element": "way", "id": 1233838150, "estimated_height": 12.0 }, "geometry": { "type": "Polygon", "coordinates": [ [ [ 105.8573562, 21.0268665 ], [ 105.8571206, 21.0268079 ], [ 105.8570415, 21.0270856 ], [ 105.8572765, 21.027144 ], [ 105.8573021, 21.0270541 ], [ 105.8571416, 21.0270142 ], [ 105.8571675, 21.0269234 ], [ 105.8573285, 21.0269634 ], [ 105.8573562, 21.0268665 ] ] ] } },
{ "type": "Feature", "properties": { "element": "way", "id": 1233838151, "estimated_height": 12.0 }, "geometry": { "type": "Polygon", "coordinates": [ [ [ 105.856952800000016, 21.0270887 ], [ 105.8569579, 21.0268709 ], [ 105.8569873, 21.0267797 ], [ 105.8570606, 21.0268003 ], [ 105.8570406, 21.0268624 ], [ 105.8570352, 21.0270904 ], [ 105.856952800000016, 21.0270887 ] ] ] } },
{ "type": "Feature", "properties": { "element": "way", "id": 1233838152, "estimated_height": 7.0 }, "geometry": { "type": "Polygon", "coordinates": [ [ [ 105.8572368, 21.0274917 ], [ 105.8572737, 21.0273648 ], [ 105.8573665, 21.0273884 ], [ 105.8573297, 21.0275152 ], [ 105.8572368, 21.0274917 ] ] ] } },
{ "type": "Feature", "properties": { "element": "way", "id": 1233838153, "estimated_height": 12.0 }, "geometry": { "type": "Polygon", "coordinates": [ [ [ 105.8572368, 21.0274917 ], [ 105.8570631, 21.0274483 ], [ 105.8570998, 21.0273205 ], [ 105.8572737, 21.0273648 ], [ 105.8572368, 21.0274917 ] ] ] } },
{ "type": "Feature", "properties": { "element": "way", "id": 1233838154, "estimated_height": 12.0 }, "geometry": { "type": "Polygon", "coordinates": [ [ [ 105.8569533, 21.0271143 ], [ 105.8571119, 21.0271165 ], [ 105.8571069, 21.0271367 ], [ 105.857106300000012, 21.027139 ], [ 105.8570583, 21.0273099 ], [ 105.8570201, 21.0274429 ], [ 105.8569483, 21.027442 ], [ 105.8569533, 21.0271143 ] ] ] } },
{ "type": "Feature", "properties": { "element": "way", "id": 1233838160, "estimated_height": 12.0 }, "geometry": { "type": "Polygon", "coordinates": [ [ [ 105.857651, 21.0264506 ], [ 105.8572757, 21.0263636 ], [ 105.8571494, 21.0263344 ], [ 105.8571652, 21.0262747 ], [ 105.8572916, 21.0263039 ], [ 105.8573262, 21.0261738 ], [ 105.857627, 21.0262435 ], [ 105.8576829, 21.0263305 ], [ 105.857651, 21.0264506 ] ] ] } },
{ "type": "Feature", "properties": { "element": "way", "id": 1233838166, "estimated_height": 12.0 }, "geometry": { "type": "Polygon", "coordinates": [ [ [ 105.8566858, 21.0266528 ], [ 105.8565691, 21.0266194 ], [ 105.8565585, 21.0266518 ], [ 105.8564953, 21.0266337 ], [ 105.8564876, 21.026657 ], [ 105.8564034, 21.0266329 ], [ 105.8563844, 21.0266909 ], [ 105.8566485, 21.0267665 ], [ 105.8566858, 21.0266528 ] ] ] } },
{ "type": "Feature", "properties": { "element": "way", "id": 1233838168, "estimated_height": 12.0 }, "geometry": { "type": "Polygon", "coordinates": [ [ [ 105.8571896, 21.0262063 ], [ 105.8572431, 21.0262196 ], [ 105.8572629, 21.0261502 ], [ 105.8572094, 21.0261369 ], [ 105.8571896, 21.0262063 ] ] ] } },
{ "type": "Feature", "properties": { "element": "way", "id": 1233838169, "estimated_height": 12.0 }, "geometry": { "type": "Polygon", "coordinates": [ [ [ 105.8565838, 21.0263267 ], [ 105.856601, 21.0262768 ], [ 105.856804, 21.0263378 ], [ 105.8567867, 21.0263877 ], [ 105.8565838, 21.0263267 ] ] ] } },
{ "type": "Feature", "properties": { "element": "way", "id": 1233838171, "estimated_height": 12.0 }, "geometry": { "type": "Polygon", "coordinates": [ [ [ 105.8575597, 21.0265729 ], [ 105.8575757, 21.0265187 ], [ 105.8576297, 21.0265325 ], [ 105.8576138, 21.0265868 ], [ 105.8575597, 21.0265729 ] ] ] } },
{ "type": "Feature", "properties": { "element": "way", "id": 1233838173, "estimated_height": 12.0 }, "geometry": { "type": "Polygon", "coordinates": [ [ [ 105.8571274, 21.0264432 ], [ 105.857148100000018, 21.0263696 ], [ 105.8572148, 21.026386 ], [ 105.8571941, 21.0264595 ], [ 105.8571274, 21.0264432 ] ] ] } },
{ "type": "Feature", "properties": { "element": "way", "id": 1233984096, "estimated_height": 28.0 }, "geometry": { "type": "Polygon", "coordinates": [ [ [ 105.8566883, 21.0255476 ], [ 105.8568823, 21.0255946 ], [ 105.8570047, 21.0256248 ], [ 105.8570006, 21.025643 ], [ 105.8569274, 21.0259075 ], [ 105.8566422, 21.0258356 ], [ 105.8566188, 21.0257864 ], [ 105.8566883, 21.0255476 ] ] ] } },
{ "type": "Feature", "properties": { "element": "way", "id": 1233984102, "estimated_height": 12.0 }, "geometry": { "type": "Polygon", "coordinates": [ [ [ 105.8575258, 21.0259138 ], [ 105.8575432, 21.0258455 ], [ 105.8576834, 21.0258767 ], [ 105.857666, 21.0259449 ], [ 105.8575258, 21.0259138 ] ] ] } },
{ "type": "Feature", "properties": { "element": "way", "id": 1233984103, "estimated_height": 12.0 }, "geometry": { "type": "Polygon", "coordinates": [ [ [ 105.8576532, 21.0260451 ], [ 105.8576933, 21.0259089 ], [ 105.8577799, 21.0259311 ], [ 105.8577398, 21.0260673 ], [ 105.8576532, 21.0260451 ] ] ] } },
{ "type": "Feature", "properties": { "element": "way", "id": 1233984104, "estimated_height": 12.0 }, "geometry": { "type": "Polygon", "coordinates": [ [ [ 105.8575233, 21.0259205 ], [ 105.8575636, 21.0259303 ], [ 105.8575331, 21.0260403 ], [ 105.8574927, 21.0260305 ], [ 105.8575233, 21.0259205 ] ] ] } },
{ "type": "Feature", "properties": { "element": "way", "id": 1234036428, "estimated_height": 14.0 }, "geometry": { "type": "Polygon", "coordinates": [ [ [ 105.8573136, 21.0251336 ], [ 105.857453, 21.0250182 ], [ 105.8574905, 21.0250572 ], [ 105.8573724, 21.0251557 ], [ 105.8573509, 21.0251732 ], [ 105.8573136, 21.0251336 ] ] ] } },
{ "type": "Feature", "properties": { "element": "way", "id": 1234036429, "estimated_height": 14.0 }, "geometry": { "type": "Polygon", "coordinates": [ [ [ 105.8574905, 21.0250572 ], [ 105.8575393, 21.0251082 ], [ 105.857429, 21.0252002 ], [ 105.8574212, 21.0252067 ], [ 105.8573724, 21.0251557 ], [ 105.8574905, 21.0250572 ] ] ] } },
{ "type": "Feature", "properties": { "element": "way", "id": 1234036430, "estimated_height": 3.5 }, "geometry": { "type": "Polygon", "coordinates": [ [ [ 105.8575862, 21.0251569 ], [ 105.8575393, 21.0251082 ], [ 105.857429, 21.0252002 ], [ 105.8574767, 21.0252494 ], [ 105.8575862, 21.0251569 ] ] ] } },
{ "type": "Feature", "properties": { "element": "way", "id": 1234036431, "estimated_height": 17.5 }, "geometry": { "type": "Polygon", "coordinates": [ [ [ 105.8572349, 21.0252433 ], [ 105.8572808, 21.0252563 ], [ 105.8573076, 21.0251624 ], [ 105.8572624, 21.0251516 ], [ 105.8572349, 21.0252433 ] ] ] } },
{ "type": "Feature", "properties": { "element": "way", "id": 1234036432, "estimated_height": 21.0 }, "geometry": { "type": "Polygon", "coordinates": [ [ [ 105.8572808, 21.0252563 ], [ 105.857324, 21.0252671 ], [ 105.8573509, 21.0251732 ], [ 105.8573076, 21.0251624 ], [ 105.8572808, 21.0252563 ] ] ] } },
{ "type": "Feature", "properties": { "element": "way", "id": 1234036433, "estimated_height": 3.5 }, "geometry": { "type": "Polygon", "coordinates": [ [ [ 105.8573509, 21.0251732 ], [ 105.8573724, 21.0251557 ], [ 105.8574212, 21.0252067 ], [ 105.857429, 21.0252002 ], [ 105.8574767, 21.0252494 ], [ 105.8574273, 21.0252929 ], [ 105.857324, 21.0252671 ], [ 105.8573509, 21.0251732 ] ] ] } },
{ "type": "Feature", "properties": { "element": "way", "id": 1234036435, "estimated_height": 21.0 }, "geometry": { "type": "Polygon", "coordinates": [ [ [ 105.8578716, 21.0277776 ], [ 105.8579073, 21.0276862 ], [ 105.8579877, 21.0277135 ], [ 105.8581175, 21.027411799999989 ], [ 105.8582316, 21.0274532 ], [ 105.8580764, 21.0278043 ], [ 105.8580401, 21.0278311 ], [ 105.8578716, 21.0277776 ] ] ] } },
{ "type": "Feature", "properties": { "element": "way", "id": 1234095141, "estimated_height": 21.0 }, "geometry": { "type": "Polygon", "coordinates": [ [ [ 105.8558365, 21.0282126 ], [ 105.855767, 21.0282084 ], [ 105.855765, 21.0282369 ], [ 105.8557816, 21.028238 ], [ 105.8557809, 21.0282483 ], [ 105.8557761, 21.028316 ], [ 105.8558291, 21.0283196 ], [ 105.8558358, 21.0282231 ], [ 105.8558364, 21.0282151 ], [ 105.8558365, 21.0282126 ] ] ] } },
{ "type": "Feature", "properties": { "element": "way", "id": 1234095142, "estimated_height": 12.0 }, "geometry": { "type": "Polygon", "coordinates": [ [ [ 105.8558358, 21.0282231 ], [ 105.8558761, 21.0282255 ], [ 105.855869400000017, 21.0283224 ], [ 105.8558291, 21.0283196 ], [ 105.8558358, 21.0282231 ] ] ] } },
{ "type": "Feature", "properties": { "element": "way", "id": 1234095143, "estimated_height": 12.0 }, "geometry": { "type": "Polygon", "coordinates": [ [ [ 105.8558928, 21.028324 ], [ 105.8558997, 21.0282204 ], [ 105.8558764, 21.0282191 ], [ 105.8558761, 21.0282255 ], [ 105.855869400000017, 21.0283224 ], [ 105.8558928, 21.028324 ] ] ] } },
{ "type": "Feature", "properties": { "element": "way", "id": 1234095144, "estimated_height": 12.0 }, "geometry": { "type": "Polygon", "coordinates": [ [ [ 105.8559266, 21.0283263 ], [ 105.8559352, 21.0283269 ], [ 105.855942, 21.0282223 ], [ 105.8558997, 21.0282204 ], [ 105.8558928, 21.028324 ], [ 105.8559266, 21.0283263 ] ] ] } },
{ "type": "Feature", "properties": { "element": "way", "id": 1234095145, "estimated_height": 12.0 }, "geometry": { "type": "Polygon", "coordinates": [ [ [ 105.8559352, 21.0283269 ], [ 105.8559722, 21.028329 ], [ 105.855979, 21.0282244 ], [ 105.855942, 21.0282223 ], [ 105.8559352, 21.0283269 ] ] ] } },
{ "type": "Feature", "properties": { "element": "way", "id": 1234095146, "estimated_height": 12.0 }, "geometry": { "type": "Polygon", "coordinates": [ [ [ 105.8559722, 21.028329 ], [ 105.8560218, 21.0283318 ], [ 105.8560249, 21.0282823 ], [ 105.8560285, 21.0282272 ], [ 105.855979, 21.0282244 ], [ 105.8559722, 21.028329 ] ] ] } },
{ "type": "Feature", "properties": { "element": "way", "id": 1234095147, "estimated_height": 17.5 }, "geometry": { "type": "Polygon", "coordinates": [ [ [ 105.856204, 21.0284728 ], [ 105.8561939, 21.0286318 ], [ 105.8562535, 21.0286355 ], [ 105.8562467, 21.0287304 ], [ 105.8560062, 21.0287155 ], [ 105.8560129, 21.0286218 ], [ 105.8561471, 21.0286301 ], [ 105.8561532, 21.0285442 ], [ 105.8559106, 21.0285286 ], [ 105.8559257, 21.0283386 ], [ 105.8559841, 21.0283422 ], [ 105.8559758, 21.0284594 ], [ 105.8560094, 21.028462 ], [ 105.856204, 21.0284728 ] ] ] } },
{ "type": "Feature", "properties": { "element": "way", "id": 1234095149, "estimated_height": 7.0 }, "geometry": { "type": "Polygon", "coordinates": [ [ [ 105.8560218, 21.0283318 ], [ 105.8561995, 21.0283413 ], [ 105.8561815, 21.0282899 ], [ 105.8560249, 21.0282823 ], [ 105.8560218, 21.0283318 ] ] ] } },
{ "type": "Feature", "properties": { "element": "way", "id": 1234095150, "estimated_height": 3.5 }, "geometry": { "type": "Polygon", "coordinates": [ [ [ 105.8560218, 21.0283318 ], [ 105.856019700000019, 21.0283651 ], [ 105.8562115, 21.0283757 ], [ 105.8561995, 21.0283413 ], [ 105.8560218, 21.0283318 ] ] ] } },
{ "type": "Feature", "properties": { "element": "way", "id": 1234095151, "estimated_height": 7.0 }, "geometry": { "type": "Polygon", "coordinates": [ [ [ 105.8560285, 21.0282272 ], [ 105.8561673, 21.0282341 ], [ 105.856167, 21.0282632 ], [ 105.8561815, 21.0282899 ], [ 105.8560249, 21.0282823 ], [ 105.8560285, 21.0282272 ] ] ] } },
{ "type": "Feature", "properties": { "element": "way", "id": 1234095154, "estimated_height": 12.0 }, "geometry": { "type": "Polygon", "coordinates": [ [ [ 105.8562463, 21.0284752 ], [ 105.8562115, 21.0283757 ], [ 105.856019700000019, 21.0283651 ], [ 105.8560158, 21.0283649 ], [ 105.8560094, 21.028462 ], [ 105.856204, 21.0284728 ], [ 105.8562463, 21.0284752 ] ] ] } },
{ "type": "Feature", "properties": { "element": "way", "id": 1234095160, "estimated_height": 7.0 }, "geometry": { "type": "Polygon", "coordinates": [ [ [ 105.856152, 21.0288737 ], [ 105.8561461, 21.0289536 ], [ 105.8560781, 21.0289471 ], [ 105.8560894, 21.0287866 ], [ 105.856157900000014, 21.0287903 ], [ 105.856152, 21.0288737 ] ] ] } },
{ "type": "Feature", "properties": { "element": "way", "id": 1234095161, "estimated_height": 7.0 }, "geometry": { "type": "Polygon", "coordinates": [ [ [ 105.8561461, 21.0289536 ], [ 105.856205, 21.0289586 ], [ 105.8562116, 21.0288769 ], [ 105.856152, 21.0288737 ], [ 105.8561461, 21.0289536 ] ] ] } },
{ "type": "Feature", "properties": { "element": "way", "id": 1234095162, "estimated_height": 7.0 }, "geometry": { "type": "Polygon", "coordinates": [ [ [ 105.856205, 21.0289586 ], [ 105.856265, 21.0289646 ], [ 105.8562718, 21.0288797 ], [ 105.8562116, 21.0288769 ], [ 105.856205, 21.0289586 ] ] ] } },
{ "type": "Feature", "properties": { "element": "way", "id": 1234095163, "estimated_height": 7.0 }, "geometry": { "type": "Polygon", "coordinates": [ [ [ 105.856265, 21.0289646 ], [ 105.8563083, 21.0289685 ], [ 105.856314, 21.0288816 ], [ 105.8562718, 21.0288797 ], [ 105.856265, 21.0289646 ] ] ] } },
{ "type": "Feature", "properties": { "element": "way", "id": 1234095164, "estimated_height": 3.5 }, "geometry": { "type": "Polygon", "coordinates": [ [ [ 105.8563083, 21.0289685 ], [ 105.8563719, 21.0289741 ], [ 105.8563975, 21.0289406 ], [ 105.8563799, 21.0288847 ], [ 105.856314, 21.0288816 ], [ 105.8563083, 21.0289685 ] ] ] } },
{ "type": "Feature", "properties": { "element": "way", "id": 1234286139, "estimated_height": 3.5 }, "geometry": { "type": "Polygon", "coordinates": [ [ [ 105.8557292, 21.0257373 ], [ 105.8556985, 21.0256403 ], [ 105.8558201, 21.0256035 ], [ 105.8558251, 21.0256178 ], [ 105.855916400000012, 21.0255899 ], [ 105.855921, 21.0256029 ], [ 105.85594, 21.0255971 ], [ 105.8559574, 21.0256469 ], [ 105.8559351, 21.0256537 ], [ 105.8559417, 21.0256724 ], [ 105.8557292, 21.0257373 ] ] ] } },
{ "type": "Feature", "properties": { "element": "way", "id": 1234286140, "estimated_height": 3.5 }, "geometry": { "type": "Polygon", "coordinates": [ [ [ 105.85594, 21.0255971 ], [ 105.8559324, 21.0255762 ], [ 105.8560076, 21.0255529 ], [ 105.8560459, 21.0256602 ], [ 105.8559707, 21.0256835 ], [ 105.8559574, 21.0256469 ], [ 105.85594, 21.0255971 ] ] ] } },
{ "type": "Feature", "properties": { "element": "way", "id": 1234787076, "estimated_height": 14.0 }, "geometry": { "type": "Polygon", "coordinates": [ [ [ 105.8560371, 21.0249129 ], [ 105.8559937, 21.024781 ], [ 105.8560394, 21.0247678 ], [ 105.8560829, 21.0248999 ], [ 105.8560371, 21.0249129 ] ] ] } },
{ "type": "Feature", "properties": { "element": "way", "id": 1234787077, "estimated_height": 14.0 }, "geometry": { "type": "Polygon", "coordinates": [ [ [ 105.8560829, 21.0248999 ], [ 105.8561315, 21.0248861 ], [ 105.8560879, 21.0247538 ], [ 105.8560394, 21.0247678 ], [ 105.8560829, 21.0248999 ] ] ] } },
{ "type": "Feature", "properties": { "element": "way", "id": 1234787078, "estimated_height": 12.25 }, "geometry": { "type": "Polygon", "coordinates": [ [ [ 105.8561315, 21.0248861 ], [ 105.85617120000002, 21.0248749 ], [ 105.8561276, 21.0247423 ], [ 105.8560879, 21.0247538 ], [ 105.8561315, 21.0248861 ] ] ] } },
{ "type": "Feature", "properties": { "element": "way", "id": 1234787079, "estimated_height": 8.75 }, "geometry": { "type": "Polygon", "coordinates": [ [ [ 105.8562147, 21.0248626 ], [ 105.8562587, 21.0248502 ], [ 105.8562155, 21.0247173 ], [ 105.8561713, 21.0247298 ], [ 105.8562147, 21.0248626 ] ] ] } },
{ "type": "Feature", "properties": { "element": "way", "id": 1234787080, "estimated_height": 7.0 }, "geometry": { "type": "Polygon", "coordinates": [ [ [ 105.8562587, 21.0248502 ], [ 105.8562951, 21.02484 ], [ 105.8562522, 21.024707 ], [ 105.8562155, 21.0247173 ], [ 105.8562587, 21.0248502 ] ] ] } },
{ "type": "Feature", "properties": { "element": "way", "id": 1234787081, "estimated_height": 10.5 }, "geometry": { "type": "Polygon", "coordinates": [ [ [ 105.8562951, 21.02484 ], [ 105.8563357, 21.0248287 ], [ 105.8562929, 21.0246956 ], [ 105.8562522, 21.024707 ], [ 105.8562951, 21.02484 ] ] ] } },
{ "type": "Feature", "properties": { "element": "way", "id": 1234787082, "estimated_height": 10.5 }, "geometry": { "type": "Polygon", "coordinates": [ [ [ 105.8563357, 21.0248287 ], [ 105.8563824, 21.0248156 ], [ 105.8563398, 21.0246825 ], [ 105.8562929, 21.0246956 ], [ 105.8563357, 21.0248287 ] ] ] } },
{ "type": "Feature", "properties": { "element": "way", "id": 1234787083, "estimated_height": 10.5 }, "geometry": { "type": "Polygon", "coordinates": [ [ [ 105.8563824, 21.0248156 ], [ 105.8564045, 21.0248847 ], [ 105.8564449, 21.0248734 ], [ 105.856435600000012, 21.0248448 ], [ 105.8563803, 21.0246712 ], [ 105.8563398, 21.0246825 ], [ 105.8563824, 21.0248156 ] ] ] } },
{ "type": "Feature", "properties": { "element": "way", "id": 1234787084, "estimated_height": 12.0 }, "geometry": { "type": "Polygon", "coordinates": [ [ [ 105.8571029, 21.0254931 ], [ 105.8571153, 21.025447 ], [ 105.8571303, 21.025394 ], [ 105.8571856, 21.0254074 ], [ 105.8572516, 21.0254228 ], [ 105.8572648, 21.025374 ], [ 105.857376, 21.0254001 ], [ 105.8573255, 21.025587 ], [ 105.8572148, 21.0255609 ], [ 105.8572254, 21.025522 ], [ 105.8571029, 21.0254931 ] ] ] } },
{ "type": "Feature", "properties": { "element": "way", "id": 1234787085, "estimated_height": 7.0 }, "geometry": { "type": "Polygon", "coordinates": [ [ [ 105.8571356, 21.0256697 ], [ 105.8570173, 21.0256413 ], [ 105.8570503, 21.0255215 ], [ 105.8570852, 21.0255298 ], [ 105.8570741, 21.0255702 ], [ 105.8570934, 21.0255749 ], [ 105.8571044, 21.0255352 ], [ 105.8571684, 21.0255506 ], [ 105.8571356, 21.0256697 ] ] ] } },
{ "type": "Feature", "properties": { "element": "way", "id": 1234787086, "estimated_height": 7.0 }, "geometry": { "type": "Polygon", "coordinates": [ [ [ 105.8571424, 21.0256719 ], [ 105.8571715, 21.0255685 ], [ 105.8573062, 21.0256014 ], [ 105.8572772, 21.0257049 ], [ 105.8571424, 21.0256719 ] ] ] } },
{ "type": "Feature", "properties": { "element": "way", "id": 1234787087, "estimated_height": 10.5 }, "geometry": { "type": "Polygon", "coordinates": [ [ [ 105.8571153, 21.025447 ], [ 105.8570693, 21.0254357 ], [ 105.8570993, 21.0253287 ], [ 105.8571454, 21.0253401 ], [ 105.8571303, 21.025394 ], [ 105.8571153, 21.025447 ] ] ] } },
{ "type": "Feature", "properties": { "element": "way", "id": 1234787088, "estimated_height": 12.0 }, "geometry": { "type": "Polygon", "coordinates": [ [ [ 105.8571856, 21.0254074 ], [ 105.8572006, 21.0253535 ], [ 105.8571454, 21.0253401 ], [ 105.8571303, 21.025394 ], [ 105.8571856, 21.0254074 ] ] ] } },
{ "type": "Feature", "properties": { "element": "way", "id": 1234787091, "estimated_height": 7.0 }, "geometry": { "type": "Polygon", "coordinates": [ [ [ 105.8575229, 21.0256019 ], [ 105.857564400000015, 21.0254577 ], [ 105.8576286, 21.0254738 ], [ 105.857587, 21.025618 ], [ 105.8575229, 21.0256019 ] ] ] } },
{ "type": "Feature", "properties": { "element": "way", "id": 1234787092, "estimated_height": 12.0 }, "geometry": { "type": "Polygon", "coordinates": [ [ [ 105.8577231, 21.0258455 ], [ 105.857756100000017, 21.0257246 ], [ 105.8578363, 21.0257437 ], [ 105.8578033, 21.0258646 ], [ 105.8577231, 21.0258455 ] ] ] } },
{ "type": "Feature", "properties": { "element": "way", "id": 1250177232, "estimated_height": 12.0 }, "geometry": { "type": "Polygon", "coordinates": [ [ [ 105.8566257, 21.0289177 ], [ 105.8567254, 21.0288897 ], [ 105.8567125, 21.0288496 ], [ 105.8566128, 21.0288776 ], [ 105.8566257, 21.0289177 ] ] ] } },
{ "type": "Feature", "properties": { "element": "way", "id": 1272177397, "estimated_height": 12.0 }, "geometry": { "type": "Polygon", "coordinates": [ [ [ 105.849603, 21.029447 ], [ 105.8497409, 21.0294551 ], [ 105.8497445, 21.0294015 ], [ 105.8496066, 21.0293934 ], [ 105.849603, 21.029447 ] ] ] } },
{ "type": "Feature", "properties": { "element": "way", "id": 1272177537, "estimated_height": 12.0 }, "geometry": { "type": "Polygon", "coordinates": [ [ [ 105.8498181, 21.0293048 ], [ 105.8497976, 21.0293467 ], [ 105.8498828, 21.029383 ], [ 105.8499033, 21.0293411 ], [ 105.8498181, 21.0293048 ] ] ] } },
{ "type": "Feature", "properties": { "element": "way", "id": 1272177587, "estimated_height": 12.0 }, "geometry": { "type": "Polygon", "coordinates": [ [ [ 105.8496492, 21.0293167 ], [ 105.849736300000018, 21.0293467 ], [ 105.8497489, 21.0293149 ], [ 105.8496618, 21.0292848 ], [ 105.8496492, 21.0293167 ] ] ] } },
{ "type": "Feature", "properties": { "element": "way", "id": 1306394607, "estimated_height": 12.0 }, "geometry": { "type": "Polygon", "coordinates": [ [ [ 105.8491522, 21.0307088 ], [ 105.8490699, 21.0308401 ], [ 105.8493009, 21.0309639 ], [ 105.8493832, 21.0308332 ], [ 105.8491522, 21.0307088 ] ] ] } },
{ "type": "Feature", "properties": { "element": "way", "id": 1306394608, "estimated_height": 12.0 }, "geometry": { "type": "Polygon", "coordinates": [ [ [ 105.8491909, 21.0307128 ], [ 105.8492173, 21.0306709 ], [ 105.8494495, 21.0307971 ], [ 105.8494249, 21.0308389 ], [ 105.8491909, 21.0307128 ] ] ] } },
{ "type": "Feature", "properties": { "element": "way", "id": 1306394609, "estimated_height": 12.0 }, "geometry": { "type": "Polygon", "coordinates": [ [ [ 105.8491743, 21.0305912 ], [ 105.849205, 21.0305482 ], [ 105.849444, 21.030695 ], [ 105.849417, 21.0307357 ], [ 105.8491743, 21.0305912 ] ] ] } },
{ "type": "Feature", "properties": { "element": "way", "id": 1306394610, "estimated_height": 12.0 }, "geometry": { "type": "Polygon", "coordinates": [ [ [ 105.8492855, 21.0305947 ], [ 105.8493052, 21.0305614 ], [ 105.8494673, 21.0306595 ], [ 105.8494458, 21.0306887 ], [ 105.8492855, 21.0305947 ] ] ] } },
{ "type": "Feature", "properties": { "element": "way", "id": 1306394611, "estimated_height": 12.0 }, "geometry": { "type": "Polygon", "coordinates": [ [ [ 105.8492363, 21.0305167 ], [ 105.8492646, 21.0304726 ], [ 105.849498, 21.0306159 ], [ 105.8494704, 21.0306572 ], [ 105.8492363, 21.0305167 ] ] ] } },
{ "type": "Feature", "properties": { "element": "way", "id": 1306394612, "estimated_height": 12.0 }, "geometry": { "type": "Polygon", "coordinates": [ [ [ 105.8492425, 21.0304571 ], [ 105.849264500000018, 21.0304246 ], [ 105.8492886, 21.0303888 ], [ 105.8495331, 21.0305385 ], [ 105.8494858, 21.0306027 ], [ 105.8492425, 21.0304571 ] ] ] } },
{ "type": "Feature", "properties": { "element": "way", "id": 1306394613, "estimated_height": 12.0 }, "geometry": { "type": "Polygon", "coordinates": [ [ [ 105.849610500000011, 21.0304594 ], [ 105.8496485, 21.0304106 ], [ 105.849455, 21.0302856 ], [ 105.84941760000001, 21.0303304 ], [ 105.849610500000011, 21.0304594 ] ] ] } },
{ "type": "Feature", "properties": { "element": "way", "id": 1306394614, "estimated_height": 12.0 }, "geometry": { "type": "Polygon", "coordinates": [ [ [ 105.8496977, 21.0303619 ], [ 105.8497327, 21.0303281 ], [ 105.8496246, 21.0302489 ], [ 105.8495939, 21.0302833 ], [ 105.8496977, 21.0303619 ] ] ] } },
{ "type": "Feature", "properties": { "element": "way", "id": 1306394615, "estimated_height": 12.0 }, "geometry": { "type": "Polygon", "coordinates": [ [ [ 105.8497309, 21.0303235 ], [ 105.8497554, 21.0302971 ], [ 105.8496627, 21.030226 ], [ 105.8496387, 21.0302535 ], [ 105.8497309, 21.0303235 ] ] ] } },
{ "type": "Feature", "properties": { "element": "way", "id": 1306394616, "estimated_height": 12.0 }, "geometry": { "type": "Polygon", "coordinates": [ [ [ 105.8495902, 21.0301641 ], [ 105.8496166, 21.030136 ], [ 105.8497868, 21.0302684 ], [ 105.8497616, 21.0302954 ], [ 105.8495902, 21.0301641 ] ] ] } },
{ "type": "Feature", "properties": { "element": "way", "id": 1306394617, "estimated_height": 12.0 }, "geometry": { "type": "Polygon", "coordinates": [ [ [ 105.8496449, 21.0301549 ], [ 105.849675, 21.0301199 ], [ 105.849745, 21.0301732 ], [ 105.8497149, 21.0302065 ], [ 105.8496449, 21.0301549 ] ] ] } },
{ "type": "Feature", "properties": { "element": "way", "id": 1306394618, "estimated_height": 12.0 }, "geometry": { "type": "Polygon", "coordinates": [ [ [ 105.8497481, 21.0301859 ], [ 105.8497216, 21.0302128 ], [ 105.8498052, 21.0302759 ], [ 105.8498304, 21.0302461 ], [ 105.8497481, 21.0301859 ] ] ] } },
{ "type": "Feature", "properties": { "element": "way", "id": 1306394619, "estimated_height": 12.0 }, "geometry": { "type": "Polygon", "coordinates": [ [ [ 105.8496062, 21.03005 ], [ 105.8496504, 21.0299978 ], [ 105.8498162, 21.0301239 ], [ 105.8497708, 21.0301738 ], [ 105.8496062, 21.03005 ] ] ] } },
{ "type": "Feature", "properties": { "element": "way", "id": 1306394620, "estimated_height": 12.0 }, "geometry": { "type": "Polygon", "coordinates": [ [ [ 105.8498224, 21.0300763 ], [ 105.8499164, 21.0299559 ], [ 105.849976, 21.0299949 ], [ 105.8498795, 21.0301153 ], [ 105.8498224, 21.0300763 ] ] ] } },
{ "type": "Feature", "properties": { "element": "way", "id": 1306394621, "estimated_height": 12.0 }, "geometry": { "type": "Polygon", "coordinates": [ [ [ 105.8496596, 21.0297736 ], [ 105.8498463, 21.0298992 ], [ 105.8499029, 21.0298206 ], [ 105.849718, 21.0296996 ], [ 105.8496596, 21.0297736 ] ] ] } },
{ "type": "Feature", "properties": { "element": "way", "id": 1306394622, "estimated_height": 12.0 }, "geometry": { "type": "Polygon", "coordinates": [ [ [ 105.8494697, 21.030958 ], [ 105.8494186, 21.0310328 ], [ 105.84956, 21.0311142 ], [ 105.8496124, 21.0310369 ], [ 105.8494697, 21.030958 ] ] ] } },
{ "type": "Feature", "properties": { "element": "way", "id": 1306394623, "estimated_height": 12.0 }, "geometry": { "type": "Polygon", "coordinates": [ [ [ 105.8496247, 21.0309732 ], [ 105.849654700000016, 21.0309276 ], [ 105.8495305, 21.0308552 ], [ 105.849499600000016, 21.0308992 ], [ 105.8496247, 21.0309732 ] ] ] } },
{ "type": "Feature", "properties": { "element": "way", "id": 1306394624, "estimated_height": 12.0 }, "geometry": { "type": "Polygon", "coordinates": [ [ [ 105.849552, 21.0308269 ], [ 105.8495705, 21.030801 ], [ 105.8497599, 21.0309115 ], [ 105.8497414, 21.0309358 ], [ 105.849552, 21.0308269 ] ] ] } },
{ "type": "Feature", "properties": { "element": "way", "id": 1306394625, "estimated_height": 12.0 }, "geometry": { "type": "Polygon", "coordinates": [ [ [ 105.8495824, 21.0307919 ], [ 105.8496075, 21.0307541 ], [ 105.8498515, 21.0308971 ], [ 105.8498291, 21.0309354 ], [ 105.8495824, 21.0307919 ] ] ] } },
{ "type": "Feature", "properties": { "element": "way", "id": 1306394626, "estimated_height": 12.0 }, "geometry": { "type": "Polygon", "coordinates": [ [ [ 105.8496163, 21.0307533 ], [ 105.849634, 21.0307265 ], [ 105.8498899, 21.0308774 ], [ 105.8498727, 21.0309025 ], [ 105.8496163, 21.0307533 ] ] ] } },
{ "type": "Feature", "properties": { "element": "way", "id": 1306394627, "estimated_height": 12.0 }, "geometry": { "type": "Polygon", "coordinates": [ [ [ 105.8496542, 21.0306332 ], [ 105.8497049, 21.0305592 ], [ 105.850026, 21.0307516 ], [ 105.849976600000019, 21.0308252 ], [ 105.8496542, 21.0306332 ] ] ] } },
{ "type": "Feature", "properties": { "element": "way", "id": 1306394628, "estimated_height": 12.0 }, "geometry": { "type": "Polygon", "coordinates": [ [ [ 105.8497287, 21.0305691 ], [ 105.8497485, 21.0305415 ], [ 105.8499528, 21.0306661 ], [ 105.8499335, 21.0306916 ], [ 105.8497287, 21.0305691 ] ] ] } },
{ "type": "Feature", "properties": { "element": "way", "id": 1306394629, "estimated_height": 12.0 }, "geometry": { "type": "Polygon", "coordinates": [ [ [ 105.849764800000017, 21.0305481 ], [ 105.849793, 21.030507 ], [ 105.849989, 21.030625 ], [ 105.8499608, 21.0306669 ], [ 105.849764800000017, 21.0305481 ] ] ] } },
{ "type": "Feature", "properties": { "element": "way", "id": 1306394630, "estimated_height": 12.0 }, "geometry": { "type": "Polygon", "coordinates": [ [ [ 105.8497974, 21.0305054 ], [ 105.8498163, 21.0304762 ], [ 105.850044, 21.0306135 ], [ 105.8500238, 21.0306431 ], [ 105.8497974, 21.0305054 ] ] ] } },
{ "type": "Feature", "properties": { "element": "way", "id": 1306394631, "estimated_height": 12.0 }, "geometry": { "type": "Polygon", "coordinates": [ [ [ 105.849826, 21.0304659 ], [ 105.8498612, 21.030419 ], [ 105.849984600000013, 21.0305017 ], [ 105.8499467, 21.0305477 ], [ 105.849826, 21.0304659 ] ] ] } },
{ "type": "Feature", "properties": { "element": "way", "id": 1306394632, "estimated_height": 12.0 }, "geometry": { "type": "Polygon", "coordinates": [ [ [ 105.8498467, 21.0303849 ], [ 105.849885, 21.0303372 ], [ 105.8501726, 21.0305366 ], [ 105.8501334, 21.0305827 ], [ 105.8498467, 21.0303849 ] ] ] } },
{ "type": "Feature", "properties": { "element": "way", "id": 1306394633, "estimated_height": 12.0 }, "geometry": { "type": "Polygon", "coordinates": [ [ [ 105.8499066, 21.0303409 ], [ 105.8499374, 21.0302978 ], [ 105.8501268, 21.0304211 ], [ 105.850092, 21.0304622 ], [ 105.8499066, 21.0303409 ] ] ] } },
{ "type": "Feature", "properties": { "element": "way", "id": 1306394634, "estimated_height": 12.0 }, "geometry": { "type": "Polygon", "coordinates": [ [ [ 105.8499339, 21.0302768 ], [ 105.8499722, 21.0302242 ], [ 105.8501554, 21.0303471 ], [ 105.8501198, 21.0303964 ], [ 105.8499339, 21.0302768 ] ] ] } },
{ "type": "Feature", "properties": { "element": "way", "id": 1306394635, "estimated_height": 12.0 }, "geometry": { "type": "Polygon", "coordinates": [ [ [ 105.8499912, 21.0302209 ], [ 105.850044, 21.0301494 ], [ 105.850169500000021, 21.0302316 ], [ 105.8501149, 21.0303023 ], [ 105.8499912, 21.0302209 ] ] ] } },
{ "type": "Feature", "properties": { "element": "way", "id": 1306394636, "estimated_height": 12.0 }, "geometry": { "type": "Polygon", "coordinates": [ [ [ 105.8502506, 21.0304038 ], [ 105.8501308, 21.0303261 ], [ 105.8501792, 21.0302591 ], [ 105.850299, 21.0303385 ], [ 105.8502506, 21.0304038 ] ] ] } },
{ "type": "Feature", "properties": { "element": "way", "id": 1306394637, "estimated_height": 12.0 }, "geometry": { "type": "Polygon", "coordinates": [ [ [ 105.850067, 21.0301583 ], [ 105.8501034, 21.0301097 ], [ 105.8502344, 21.0301947 ], [ 105.8502001, 21.0302428 ], [ 105.850067, 21.0301583 ] ] ] } },
{ "type": "Feature", "properties": { "element": "way", "id": 1306394638, "estimated_height": 12.0 }, "geometry": { "type": "Polygon", "coordinates": [ [ [ 105.8502324, 21.0301063 ], [ 105.850132, 21.0300374 ], [ 105.850171500000016, 21.0299888 ], [ 105.8502724, 21.0300578 ], [ 105.8502324, 21.0301063 ] ] ] } },
{ "type": "Feature", "properties": { "element": "way", "id": 1306394639, "estimated_height": 12.0 }, "geometry": { "type": "Polygon", "coordinates": [ [ [ 105.85021, 21.0301617 ], [ 105.8502963, 21.0300476 ], [ 105.8503915, 21.0301083 ], [ 105.8503026, 21.0302248 ], [ 105.85021, 21.0301617 ] ] ] } },
{ "type": "Feature", "properties": { "element": "way", "id": 1306742612, "estimated_height": 12.0 }, "geometry": { "type": "Polygon", "coordinates": [ [ [ 105.8585754, 21.0262583 ], [ 105.8586157, 21.0261179 ], [ 105.8588349, 21.026194899999989 ], [ 105.8588005, 21.0263133 ], [ 105.8585754, 21.0262583 ] ] ] } },
{ "type": "Feature", "properties": { "element": "way", "id": 1306742613, "estimated_height": 12.0 }, "geometry": { "type": "Polygon", "coordinates": [ [ [ 105.8586521, 21.0261096 ], [ 105.8587012, 21.0260142 ], [ 105.8588163, 21.0260655 ], [ 105.858772, 21.0261591 ], [ 105.8586521, 21.0261096 ] ] ] } },
{ "type": "Feature", "properties": { "element": "way", "id": 1306742614, "estimated_height": 12.0 }, "geometry": { "type": "Polygon", "coordinates": [ [ [ 105.8588369, 21.0260581 ], [ 105.8589067, 21.0260949 ], [ 105.8588634, 21.0261938 ], [ 105.8587868, 21.0261654 ], [ 105.8588369, 21.0260581 ] ] ] } },
{ "type": "Feature", "properties": { "element": "way", "id": 1306742616, "estimated_height": 12.0 }, "geometry": { "type": "Polygon", "coordinates": [ [ [ 105.8585451, 21.0259484 ], [ 105.8585926, 21.025808 ], [ 105.8587548, 21.0258689 ], [ 105.8587108, 21.0259649 ], [ 105.8586926, 21.0260045 ], [ 105.8586576, 21.0259912 ], [ 105.8585451, 21.0259484 ] ] ] } },
{ "type": "Feature", "properties": { "element": "way", "id": 1306746730, "estimated_height": 12.0 }, "geometry": { "type": "Polygon", "coordinates": [ [ [ 105.8586577, 21.0258111 ], [ 105.8586903, 21.025729 ], [ 105.8587323, 21.02574 ], [ 105.8586997, 21.025824 ], [ 105.8586577, 21.0258111 ] ] ] } },
{ "type": "Feature", "properties": { "element": "way", "id": 1306746731, "estimated_height": 12.0 }, "geometry": { "type": "Polygon", "coordinates": [ [ [ 105.8585519, 21.0257673 ], [ 105.8585657, 21.025728 ], [ 105.8586572, 21.0257534 ], [ 105.8586404, 21.0257936 ], [ 105.8585519, 21.0257673 ] ] ] } },
{ "type": "Feature", "properties": { "element": "way", "id": 1306746732, "estimated_height": 12.0 }, "geometry": { "type": "Polygon", "coordinates": [ [ [ 105.8587731, 21.0257463 ], [ 105.858791, 21.0256942 ], [ 105.8590475, 21.0257695 ], [ 105.8590254, 21.0258223 ], [ 105.8587731, 21.0257463 ] ] ] } },
{ "type": "Feature", "properties": { "element": "way", "id": 1306746733, "estimated_height": 12.0 }, "geometry": { "type": "Polygon", "coordinates": [ [ [ 105.8587269, 21.0258139 ], [ 105.8587469, 21.0257637 ], [ 105.8587979, 21.025779199999988 ], [ 105.8587779, 21.0258306 ], [ 105.8587269, 21.0258139 ] ] ] } },
{ "type": "Feature", "properties": { "element": "way", "id": 1306746734, "estimated_height": 12.0 }, "geometry": { "type": "Polygon", "coordinates": [ [ [ 105.8587799, 21.0258551 ], [ 105.8588062, 21.0257952 ], [ 105.8588861, 21.0258184 ], [ 105.8588586, 21.0258783 ], [ 105.8587799, 21.0258551 ] ] ] } },
{ "type": "Feature", "properties": { "element": "way", "id": 1306746735, "estimated_height": 12.0 }, "geometry": { "type": "Polygon", "coordinates": [ [ [ 105.8588772, 21.0258731 ], [ 105.8589061, 21.0257998 ], [ 105.8589958, 21.0258274 ], [ 105.8589606, 21.0258982 ], [ 105.8588772, 21.0258731 ] ] ] } },
{ "type": "Feature", "properties": { "element": "way", "id": 1323785922, "estimated_height": 24.5 }, "geometry": { "type": "Polygon", "coordinates": [ [ [ 105.8571639, 21.028567 ], [ 105.8572842, 21.0286116 ], [ 105.8574399, 21.0281441 ], [ 105.8573143, 21.0281045 ], [ 105.8571639, 21.028567 ] ] ] } },
{ "type": "Feature", "properties": { "element": "way", "id": 1333731036, "estimated_height": 12.0 }, "geometry": { "type": "Polygon", "coordinates": [ [ [ 105.8559306, 21.024259 ], [ 105.8559529, 21.024323 ], [ 105.856008, 21.0243063 ], [ 105.8560044, 21.024296 ], [ 105.8560236, 21.0242901 ], [ 105.8560049, 21.0242364 ], [ 105.8559306, 21.024259 ] ] ] } },
{ "type": "Feature", "properties": { "element": "way", "id": 1333731037, "estimated_height": 12.0 }, "geometry": { "type": "Polygon", "coordinates": [ [ [ 105.856164, 21.0243508 ], [ 105.8561136, 21.0243639 ], [ 105.8560783, 21.0242449 ], [ 105.8561287, 21.0242318 ], [ 105.856164, 21.0243508 ] ] ] } },
{ "type": "Feature", "properties": { "element": "way", "id": 1333731038, "estimated_height": 12.0 }, "geometry": { "type": "Polygon", "coordinates": [ [ [ 105.8562092, 21.0244783 ], [ 105.8561215, 21.0245029 ], [ 105.8560905, 21.0244065 ], [ 105.8561782, 21.0243819 ], [ 105.8562092, 21.0244783 ] ] ] } },
{ "type": "Feature", "properties": { "element": "way", "id": 1333731040, "estimated_height": 12.0 }, "geometry": { "type": "Polygon", "coordinates": [ [ [ 105.8563219, 21.024423 ], [ 105.8562694, 21.0244383 ], [ 105.8562461, 21.0243685 ], [ 105.8562732, 21.0243606 ], [ 105.8562986, 21.0243532 ], [ 105.8563068, 21.0243778 ], [ 105.8563219, 21.024423 ] ] ] } },
{ "type": "Feature", "properties": { "element": "way", "id": 1333731043, "estimated_height": 12.0 }, "geometry": { "type": "Polygon", "coordinates": [ [ [ 105.8563682, 21.0243666 ], [ 105.8563125, 21.0243803 ], [ 105.8563366, 21.0244653 ], [ 105.8563923, 21.0244516 ], [ 105.8563682, 21.0243666 ] ] ] } },
{ "type": "Feature", "properties": { "element": "way", "id": 1333731044, "estimated_height": 12.0 }, "geometry": { "type": "Polygon", "coordinates": [ [ [ 105.8562096, 21.0244584 ], [ 105.8561955, 21.0244174 ], [ 105.8561574, 21.0243061 ], [ 105.8561952, 21.0242948 ], [ 105.8562025, 21.0243159 ], [ 105.8562201, 21.0243106 ], [ 105.8562477, 21.0243911 ], [ 105.8562651, 21.0244418 ], [ 105.8562096, 21.0244584 ] ] ] } },
{ "type": "Feature", "properties": { "element": "way", "id": 1333731046, "estimated_height": 12.0 }, "geometry": { "type": "Polygon", "coordinates": [ [ [ 105.8562666, 21.0242437 ], [ 105.8562489, 21.0241887 ], [ 105.8563057, 21.0241749 ], [ 105.8562923, 21.0241429 ], [ 105.8563396, 21.0241305 ], [ 105.8563523, 21.0241737 ], [ 105.8563554, 21.0242031 ], [ 105.8563395, 21.0242238 ], [ 105.8562666, 21.0242437 ] ] ] } },
{ "type": "Feature", "properties": { "element": "way", "id": 1333731047, "estimated_height": 12.0 }, "geometry": { "type": "Polygon", "coordinates": [ [ [ 105.8563085, 21.024366 ], [ 105.8563632, 21.0243519 ], [ 105.8563578, 21.0243338 ], [ 105.856394600000016, 21.0243243 ], [ 105.8563831, 21.0242857 ], [ 105.8563757, 21.0242876 ], [ 105.856369700000016, 21.0242675 ], [ 105.8563573, 21.0242707 ], [ 105.856348, 21.0242394 ], [ 105.8562764, 21.0242579 ], [ 105.8563085, 21.024366 ] ] ] } },
{ "type": "Feature", "properties": { "element": "way", "id": 1337534609, "estimated_height": 12.0 }, "geometry": { "type": "Polygon", "coordinates": [ [ [ 105.8586545, 21.0317768 ], [ 105.8586735, 21.0317484 ], [ 105.8587848, 21.0318135 ], [ 105.8587734, 21.0318305 ], [ 105.8587652, 21.0318257 ], [ 105.8587584, 21.0318358 ], [ 105.8587299, 21.0318191 ], [ 105.8587249, 21.0318265 ], [ 105.8587009, 21.0318125 ], [ 105.858705, 21.0318063 ], [ 105.8586545, 21.0317768 ] ] ] } },
{ "type": "Feature", "properties": { "element": "way", "id": 1337534610, "estimated_height": 12.0 }, "geometry": { "type": "Polygon", "coordinates": [ [ [ 105.8587862, 21.0317187 ], [ 105.8587259, 21.0316761 ], [ 105.8587533, 21.0316424 ], [ 105.8588135, 21.0316851 ], [ 105.8587862, 21.0317187 ] ] ] } },
{ "type": "Feature", "properties": { "element": "way", "id": 1337534611, "estimated_height": 12.0 }, "geometry": { "type": "Polygon", "coordinates": [ [ [ 105.8589188, 21.0317584 ], [ 105.8589404, 21.0317187 ], [ 105.8590121, 21.0317526 ], [ 105.8589873, 21.0317981 ], [ 105.8589677, 21.0317889 ], [ 105.858970900000017, 21.0317831 ], [ 105.8589188, 21.0317584 ] ] ] } },
{ "type": "Feature", "properties": { "element": "way", "id": 1337534612, "estimated_height": 12.0 }, "geometry": { "type": "Polygon", "coordinates": [ [ [ 105.8588482, 21.0318376 ], [ 105.8588799, 21.0317834 ], [ 105.8589272, 21.0318075 ], [ 105.8588955, 21.0318617 ], [ 105.8588482, 21.0318376 ] ] ] } },
{ "type": "Feature", "properties": { "element": "way", "id": 1337534613, "estimated_height": 12.0 }, "geometry": { "type": "Polygon", "coordinates": [ [ [ 105.8590339, 21.0318222 ], [ 105.85899, 21.0318023 ], [ 105.8589836, 21.0317994 ], [ 105.8590103, 21.0317482 ], [ 105.8590526, 21.0317674 ], [ 105.8590609, 21.0317874 ], [ 105.8590972, 21.0317987 ], [ 105.8591055, 21.0317957 ], [ 105.8591429, 21.0318143 ], [ 105.8591183, 21.0318574 ], [ 105.8590893, 21.0318431 ], [ 105.859084, 21.0318404 ], [ 105.8590851, 21.0318291 ], [ 105.8590408, 21.0318089 ], [ 105.8590339, 21.0318222 ] ] ] } },
{ "type": "Feature", "properties": { "element": "way", "id": 1337534614, "estimated_height": 12.0 }, "geometry": { "type": "Polygon", "coordinates": [ [ [ 105.8589028, 21.03186 ], [ 105.8589263, 21.0318722 ], [ 105.8589241, 21.0318759 ], [ 105.8589533, 21.0318911 ], [ 105.8589782, 21.0318494 ], [ 105.8589669, 21.0318436 ], [ 105.8589696, 21.0318391 ], [ 105.8589281, 21.0318175 ], [ 105.8589028, 21.03186 ] ] ] } },
{ "type": "Feature", "properties": { "element": "way", "id": 1337537580, "estimated_height": 12.0 }, "geometry": { "type": "Polygon", "coordinates": [ [ [ 105.8589476, 21.0316956 ], [ 105.858977, 21.0316482 ], [ 105.8589977, 21.0316593 ], [ 105.8589683, 21.0317068 ], [ 105.8589476, 21.0316956 ] ] ] } },
{ "type": "Feature", "properties": { "element": "way", "id": 1337537583, "estimated_height": 12.0 }, "geometry": { "type": "Polygon", "coordinates": [ [ [ 105.8588816, 21.0316027 ], [ 105.8589157, 21.0315528 ], [ 105.8589423, 21.0315687 ], [ 105.8589083, 21.0316185 ], [ 105.8588816, 21.0316027 ] ] ] } },
{ "type": "Feature", "properties": { "element": "way", "id": 1337537584, "estimated_height": 12.0 }, "geometry": { "type": "Polygon", "coordinates": [ [ [ 105.858943, 21.031525 ], [ 105.859016, 21.031571 ], [ 105.8590416, 21.0315356 ], [ 105.8590064, 21.0315134 ], [ 105.8589788, 21.0315164 ], [ 105.8589758, 21.0315204 ], [ 105.8589555, 21.0315076 ], [ 105.858943, 21.031525 ] ] ] } },
{ "type": "Feature", "properties": { "element": "way", "id": 1337537585, "estimated_height": 12.0 }, "geometry": { "type": "Polygon", "coordinates": [ [ [ 105.8588095, 21.0315933 ], [ 105.8588338, 21.0316079 ], [ 105.8588623, 21.0315665 ], [ 105.858838, 21.0315519 ], [ 105.8588095, 21.0315933 ] ] ] } },
{ "type": "Feature", "properties": { "element": "way", "id": 1337551327, "estimated_height": 12.0 }, "geometry": { "type": "Polygon", "coordinates": [ [ [ 105.8587634, 21.0316117 ], [ 105.8588053, 21.0316386 ], [ 105.8588012, 21.0316442 ], [ 105.8588353, 21.0316661 ], [ 105.8588612, 21.0316308 ], [ 105.8588021, 21.0315928 ], [ 105.8588073, 21.0315858 ], [ 105.8587904, 21.031575 ], [ 105.8587634, 21.0316117 ] ] ] } },
{ "type": "Feature", "properties": { "element": "way", "id": 1337551328, "estimated_height": 12.0 }, "geometry": { "type": "Polygon", "coordinates": [ [ [ 105.8588342, 21.0314977 ], [ 105.8589067, 21.0315395 ], [ 105.858927100000017, 21.0315087 ], [ 105.8588546, 21.0314669 ], [ 105.8588342, 21.0314977 ] ] ] } },
{ "type": "Feature", "properties": { "element": "way", "id": 1337551329, "estimated_height": 12.0 }, "geometry": { "type": "Polygon", "coordinates": [ [ [ 105.8589486, 21.0316318 ], [ 105.8590031, 21.0316615 ], [ 105.85901, 21.031655 ], [ 105.8590267, 21.0316588 ], [ 105.8590443, 21.0316352 ], [ 105.8589984, 21.0316052 ], [ 105.8589842, 21.0316045 ], [ 105.8589704, 21.031597 ], [ 105.8589486, 21.0316318 ] ] ] } },
{ "type": "Feature", "properties": { "element": "way", "id": 1337551330, "estimated_height": 12.0 }, "geometry": { "type": "Polygon", "coordinates": [ [ [ 105.8590072, 21.0316729 ], [ 105.8590426, 21.0317003 ], [ 105.8590889, 21.0316482 ], [ 105.8590491, 21.0316175 ], [ 105.8590395, 21.0316283 ], [ 105.8590507, 21.0316369 ], [ 105.8590271, 21.0316635 ], [ 105.8590162, 21.0316628 ], [ 105.8590072, 21.0316729 ] ] ] } },
{ "type": "Feature", "properties": { "element": "way", "id": 1337551332, "estimated_height": 12.0 }, "geometry": { "type": "Polygon", "coordinates": [ [ [ 105.858957, 21.0313475 ], [ 105.8590241, 21.0313936 ], [ 105.8590398, 21.0313738 ], [ 105.8589727, 21.0313276 ], [ 105.858957, 21.0313475 ] ] ] } },
{ "type": "Feature", "properties": { "element": "way", "id": 1337551334, "estimated_height": 12.0 }, "geometry": { "type": "Polygon", "coordinates": [ [ [ 105.858875, 21.0314361 ], [ 105.8589329, 21.0314742 ], [ 105.8589629, 21.0314346 ], [ 105.858883, 21.0313819 ], [ 105.8588758, 21.0313914 ], [ 105.8588978, 21.0314059 ], [ 105.858875, 21.0314361 ] ] ] } },
{ "type": "Feature", "properties": { "element": "way", "id": 1337551335, "estimated_height": 12.0 }, "geometry": { "type": "Polygon", "coordinates": [ [ [ 105.8589419, 21.0314813 ], [ 105.8589838, 21.0315071 ], [ 105.8590045, 21.0314778 ], [ 105.8589929, 21.0314642 ], [ 105.858982, 21.0314679 ], [ 105.8589606, 21.0314548 ], [ 105.8589419, 21.0314813 ] ] ] } },
{ "type": "Feature", "properties": { "element": "way", "id": 1338262803, "estimated_height": 12.0 }, "geometry": { "type": "Polygon", "coordinates": [ [ [ 105.8494812, 21.0300627 ], [ 105.8494577, 21.0300921 ], [ 105.8493841, 21.0300411 ], [ 105.8494075, 21.0300116 ], [ 105.8494812, 21.0300627 ] ] ] } },
{ "type": "Feature", "properties": { "element": "way", "id": 1338262804, "estimated_height": 12.0 }, "geometry": { "type": "Polygon", "coordinates": [ [ [ 105.8493748, 21.0298632 ], [ 105.8494242, 21.0298888 ], [ 105.8494696, 21.0298125 ], [ 105.8494201, 21.0297869 ], [ 105.8493748, 21.0298632 ] ] ] } },
{ "type": "Feature", "properties": { "element": "way", "id": 1338262805, "estimated_height": 12.0 }, "geometry": { "type": "Polygon", "coordinates": [ [ [ 105.8494584, 21.0295946 ], [ 105.8494903, 21.0295275 ], [ 105.8494463, 21.0295106 ], [ 105.8494177, 21.0295778 ], [ 105.8494584, 21.0295946 ] ] ] } },
{ "type": "Feature", "properties": { "element": "way", "id": 1338262808, "estimated_height": 12.0 }, "geometry": { "type": "Polygon", "coordinates": [ [ [ 105.8493853, 21.0296458 ], [ 105.8494177, 21.0295778 ], [ 105.8494584, 21.0295946 ], [ 105.849426, 21.0296627 ], [ 105.8493853, 21.0296458 ] ] ] } },
{ "type": "Feature", "properties": { "element": "way", "id": 1338262811, "estimated_height": 12.0 }, "geometry": { "type": "Polygon", "coordinates": [ [ [ 105.8495036, 21.0299695 ], [ 105.8495535, 21.0299987 ], [ 105.8495895, 21.0299452 ], [ 105.8495396, 21.029916 ], [ 105.8495036, 21.0299695 ] ] ] } },
{ "type": "Feature", "properties": { "element": "way", "id": 1338620088, "estimated_height": 12.0 }, "geometry": { "type": "Polygon", "coordinates": [ [ [ 105.8542169, 21.0302671 ], [ 105.8542287, 21.0302635 ], [ 105.8542328, 21.0302704 ], [ 105.8542429, 21.0302706 ], [ 105.854245500000019, 21.0302651 ], [ 105.854278, 21.0302656 ], [ 105.8542943, 21.0301627 ], [ 105.854236, 21.0301529 ], [ 105.8542256, 21.03022 ], [ 105.8542169, 21.0302671 ] ] ] } },
{ "type": "Feature", "properties": { "element": "way", "id": 1338620089, "estimated_height": 12.0 }, "geometry": { "type": "Polygon", "coordinates": [ [ [ 105.8542904, 21.0302542 ], [ 105.8543669, 21.0302613 ], [ 105.85437570000002, 21.0301785 ], [ 105.8542991, 21.0301714 ], [ 105.8542904, 21.0302542 ] ] ] } },
{ "type": "Feature", "properties": { "element": "way", "id": 1338620094, "estimated_height": 12.0 }, "geometry": { "type": "Polygon", "coordinates": [ [ [ 105.8542031, 21.0312592 ], [ 105.8542021, 21.0311731 ], [ 105.8540866, 21.0311715 ], [ 105.8540885, 21.0312674 ], [ 105.8541463, 21.0312701 ], [ 105.8541515, 21.0312493 ], [ 105.8542031, 21.0312592 ] ] ] } },
{ "type": "Feature", "properties": { "element": "way", "id": 1338620095, "estimated_height": 12.0 }, "geometry": { "type": "Polygon", "coordinates": [ [ [ 105.8542723, 21.031253 ], [ 105.854333100000019, 21.0312596 ], [ 105.8543196, 21.0313684 ], [ 105.8542587, 21.0313619 ], [ 105.8542723, 21.031253 ] ] ] } },
{ "type": "Feature", "properties": { "element": "way", "id": 1338620096, "estimated_height": 12.0 }, "geometry": { "type": "Polygon", "coordinates": [ [ [ 105.8542105, 21.0312805 ], [ 105.8542389, 21.0312827 ], [ 105.8542324, 21.0313577 ], [ 105.854204, 21.0313556 ], [ 105.8542105, 21.0312805 ] ] ] } },
{ "type": "Feature", "properties": { "element": "way", "id": 1338749098, "estimated_height": 12.0 }, "geometry": { "type": "Polygon", "coordinates": [ [ [ 105.8583519, 21.0242892 ], [ 105.8583301, 21.0241964 ], [ 105.8584131, 21.0241794 ], [ 105.8584239, 21.0242254 ], [ 105.8584056, 21.0242291 ], [ 105.8584166, 21.0242759 ], [ 105.8583519, 21.0242892 ] ] ] } },
{ "type": "Feature", "properties": { "element": "way", "id": 1339454579, "estimated_height": 12.0 }, "geometry": { "type": "Polygon", "coordinates": [ [ [ 105.858529, 21.0316071 ], [ 105.858484, 21.0316779 ], [ 105.8584576, 21.0316633 ], [ 105.8584439, 21.0316849 ], [ 105.8583983, 21.0316597 ], [ 105.858457, 21.0315673 ], [ 105.858529, 21.0316071 ] ] ] } },
{ "type": "Feature", "properties": { "element": "way", "id": 1339454580, "estimated_height": 12.0 }, "geometry": { "type": "Polygon", "coordinates": [ [ [ 105.8589433, 21.0301353 ], [ 105.8590403, 21.030174 ], [ 105.859141300000019, 21.0299538 ], [ 105.8590443, 21.029915 ], [ 105.8589433, 21.0301353 ] ] ] } },
{ "type": "Feature", "properties": { "element": "way", "id": 1340148426, "estimated_height": 12.0 }, "geometry": { "type": "Polygon", "coordinates": [ [ [ 105.8582682, 21.032337 ], [ 105.8582889, 21.0322996 ], [ 105.8583729, 21.0323402 ], [ 105.8583521, 21.0323776 ], [ 105.8582682, 21.032337 ] ] ] } },
{ "type": "Feature", "properties": { "element": "way", "id": 1340148427, "estimated_height": 12.0 }, "geometry": { "type": "Polygon", "coordinates": [ [ [ 105.8584667, 21.0326217 ], [ 105.8585134, 21.0325712 ], [ 105.8585746, 21.0326205 ], [ 105.8585278, 21.032671 ], [ 105.8584667, 21.0326217 ] ] ] } },
{ "type": "Feature", "properties": { "element": "way", "id": 1340148428, "estimated_height": 12.0 }, "geometry": { "type": "Polygon", "coordinates": [ [ [ 105.8586581, 21.0328283 ], [ 105.8586082, 21.0327845 ], [ 105.858663, 21.0327301 ], [ 105.8586798, 21.0327448 ], [ 105.858703700000021, 21.0327211 ], [ 105.8587369, 21.0327502 ], [ 105.8586581, 21.0328283 ] ] ] } },
{ "type": "Feature", "properties": { "element": "way", "id": 1340149734, "estimated_height": 12.0 }, "geometry": { "type": "Polygon", "coordinates": [ [ [ 105.8579474, 21.0318245 ], [ 105.85800930000002, 21.0316957 ], [ 105.8580521, 21.0317136 ], [ 105.8579903, 21.0318425 ], [ 105.8579474, 21.0318245 ] ] ] } },
{ "type": "Feature", "properties": { "element": "way", "id": 1340149735, "estimated_height": 12.0 }, "geometry": { "type": "Polygon", "coordinates": [ [ [ 105.858066, 21.0318759 ], [ 105.8581263, 21.0317662 ], [ 105.8582426, 21.0318219 ], [ 105.858212200000011, 21.0318773 ], [ 105.858066, 21.0318759 ] ] ] } },
{ "type": "Feature", "properties": { "element": "way", "id": 1340149736, "estimated_height": 12.0 }, "geometry": { "type": "Polygon", "coordinates": [ [ [ 105.8586952, 21.030395 ], [ 105.8586218, 21.0303632 ], [ 105.8586308, 21.030345 ], [ 105.858603, 21.030333 ], [ 105.8586044, 21.03031 ], [ 105.8587139, 21.0303574 ], [ 105.8586952, 21.030395 ] ] ] } },
{ "type": "Feature", "properties": { "element": "way", "id": 1340149737, "estimated_height": 12.0 }, "geometry": { "type": "Polygon", "coordinates": [ [ [ 105.8588531, 21.0303863 ], [ 105.8588688, 21.0303578 ], [ 105.85894, 21.0303921 ], [ 105.858924300000012, 21.0304206 ], [ 105.8588531, 21.0303863 ] ] ] } },
{ "type": "Feature", "properties": { "element": "way", "id": 1340300950, "estimated_height": 12.0 }, "geometry": { "type": "Polygon", "coordinates": [ [ [ 105.8570918, 21.0325865 ], [ 105.8571187, 21.0325975 ], [ 105.857139, 21.0325542 ], [ 105.8571121, 21.0325432 ], [ 105.8570918, 21.0325865 ] ] ] } },
{ "type": "Feature", "properties": { "element": "way", "id": 1340301058, "estimated_height": 12.0 }, "geometry": { "type": "Polygon", "coordinates": [ [ [ 105.8558392, 21.0297166 ], [ 105.855832, 21.029799 ], [ 105.85614990000002, 21.0298233 ], [ 105.8561571, 21.0297409 ], [ 105.8558392, 21.0297166 ] ] ] } },
{ "type": "Feature", "properties": { "element": "way", "id": 1340301060, "estimated_height": 12.0 }, "geometry": { "type": "Polygon", "coordinates": [ [ [ 105.855727, 21.0308843 ], [ 105.855809, 21.0309107 ], [ 105.855826800000017, 21.0308627 ], [ 105.855744800000011, 21.0308363 ], [ 105.855727, 21.0308843 ] ] ] } },
{ "type": "Feature", "properties": { "element": "way", "id": 1340301061, "estimated_height": 12.0 }, "geometry": { "type": "Polygon", "coordinates": [ [ [ 105.8547795, 21.0313629 ], [ 105.854816, 21.0313588 ], [ 105.8548024, 21.0312529 ], [ 105.854765900000018, 21.031257 ], [ 105.8547795, 21.0313629 ] ] ] } },
{ "type": "Feature", "properties": { "element": "way", "id": 1340301062, "estimated_height": 12.0 }, "geometry": { "type": "Polygon", "coordinates": [ [ [ 105.8550817, 21.0313319 ], [ 105.8551314, 21.0313274 ], [ 105.8551025, 21.0310478 ], [ 105.85505280000001, 21.0310523 ], [ 105.8550817, 21.0313319 ] ] ] } },
{ "type": "Feature", "properties": { "element": "way", "id": 1340301063, "estimated_height": 12.0 }, "geometry": { "type": "Polygon", "coordinates": [ [ [ 105.8559103, 21.0300307 ], [ 105.8559644, 21.0300557 ], [ 105.855989, 21.0300094 ], [ 105.856056, 21.0300403 ], [ 105.8561, 21.0300608 ], [ 105.8561238, 21.030016 ], [ 105.8559585, 21.0299397 ], [ 105.8559103, 21.0300307 ] ] ] } },
{ "type": "Feature", "properties": { "element": "way", "id": 1340301064, "estimated_height": 12.0 }, "geometry": { "type": "Polygon", "coordinates": [ [ [ 105.8561612, 21.030124 ], [ 105.8561932, 21.0301251 ], [ 105.8561951, 21.0300725 ], [ 105.8561632, 21.0300715 ], [ 105.8561612, 21.030124 ] ] ] } },
{ "type": "Feature", "properties": { "element": "way", "id": 1340301065, "estimated_height": 12.0 }, "geometry": { "type": "Polygon", "coordinates": [ [ [ 105.8559142, 21.0303877 ], [ 105.8559776, 21.0304211 ], [ 105.8560125, 21.0303632 ], [ 105.8559491, 21.0303299 ], [ 105.8559142, 21.0303877 ] ] ] } },
{ "type": "Feature", "properties": { "element": "way", "id": 1340301066, "estimated_height": 12.0 }, "geometry": { "type": "Polygon", "coordinates": [ [ [ 105.8558401, 21.030431 ], [ 105.8559274, 21.0304761 ], [ 105.8559577, 21.0304248 ], [ 105.855870600000017, 21.0303798 ], [ 105.8558401, 21.030431 ] ] ] } },
{ "type": "Feature", "properties": { "element": "way", "id": 1340301067, "estimated_height": 12.0 }, "geometry": { "type": "Polygon", "coordinates": [ [ [ 105.8560099, 21.030408 ], [ 105.8560364, 21.0304224 ], [ 105.856059, 21.0303862 ], [ 105.8560326, 21.0303717 ], [ 105.8560099, 21.030408 ] ] ] } },
{ "type": "Feature", "properties": { "element": "way", "id": 1340301068, "estimated_height": 12.0 }, "geometry": { "type": "Polygon", "coordinates": [ [ [ 105.8559762, 21.0308086 ], [ 105.8560381, 21.0308394 ], [ 105.8560573, 21.0308058 ], [ 105.8559954, 21.030775 ], [ 105.8559762, 21.0308086 ] ] ] } },
{ "type": "Feature", "properties": { "element": "way", "id": 1340301069, "estimated_height": 12.0 }, "geometry": { "type": "Polygon", "coordinates": [ [ [ 105.8557857, 21.0310988 ], [ 105.8558739, 21.031124 ], [ 105.8558874, 21.0310829 ], [ 105.8557992, 21.0310576 ], [ 105.8557857, 21.0310988 ] ] ] } },
{ "type": "Feature", "properties": { "element": "way", "id": 1340301070, "estimated_height": 12.0 }, "geometry": { "type": "Polygon", "coordinates": [ [ [ 105.8552885, 21.0311781 ], [ 105.8553091, 21.0311773 ], [ 105.8553112, 21.0312228 ], [ 105.855346600000018, 21.0312214 ], [ 105.8553495, 21.0312833 ], [ 105.8552934, 21.0312855 ], [ 105.8552885, 21.0311781 ] ] ] } },
{ "type": "Feature", "properties": { "element": "way", "id": 1340301071, "estimated_height": 12.0 }, "geometry": { "type": "Polygon", "coordinates": [ [ [ 105.8551419, 21.0312586 ], [ 105.8551713, 21.0312564 ], [ 105.855167, 21.0312067 ], [ 105.8551376, 21.0312089 ], [ 105.8551419, 21.0312586 ] ] ] } },
{ "type": "Feature", "properties": { "element": "way", "id": 1340301072, "estimated_height": 12.0 }, "geometry": { "type": "Polygon", "coordinates": [ [ [ 105.8548704, 21.0311811 ], [ 105.8549104, 21.0311791 ], [ 105.8549064, 21.0311114 ], [ 105.8548665, 21.0311134 ], [ 105.8548704, 21.0311811 ] ] ] } },
{ "type": "Feature", "properties": { "element": "way", "id": 1340301073, "estimated_height": 12.0 }, "geometry": { "type": "Polygon", "coordinates": [ [ [ 105.8548247, 21.03104 ], [ 105.8548977, 21.0310607 ], [ 105.8548911, 21.031081 ], [ 105.8548181, 21.0310603 ], [ 105.8548247, 21.03104 ] ] ] } },
{ "type": "Feature", "properties": { "element": "way", "id": 1340301074, "estimated_height": 12.0 }, "geometry": { "type": "Polygon", "coordinates": [ [ [ 105.8549082, 21.0308792 ], [ 105.8551675, 21.0309324 ], [ 105.8551857, 21.0308551 ], [ 105.8549264, 21.0308019 ], [ 105.8549082, 21.0308792 ] ] ] } },
{ "type": "Feature", "properties": { "element": "way", "id": 1341100969, "estimated_height": 12.0 }, "geometry": { "type": "Polygon", "coordinates": [ [ [ 105.8574411, 21.0322209 ], [ 105.8574816, 21.0321264 ], [ 105.857319700000019, 21.0320567 ], [ 105.8573539, 21.0319564 ], [ 105.8572823, 21.031923 ], [ 105.8571942, 21.0321043 ], [ 105.8571858, 21.0321162 ], [ 105.8574411, 21.0322209 ] ] ] } },
{ "type": "Feature", "properties": { "element": "way", "id": 1341100970, "estimated_height": 12.0 }, "geometry": { "type": "Polygon", "coordinates": [ [ [ 105.857483, 21.0322457 ], [ 105.8575176, 21.0321504 ], [ 105.8576096, 21.0321795 ], [ 105.857596, 21.0322169 ], [ 105.8576555, 21.0322357 ], [ 105.8576344, 21.0322936 ], [ 105.857483, 21.0322457 ] ] ] } },
{ "type": "Feature", "properties": { "element": "way", "id": 1341100971, "estimated_height": 12.0 }, "geometry": { "type": "Polygon", "coordinates": [ [ [ 105.8577602, 21.0323138 ], [ 105.8576699, 21.0322804 ], [ 105.8576824, 21.0322383 ], [ 105.8577804, 21.0322732 ], [ 105.8577602, 21.0323138 ] ] ] } },
{ "type": "Feature", "properties": { "element": "way", "id": 1341100972, "estimated_height": 12.0 }, "geometry": { "type": "Polygon", "coordinates": [ [ [ 105.857442, 21.0319355 ], [ 105.8574866, 21.0319526 ], [ 105.8575534, 21.0318009 ], [ 105.8575088, 21.0317838 ], [ 105.857442, 21.0319355 ] ] ] } },
{ "type": "Feature", "properties": { "element": "way", "id": 1341100973, "estimated_height": 12.0 }, "geometry": { "type": "Polygon", "coordinates": [ [ [ 105.8574866, 21.0319526 ], [ 105.8575426, 21.0319738 ], [ 105.8576122, 21.0318228 ], [ 105.8575534, 21.0318009 ], [ 105.8574866, 21.0319526 ] ] ] } },
{ "type": "Feature", "properties": { "element": "way", "id": 1341100974, "estimated_height": 12.0 }, "geometry": { "type": "Polygon", "coordinates": [ [ [ 105.8577586, 21.0320528 ], [ 105.8577337, 21.0320436 ], [ 105.857709, 21.0320345 ], [ 105.8577385, 21.0319647 ], [ 105.85775, 21.031969 ], [ 105.8577375, 21.0319985 ], [ 105.8577757, 21.0320126 ], [ 105.8577586, 21.0320528 ] ] ] } },
{ "type": "Feature", "properties": { "element": "way", "id": 1341100975, "estimated_height": 12.0 }, "geometry": { "type": "Polygon", "coordinates": [ [ [ 105.857592, 21.0319784 ], [ 105.8576578, 21.0318262 ], [ 105.8576989, 21.0318417 ], [ 105.8576925, 21.0318565 ], [ 105.8577095, 21.0318629 ], [ 105.857701, 21.0318827 ], [ 105.8576808, 21.0318751 ], [ 105.8576878, 21.0319099 ], [ 105.8576489, 21.0319999 ], [ 105.857592, 21.0319784 ] ] ] } },
{ "type": "Feature", "properties": { "element": "way", "id": 1341100976, "estimated_height": 12.0 }, "geometry": { "type": "Polygon", "coordinates": [ [ [ 105.8577377, 21.0321955 ], [ 105.8577488, 21.0321722 ], [ 105.857712, 21.0321569 ], [ 105.8577159, 21.032114 ], [ 105.8577431, 21.0321162 ], [ 105.857753700000018, 21.0320939 ], [ 105.8578157, 21.0321196 ], [ 105.857772600000018, 21.03221 ], [ 105.8577377, 21.0321955 ] ] ] } },
{ "type": "Feature", "properties": { "element": "way", "id": 1341100977, "estimated_height": 12.0 }, "geometry": { "type": "Polygon", "coordinates": [ [ [ 105.8577548, 21.0323577 ], [ 105.8577734, 21.0323162 ], [ 105.8578185, 21.0323335 ], [ 105.857797100000013, 21.0323746 ], [ 105.8577548, 21.0323577 ] ] ] } },
{ "type": "Feature", "properties": { "element": "way", "id": 1341100978, "estimated_height": 12.0 }, "geometry": { "type": "Polygon", "coordinates": [ [ [ 105.8578185, 21.0323335 ], [ 105.8578328, 21.0323062 ], [ 105.8578375, 21.0322828 ], [ 105.857795, 21.0322667 ], [ 105.8577734, 21.0323162 ], [ 105.8578185, 21.0323335 ] ] ] } },
{ "type": "Feature", "properties": { "element": "way", "id": 1341100979, "estimated_height": 12.0 }, "geometry": { "type": "Polygon", "coordinates": [ [ [ 105.857797100000013, 21.0323746 ], [ 105.8578178, 21.032401 ], [ 105.8578607, 21.0323189 ], [ 105.8578328, 21.0323062 ], [ 105.8578185, 21.0323335 ], [ 105.857797100000013, 21.0323746 ] ] ] } },
{ "type": "Feature", "properties": { "element": "way", "id": 1341100980, "estimated_height": 12.0 }, "geometry": { "type": "Polygon", "coordinates": [ [ [ 105.8577673, 21.0325725 ], [ 105.8578485, 21.0324874 ], [ 105.8579145, 21.0325423 ], [ 105.8578333, 21.0326274 ], [ 105.8577673, 21.0325725 ] ] ] } },
{ "type": "Feature", "properties": { "element": "way", "id": 1341100981, "estimated_height": 12.0 }, "geometry": { "type": "Polygon", "coordinates": [ [ [ 105.8577487, 21.0326697 ], [ 105.8577229, 21.0326419 ], [ 105.857769, 21.0325989 ], [ 105.8578137, 21.0326305 ], [ 105.8577487, 21.0326697 ] ] ] } },
{ "type": "Feature", "properties": { "element": "way", "id": 1341100982, "estimated_height": 12.0 }, "geometry": { "type": "Polygon", "coordinates": [ [ [ 105.85810170000002, 21.0323673 ], [ 105.8580558, 21.0323434 ], [ 105.8580893, 21.0322911 ], [ 105.8581048, 21.0323005 ], [ 105.8580924, 21.0323252 ], [ 105.8581165, 21.0323339 ], [ 105.85810170000002, 21.0323673 ] ] ] } },
{ "type": "Feature", "properties": { "element": "way", "id": 1341100983, "estimated_height": 12.0 }, "geometry": { "type": "Polygon", "coordinates": [ [ [ 105.858069, 21.032294 ], [ 105.8579748, 21.0322504 ], [ 105.8579834, 21.0322177 ], [ 105.8580815, 21.0322693 ], [ 105.858069, 21.032294 ] ] ] } },
{ "type": "Feature", "properties": { "element": "way", "id": 1341100984, "estimated_height": 12.0 }, "geometry": { "type": "Polygon", "coordinates": [ [ [ 105.8580158, 21.0321941 ], [ 105.8581523, 21.0322552 ], [ 105.858168400000011, 21.0322239 ], [ 105.8581348, 21.0322088 ], [ 105.8581367, 21.0321676 ], [ 105.8580931, 21.0321245 ], [ 105.8580703, 21.0321179 ], [ 105.8580309, 21.0321646 ], [ 105.8580158, 21.0321941 ] ] ] } },
{ "type": "Feature", "properties": { "element": "way", "id": 1341100985, "estimated_height": 12.0 }, "geometry": { "type": "Polygon", "coordinates": [ [ [ 105.8580861, 21.0321058 ], [ 105.8581223, 21.0321175 ], [ 105.8581389, 21.0320913 ], [ 105.8581663, 21.0321028 ], [ 105.8581795, 21.0320754 ], [ 105.8581955, 21.0320821 ], [ 105.858217, 21.0320376 ], [ 105.858164, 21.0320153 ], [ 105.8581574, 21.032029 ], [ 105.8581328, 21.0320186 ], [ 105.8581118, 21.0319932 ], [ 105.8580613, 21.0320652 ], [ 105.8580861, 21.0320804 ], [ 105.8580861, 21.0321058 ] ] ] } },
{ "type": "Feature", "properties": { "element": "way", "id": 1341100986, "estimated_height": 12.0 }, "geometry": { "type": "Polygon", "coordinates": [ [ [ 105.8579157, 21.0320368 ], [ 105.8579501, 21.0319664 ], [ 105.8579238, 21.0319552 ], [ 105.8578807, 21.0320433 ], [ 105.857893, 21.032056 ], [ 105.8579157, 21.0320368 ] ] ] } },
{ "type": "Feature", "properties": { "element": "way", "id": 1341100987, "estimated_height": 12.0 }, "geometry": { "type": "Polygon", "coordinates": [ [ [ 105.8578892, 21.0322358 ], [ 105.857948, 21.0322697 ], [ 105.8579734, 21.0322106 ], [ 105.8579219, 21.0321908 ], [ 105.8578892, 21.0322358 ] ] ] } },
{ "type": "Feature", "properties": { "element": "way", "id": 1341100989, "estimated_height": 12.0 }, "geometry": { "type": "Polygon", "coordinates": [ [ [ 105.8579744, 21.0325159 ], [ 105.8578153, 21.0324177 ], [ 105.8578729, 21.0323364 ], [ 105.8579095, 21.0323254 ], [ 105.8578777, 21.0322967 ], [ 105.8578942, 21.0322571 ], [ 105.8579378, 21.0322912 ], [ 105.8579485, 21.0323056 ], [ 105.8579298, 21.0323356 ], [ 105.8579596, 21.0323517 ], [ 105.8579899, 21.0323029 ], [ 105.858017, 21.0323176 ], [ 105.8579995, 21.0323458 ], [ 105.8580814, 21.0323901 ], [ 105.8580299, 21.0324729 ], [ 105.8579744, 21.0325159 ] ] ] } },
{ "type": "Feature", "properties": { "element": "way", "id": 1341100990, "estimated_height": 12.0 }, "geometry": { "type": "Polygon", "coordinates": [ [ [ 105.8579884, 21.0321777 ], [ 105.8579202, 21.0321444 ], [ 105.8579489, 21.0320931 ], [ 105.8580171, 21.0321263 ], [ 105.8579884, 21.0321777 ] ] ] } },
{ "type": "Feature", "properties": { "element": "way", "id": 1341100991, "estimated_height": 12.0 }, "geometry": { "type": "Polygon", "coordinates": [ [ [ 105.8579009, 21.0321286 ], [ 105.8578631, 21.0321139 ], [ 105.8578812, 21.0320732 ], [ 105.8578965, 21.0320706 ], [ 105.857893, 21.032056 ], [ 105.8579157, 21.0320368 ], [ 105.8579651, 21.0320552 ], [ 105.8579489, 21.0320931 ], [ 105.857926, 21.0320721 ], [ 105.8579009, 21.0321286 ] ] ] } },
{ "type": "Feature", "properties": { "element": "way", "id": 1341100992, "estimated_height": 12.0 }, "geometry": { "type": "Polygon", "coordinates": [ [ [ 105.8581854, 21.0321895 ], [ 105.8581367, 21.0321676 ], [ 105.8581454, 21.0321508 ], [ 105.8581127, 21.0321361 ], [ 105.8581223, 21.0321175 ], [ 105.8581537, 21.0321316 ], [ 105.8581714, 21.0321129 ], [ 105.8582149, 21.0321324 ], [ 105.8581854, 21.0321895 ] ] ] } },
{ "type": "Feature", "properties": { "element": "way", "id": 1341101713, "estimated_height": 12.0 }, "geometry": { "type": "Polygon", "coordinates": [ [ [ 105.8576924, 21.0327185 ], [ 105.857647, 21.032678 ], [ 105.857672900000011, 21.0326527 ], [ 105.8577184, 21.0326932 ], [ 105.8576924, 21.0327185 ] ] ] } },
{ "type": "Feature", "properties": { "element": "way", "id": 1341101714, "estimated_height": 12.0 }, "geometry": { "type": "Polygon", "coordinates": [ [ [ 105.8576117, 21.0327849 ], [ 105.8576751, 21.0327466 ], [ 105.8576387, 21.0326942 ], [ 105.8575753, 21.0327325 ], [ 105.8576117, 21.0327849 ] ] ] } },
{ "type": "Feature", "properties": { "element": "way", "id": 1341101715, "estimated_height": 12.0 }, "geometry": { "type": "Polygon", "coordinates": [ [ [ 105.8575741, 21.0328122 ], [ 105.857607800000011, 21.0327877 ], [ 105.8575685, 21.0327358 ], [ 105.8575571, 21.0327434 ], [ 105.85754630000001, 21.0327291 ], [ 105.8575208, 21.0327459 ], [ 105.857536300000021, 21.0327637 ], [ 105.8575741, 21.0328122 ] ] ] } },
{ "type": "Feature", "properties": { "element": "way", "id": 1341101716, "estimated_height": 12.0 }, "geometry": { "type": "Polygon", "coordinates": [ [ [ 105.8575521, 21.0328271 ], [ 105.8575741, 21.0328122 ], [ 105.857536300000021, 21.0327637 ], [ 105.8575143, 21.0327786 ], [ 105.8575521, 21.0328271 ] ] ] } },
{ "type": "Feature", "properties": { "element": "way", "id": 1341101717, "estimated_height": 12.0 }, "geometry": { "type": "Polygon", "coordinates": [ [ [ 105.85750250000001, 21.0328392 ], [ 105.8575349, 21.0328146 ], [ 105.8575282, 21.0328069 ], [ 105.85752, 21.0328088 ], [ 105.8574642, 21.0327449 ], [ 105.8574484, 21.0327569 ], [ 105.857455500000015, 21.0327651 ], [ 105.8574201, 21.032792 ], [ 105.8574457, 21.0328214 ], [ 105.8574705, 21.0328025 ], [ 105.85750250000001, 21.0328392 ] ] ] } },
{ "type": "Feature", "properties": { "element": "way", "id": 1341101718, "estimated_height": 12.0 }, "geometry": { "type": "Polygon", "coordinates": [ [ [ 105.85745270000001, 21.0328294 ], [ 105.8574784, 21.0328599 ], [ 105.85745510000001, 21.032877 ], [ 105.8574395, 21.0328585 ], [ 105.857413, 21.0328779 ], [ 105.8573929, 21.032854 ], [ 105.8574363, 21.0328222 ], [ 105.85745270000001, 21.0328294 ] ] ] } },
{ "type": "Feature", "properties": { "element": "way", "id": 1341101719, "estimated_height": 12.0 }, "geometry": { "type": "Polygon", "coordinates": [ [ [ 105.8574132, 21.032781 ], [ 105.8573595, 21.0327282 ], [ 105.8573941, 21.0326976 ], [ 105.8574478, 21.0327503 ], [ 105.8574132, 21.032781 ] ] ] } },
{ "type": "Feature", "properties": { "element": "way", "id": 1341101720, "estimated_height": 12.0 }, "geometry": { "type": "Polygon", "coordinates": [ [ [ 105.8570732, 21.0320469 ], [ 105.8571441, 21.0320768 ], [ 105.8571626, 21.0320388 ], [ 105.8572025, 21.0320556 ], [ 105.8572817, 21.0318922 ], [ 105.8572043, 21.0318595 ], [ 105.8572121, 21.0318434 ], [ 105.8571786, 21.0318293 ], [ 105.8570732, 21.0320469 ] ] ] } },
{ "type": "Feature", "properties": { "element": "way", "id": 1341101721, "estimated_height": 12.0 }, "geometry": { "type": "Polygon", "coordinates": [ [ [ 105.8572844, 21.031862 ], [ 105.8572224, 21.031839 ], [ 105.8572268, 21.0318135 ], [ 105.8572354, 21.0318055 ], [ 105.8572435, 21.0318062 ], [ 105.8572581, 21.0317779 ], [ 105.8572761, 21.031786 ], [ 105.857288, 21.0317629 ], [ 105.857297, 21.0317669 ], [ 105.8573044, 21.0317589 ], [ 105.8573291, 21.031767 ], [ 105.8573109, 21.0318137 ], [ 105.8572872, 21.031806 ], [ 105.857284, 21.0318213 ], [ 105.8572949, 21.0318348 ], [ 105.8572844, 21.031862 ] ] ] } },
{ "type": "Feature", "properties": { "element": "way", "id": 1341101722, "estimated_height": 12.0 }, "geometry": { "type": "Polygon", "coordinates": [ [ [ 105.8571622, 21.0321609 ], [ 105.857125, 21.0321426 ], [ 105.8571366, 21.032122 ], [ 105.857128, 21.0321126 ], [ 105.8571417, 21.0320939 ], [ 105.8571545, 21.032102 ], [ 105.8571747, 21.0320948 ], [ 105.8571942, 21.0321043 ], [ 105.8571622, 21.0321609 ] ] ] } },
{ "type": "Feature", "properties": { "element": "way", "id": 1341102779, "estimated_height": 12.0 }, "geometry": { "type": "Polygon", "coordinates": [ [ [ 105.8576067, 21.0325345 ], [ 105.8576666, 21.0324279 ], [ 105.8577173, 21.0324527 ], [ 105.8577367, 21.0324182 ], [ 105.8578092, 21.0324537 ], [ 105.8577761, 21.0325127 ], [ 105.85773, 21.0325948 ], [ 105.8576067, 21.0325345 ] ] ] } },
{ "type": "Feature", "properties": { "element": "way", "id": 1341102780, "estimated_height": 12.0 }, "geometry": { "type": "Polygon", "coordinates": [ [ [ 105.8576688, 21.0326239 ], [ 105.8576334, 21.0325942 ], [ 105.8576192, 21.0326096 ], [ 105.857644, 21.032647 ], [ 105.8576688, 21.0326239 ] ] ] } },
{ "type": "Feature", "properties": { "element": "way", "id": 1341102781, "estimated_height": 12.0 }, "geometry": { "type": "Polygon", "coordinates": [ [ [ 105.8572901, 21.0326187 ], [ 105.85748, 21.032701 ], [ 105.857521800000015, 21.0326649 ], [ 105.8575557, 21.032699 ], [ 105.8575815, 21.0326768 ], [ 105.8575874, 21.0326944 ], [ 105.8576159, 21.0326572 ], [ 105.8575749, 21.0326298 ], [ 105.8576152, 21.0326063 ], [ 105.8576648, 21.0325697 ], [ 105.8576156, 21.0325438 ], [ 105.857585300000011, 21.0325553 ], [ 105.857554, 21.0325623 ], [ 105.8575614, 21.0325903 ], [ 105.8575187, 21.0326071 ], [ 105.8574658, 21.0325849 ], [ 105.85745510000001, 21.032619 ], [ 105.8573589, 21.0325819 ], [ 105.8573898, 21.0325404 ], [ 105.8573494, 21.0325143 ], [ 105.8573272, 21.0325441 ], [ 105.8572901, 21.0326187 ] ] ] } },
{ "type": "Feature", "properties": { "element": "way", "id": 1341102782, "estimated_height": 12.0 }, "geometry": { "type": "Polygon", "coordinates": [ [ [ 105.85738480000002, 21.032834 ], [ 105.8573489, 21.0327938 ], [ 105.8573335, 21.0328043 ], [ 105.857316, 21.0327813 ], [ 105.8572852, 21.0328053 ], [ 105.857314, 21.0328384 ], [ 105.857345800000019, 21.0328628 ], [ 105.85738480000002, 21.032834 ] ] ] } },
{ "type": "Feature", "properties": { "element": "way", "id": 1341102783, "estimated_height": 12.0 }, "geometry": { "type": "Polygon", "coordinates": [ [ [ 105.8573547, 21.0329494 ], [ 105.8573408, 21.0329247 ], [ 105.857361, 21.0329051 ], [ 105.8573855, 21.0329277 ], [ 105.8573547, 21.0329494 ] ] ] } },
{ "type": "Feature", "properties": { "element": "way", "id": 1341102784, "estimated_height": 12.0 }, "geometry": { "type": "Polygon", "coordinates": [ [ [ 105.8573255, 21.0329014 ], [ 105.8573367, 21.0329132 ], [ 105.8573582, 21.0328954 ], [ 105.857306400000013, 21.0328388 ], [ 105.8572514, 21.0328849 ], [ 105.8572928, 21.0329285 ], [ 105.8573255, 21.0329014 ] ] ] } },
{ "type": "Feature", "properties": { "element": "way", "id": 1341102785, "estimated_height": 12.0 }, "geometry": { "type": "Polygon", "coordinates": [ [ [ 105.8572895, 21.0329954 ], [ 105.8573219, 21.0329739 ], [ 105.8572859, 21.0329267 ], [ 105.8572535, 21.0329482 ], [ 105.8572895, 21.0329954 ] ] ] } },
{ "type": "Feature", "properties": { "element": "way", "id": 1341102786, "estimated_height": 12.0 }, "geometry": { "type": "Polygon", "coordinates": [ [ [ 105.857218, 21.0330531 ], [ 105.8572668, 21.0330208 ], [ 105.8572317, 21.0329746 ], [ 105.8571829, 21.0330069 ], [ 105.857218, 21.0330531 ] ] ] } },
{ "type": "Feature", "properties": { "element": "way", "id": 1341104161, "estimated_height": 12.0 }, "geometry": { "type": "Polygon", "coordinates": [ [ [ 105.8572598, 21.0322461 ], [ 105.8572364, 21.0322341 ], [ 105.8572519, 21.0322077 ], [ 105.8572754, 21.0322197 ], [ 105.8572598, 21.0322461 ] ] ] } },
{ "type": "Feature", "properties": { "element": "way", "id": 1341104162, "estimated_height": 12.0 }, "geometry": { "type": "Polygon", "coordinates": [ [ [ 105.857199, 21.0317617 ], [ 105.8572432, 21.0317793 ], [ 105.8572609, 21.0317622 ], [ 105.8572769, 21.0317686 ], [ 105.8572858, 21.0317492 ], [ 105.8571934, 21.0317123 ], [ 105.8571818, 21.0317376 ], [ 105.8572057, 21.0317472 ], [ 105.857199, 21.0317617 ] ] ] } },
{ "type": "Feature", "properties": { "element": "way", "id": 1341211371, "estimated_height": 12.0 }, "geometry": { "type": "Polygon", "coordinates": [ [ [ 105.8506703, 21.0322183 ], [ 105.8506343, 21.0322322 ], [ 105.8505862, 21.0322012 ], [ 105.8506025, 21.0321556 ], [ 105.8506235, 21.0321316 ], [ 105.8506418, 21.0321455 ], [ 105.8506601, 21.0321246 ], [ 105.850675, 21.0321259 ], [ 105.8506872, 21.0321353 ], [ 105.8506988, 21.0321499 ], [ 105.8506703, 21.0322183 ] ] ] } },
{ "type": "Feature", "properties": { "element": "way", "id": 1341211372, "estimated_height": 12.0 }, "geometry": { "type": "Polygon", "coordinates": [ [ [ 105.8506396, 21.0321334 ], [ 105.8505673, 21.032091 ], [ 105.8505815, 21.03207 ], [ 105.8505699, 21.0320632 ], [ 105.8506883, 21.0318875 ], [ 105.8507137, 21.0319024 ], [ 105.8507408, 21.0319379 ], [ 105.8507311, 21.0319523 ], [ 105.8507529, 21.0319652 ], [ 105.8506396, 21.0321334 ] ] ] } },
{ "type": "Feature", "properties": { "element": "way", "id": 1341211373, "estimated_height": 12.0 }, "geometry": { "type": "Polygon", "coordinates": [ [ [ 105.8505064, 21.0321353 ], [ 105.8505382, 21.0321531 ], [ 105.8505726, 21.0320992 ], [ 105.8505592, 21.0320918 ], [ 105.8505692, 21.0320762 ], [ 105.8505508, 21.0320659 ], [ 105.8505064, 21.0321353 ] ] ] } },
{ "type": "Feature", "properties": { "element": "way", "id": 1341211374, "estimated_height": 12.0 }, "geometry": { "type": "Polygon", "coordinates": [ [ [ 105.8503245, 21.0319981 ], [ 105.850416200000012, 21.0318791 ], [ 105.8504586, 21.0319076 ], [ 105.8504493, 21.0319197 ], [ 105.8504641, 21.0319296 ], [ 105.8504621, 21.0319372 ], [ 105.850472100000019, 21.0319439 ], [ 105.8503942, 21.0320449 ], [ 105.8503245, 21.0319981 ] ] ] } },
{ "type": "Feature", "properties": { "element": "way", "id": 1341211375, "estimated_height": 12.0 }, "geometry": { "type": "Polygon", "coordinates": [ [ [ 105.850547600000013, 21.0316705 ], [ 105.8505863, 21.0316928 ], [ 105.8506251, 21.0316343 ], [ 105.8505887, 21.0316113 ], [ 105.850547600000013, 21.0316705 ] ] ] } },
{ "type": "Feature", "properties": { "element": "way", "id": 1341211376, "estimated_height": 12.0 }, "geometry": { "type": "Polygon", "coordinates": [ [ [ 105.8505454, 21.0317798 ], [ 105.850593, 21.0318088 ], [ 105.8506045, 21.0318012 ], [ 105.8506232, 21.0318126 ], [ 105.8506972, 21.0317068 ], [ 105.8506266, 21.0316638 ], [ 105.8505454, 21.0317798 ] ] ] } },
{ "type": "Feature", "properties": { "element": "way", "id": 1341211377, "estimated_height": 12.0 }, "geometry": { "type": "Polygon", "coordinates": [ [ [ 105.8504304, 21.0316436 ], [ 105.8505015, 21.0315494 ], [ 105.850458, 21.0315208 ], [ 105.850386900000018, 21.0316151 ], [ 105.8504304, 21.0316436 ] ] ] } },
{ "type": "Feature", "properties": { "element": "way", "id": 1341211379, "estimated_height": 12.0 }, "geometry": { "type": "Polygon", "coordinates": [ [ [ 105.8502518, 21.0315675 ], [ 105.8503373, 21.0314443 ], [ 105.8502826, 21.0314112 ], [ 105.850252, 21.0314553 ], [ 105.850219, 21.0314354 ], [ 105.8501641, 21.0315146 ], [ 105.8502518, 21.0315675 ] ] ] } },
{ "type": "Feature", "properties": { "element": "way", "id": 1341211380, "estimated_height": 12.0 }, "geometry": { "type": "Polygon", "coordinates": [ [ [ 105.850151400000016, 21.0315093 ], [ 105.8502297, 21.0314131 ], [ 105.8501876, 21.0313832 ], [ 105.85010920000002, 21.0314794 ], [ 105.850151400000016, 21.0315093 ] ] ] } },
{ "type": "Feature", "properties": { "element": "way", "id": 1341211381, "estimated_height": 12.0 }, "geometry": { "type": "Polygon", "coordinates": [ [ [ 105.8499821, 21.0314625 ], [ 105.8500312, 21.031401 ], [ 105.8499813, 21.0313663 ], [ 105.8499128, 21.0314144 ], [ 105.8499821, 21.0314625 ] ] ] } },
{ "type": "Feature", "properties": { "element": "way", "id": 1341211382, "estimated_height": 12.0 }, "geometry": { "type": "Polygon", "coordinates": [ [ [ 105.85010960000001, 21.0314437 ], [ 105.8501285, 21.0314208 ], [ 105.8501434, 21.0314258 ], [ 105.8501896, 21.0313695 ], [ 105.8501406, 21.0313345 ], [ 105.8500726, 21.0314173 ], [ 105.85010960000001, 21.0314437 ] ] ] } },
{ "type": "Feature", "properties": { "element": "way", "id": 1341211383, "estimated_height": 12.0 }, "geometry": { "type": "Polygon", "coordinates": [ [ [ 105.8499223, 21.0317345 ], [ 105.8499712, 21.0317627 ], [ 105.8500368, 21.0316635 ], [ 105.849988, 21.0316353 ], [ 105.8499223, 21.0317345 ] ] ] } },
{ "type": "Feature", "properties": { "element": "way", "id": 1341211384, "estimated_height": 12.0 }, "geometry": { "type": "Polygon", "coordinates": [ [ [ 105.8499531, 21.031792 ], [ 105.84999, 21.0318143 ], [ 105.8500312, 21.0317551 ], [ 105.84999430000002, 21.0317327 ], [ 105.8499531, 21.031792 ] ] ] } },
{ "type": "Feature", "properties": { "element": "way", "id": 1341211385, "estimated_height": 12.0 }, "geometry": { "type": "Polygon", "coordinates": [ [ [ 105.8500727, 21.0318842 ], [ 105.850043700000015, 21.0318605 ], [ 105.8500961, 21.0318045 ], [ 105.8501252, 21.0318282 ], [ 105.8500727, 21.0318842 ] ] ] } },
{ "type": "Feature", "properties": { "element": "way", "id": 1347792363, "estimated_height": 12.0 }, "geometry": { "type": "Polygon", "coordinates": [ [ [ 105.8570226, 21.0326585 ], [ 105.8569929, 21.0326478 ], [ 105.8570174, 21.0325844 ], [ 105.857053, 21.0325921 ], [ 105.8570226, 21.0326585 ] ] ] } },
{ "type": "Feature", "properties": { "element": "way", "id": 1347792364, "estimated_height": 12.0 }, "geometry": { "type": "Polygon", "coordinates": [ [ [ 105.8569657, 21.0326814 ], [ 105.8569465, 21.0326747 ], [ 105.8569922, 21.0325756 ], [ 105.8570174, 21.0325844 ], [ 105.8569657, 21.0326814 ] ] ] } },
{ "type": "Feature", "properties": { "element": "way", "id": 1347792365, "estimated_height": 12.0 }, "geometry": { "type": "Polygon", "coordinates": [ [ [ 105.8569898, 21.0327102 ], [ 105.8570075, 21.03267 ], [ 105.8570319, 21.0326773 ], [ 105.8570159, 21.0327176 ], [ 105.8569898, 21.0327102 ] ] ] } },
{ "type": "Feature", "properties": { "element": "way", "id": 1347792366, "estimated_height": 12.0 }, "geometry": { "type": "Polygon", "coordinates": [ [ [ 105.8570313, 21.0327209 ], [ 105.8570434, 21.0326877 ], [ 105.8570689, 21.0326974 ], [ 105.8570561, 21.0327258 ], [ 105.8570313, 21.0327209 ] ] ] } },
{ "type": "Feature", "properties": { "element": "way", "id": 1347792367, "estimated_height": 12.0 }, "geometry": { "type": "Polygon", "coordinates": [ [ [ 105.8570865, 21.0326715 ], [ 105.8571045, 21.0326224 ], [ 105.8571247, 21.0326295 ], [ 105.8571097, 21.0326752 ], [ 105.8570865, 21.0326715 ] ] ] } },
{ "type": "Feature", "properties": { "element": "way", "id": 1347792368, "estimated_height": 12.0 }, "geometry": { "type": "Polygon", "coordinates": [ [ [ 105.8570656, 21.0327362 ], [ 105.8570829, 21.032706 ], [ 105.8570999, 21.0327124 ], [ 105.8570868, 21.0327444 ], [ 105.8570656, 21.0327362 ] ] ] } },
{ "type": "Feature", "properties": { "element": "way", "id": 1347792369, "estimated_height": 12.0 }, "geometry": { "type": "Polygon", "coordinates": [ [ [ 105.8571035, 21.0327459 ], [ 105.8571126, 21.0327197 ], [ 105.8571397, 21.0327307 ], [ 105.8571277, 21.0327581 ], [ 105.8571035, 21.0327459 ] ] ] } },
{ "type": "Feature", "properties": { "element": "way", "id": 1347792370, "estimated_height": 12.0 }, "geometry": { "type": "Polygon", "coordinates": [ [ [ 105.8571241, 21.0326776 ], [ 105.857144, 21.0326423 ], [ 105.8571646, 21.0326529 ], [ 105.8571486, 21.0326877 ], [ 105.8571241, 21.0326776 ] ] ] } },
{ "type": "Feature", "properties": { "element": "way", "id": 1347792371, "estimated_height": 12.0 }, "geometry": { "type": "Polygon", "coordinates": [ [ [ 105.8569153, 21.0326749 ], [ 105.8569215, 21.032642 ], [ 105.856949, 21.0326477 ], [ 105.8569392, 21.0326779 ], [ 105.8569153, 21.0326749 ] ] ] } },
{ "type": "Feature", "properties": { "element": "way", "id": 1347792372, "estimated_height": 12.0 }, "geometry": { "type": "Polygon", "coordinates": [ [ [ 105.856936, 21.0326146 ], [ 105.8569615, 21.0325646 ], [ 105.8569815, 21.0325722 ], [ 105.8569566, 21.0326176 ], [ 105.856936, 21.0326146 ] ] ] } },
{ "type": "Feature", "properties": { "element": "way", "id": 1347792373, "estimated_height": 12.0 }, "geometry": { "type": "Polygon", "coordinates": [ [ [ 105.8571698, 21.0327049 ], [ 105.8571881, 21.032671 ], [ 105.8572178, 21.032682 ], [ 105.8571956, 21.0327156 ], [ 105.8571698, 21.0327049 ] ] ] } },
{ "type": "Feature", "properties": { "element": "way", "id": 1347792374, "estimated_height": 12.0 }, "geometry": { "type": "Polygon", "coordinates": [ [ [ 105.857143, 21.032753 ], [ 105.857159, 21.0327274 ], [ 105.8571848, 21.0327396 ], [ 105.8571698, 21.0327652 ], [ 105.857143, 21.032753 ] ] ] } },
{ "type": "Feature", "properties": { "element": "way", "id": 1347792375, "estimated_height": 12.0 }, "geometry": { "type": "Polygon", "coordinates": [ [ [ 105.8572165, 21.0327168 ], [ 105.8572403, 21.0326909 ], [ 105.8572616, 21.0326985 ], [ 105.857243, 21.0327274 ], [ 105.8572165, 21.0327168 ] ] ] } },
{ "type": "Feature", "properties": { "element": "way", "id": 1347792376, "estimated_height": 12.0 }, "geometry": { "type": "Polygon", "coordinates": [ [ [ 105.8571897, 21.0327637 ], [ 105.8572051, 21.0327445 ], [ 105.8572253, 21.0327549 ], [ 105.857215200000013, 21.0327765 ], [ 105.8571897, 21.0327637 ] ] ] } },
{ "type": "Feature", "properties": { "element": "way", "id": 1347792377, "estimated_height": 12.0 }, "geometry": { "type": "Polygon", "coordinates": [ [ [ 105.8571035, 21.0327 ], [ 105.8571149, 21.0326838 ], [ 105.8571443, 21.0327 ], [ 105.8571368, 21.0327174 ], [ 105.8571035, 21.0327 ] ] ] } },
{ "type": "Feature", "properties": { "element": "way", "id": 1347792378, "estimated_height": 12.0 }, "geometry": { "type": "Polygon", "coordinates": [ [ [ 105.8571022, 21.032775 ], [ 105.8571084, 21.0327628 ], [ 105.8571946, 21.0327894 ], [ 105.8571848, 21.0328095 ], [ 105.8571022, 21.032775 ] ] ] } },
{ "type": "Feature", "properties": { "element": "way", "id": 1349237364, "estimated_height": 12.0 }, "geometry": { "type": "Polygon", "coordinates": [ [ [ 105.8571417, 21.0325317 ], [ 105.8571739, 21.0324776 ], [ 105.857246, 21.0325034 ], [ 105.8572015, 21.0325536 ], [ 105.8571417, 21.0325317 ] ] ] } },
{ "type": "Feature", "properties": { "element": "way", "id": 1349237365, "estimated_height": 12.0 }, "geometry": { "type": "Polygon", "coordinates": [ [ [ 105.8571511, 21.0325875 ], [ 105.8571599, 21.0325673 ], [ 105.8571956, 21.0325749 ], [ 105.8571821, 21.0325995 ], [ 105.8571511, 21.0325875 ] ] ] } },
{ "type": "Feature", "properties": { "element": "way", "id": 1349237366, "estimated_height": 12.0 }, "geometry": { "type": "Polygon", "coordinates": [ [ [ 105.8572694, 21.032646 ], [ 105.857277, 21.0326318 ], [ 105.8573094, 21.0326454 ], [ 105.8573021, 21.0326606 ], [ 105.8572694, 21.032646 ] ] ] } },
{ "type": "Feature", "properties": { "element": "way", "id": 1349786611, "estimated_height": 12.0 }, "geometry": { "type": "Polygon", "coordinates": [ [ [ 105.8589731, 21.0307223 ], [ 105.8589551, 21.0307472 ], [ 105.8591191, 21.0308507 ], [ 105.8591545, 21.0308017 ], [ 105.8590681, 21.0307471 ], [ 105.8590506, 21.0307712 ], [ 105.8589731, 21.0307223 ] ] ] } },
{ "type": "Feature", "properties": { "element": "way", "id": 1350772009, "estimated_height": 12.0 }, "geometry": { "type": "Polygon", "coordinates": [ [ [ 105.8576953, 21.0256772 ], [ 105.857715500000012, 21.0255943 ], [ 105.8577606, 21.0256039 ], [ 105.8577529, 21.0256352 ], [ 105.8577694, 21.0256387 ], [ 105.8577568, 21.0256903 ], [ 105.8576953, 21.0256772 ] ] ] } },
{ "type": "Feature", "properties": { "element": "way", "id": 1350772010, "estimated_height": 12.0 }, "geometry": { "type": "Polygon", "coordinates": [ [ [ 105.8578128, 21.025645 ], [ 105.8578415, 21.0255345 ], [ 105.8578866, 21.0255447 ], [ 105.8578579, 21.0256552 ], [ 105.8578128, 21.025645 ] ] ] } },
{ "type": "Feature", "properties": { "element": "way", "id": 1350772011, "estimated_height": 12.0 }, "geometry": { "type": "Polygon", "coordinates": [ [ [ 105.8576068, 21.0256157 ], [ 105.8576543, 21.0256269 ], [ 105.8576441, 21.0256648 ], [ 105.8575965, 21.0256536 ], [ 105.8576068, 21.0256157 ] ] ] } },
{ "type": "Feature", "properties": { "element": "way", "id": 1353980520, "estimated_height": 12.0 }, "geometry": { "type": "Polygon", "coordinates": [ [ [ 105.8590211, 21.0297417 ], [ 105.8589982, 21.0297944 ], [ 105.859052, 21.0298147 ], [ 105.8590749, 21.029762 ], [ 105.8590211, 21.0297417 ] ] ] } },
{ "type": "Feature", "properties": { "element": "way", "id": 1353980521, "estimated_height": 12.0 }, "geometry": { "type": "Polygon", "coordinates": [ [ [ 105.8578203, 21.031527 ], [ 105.8578353, 21.0314949 ], [ 105.8579561, 21.0315484 ], [ 105.8579402, 21.0315781 ], [ 105.8578203, 21.031527 ] ] ] } },
{ "type": "Feature", "properties": { "element": "way", "id": 1353981201, "estimated_height": 12.0 }, "geometry": { "type": "Polygon", "coordinates": [ [ [ 105.856689200000019, 21.030463 ], [ 105.8567265, 21.0304721 ], [ 105.8567333, 21.030483 ], [ 105.8567963, 21.0304983 ], [ 105.8568171, 21.0304239 ], [ 105.8567076, 21.0303972 ], [ 105.856689200000019, 21.030463 ] ] ] } },
{ "type": "Feature", "properties": { "element": "way", "id": 1355001543, "estimated_height": 12.0 }, "geometry": { "type": "Polygon", "coordinates": [ [ [ 105.8543806, 21.0313345 ], [ 105.8544168, 21.0313374 ], [ 105.85442110000001, 21.031291 ], [ 105.854385, 21.031288 ], [ 105.8543806, 21.0313345 ] ] ] } },
{ "type": "Feature", "properties": { "element": "way", "id": 1355001544, "estimated_height": 12.0 }, "geometry": { "type": "Polygon", "coordinates": [ [ [ 105.8544267, 21.0313737 ], [ 105.8544285, 21.0313338 ], [ 105.8544983, 21.0313365 ], [ 105.8544965, 21.0313764 ], [ 105.8544267, 21.0313737 ] ] ] } },
{ "type": "Feature", "properties": { "element": "way", "id": 1355001545, "estimated_height": 12.0 }, "geometry": { "type": "Polygon", "coordinates": [ [ [ 105.85442590000001, 21.0313234 ], [ 105.8545026, 21.0313302 ], [ 105.854506300000011, 21.0312934 ], [ 105.8544297, 21.0312867 ], [ 105.85442590000001, 21.0313234 ] ] ] } },
{ "type": "Feature", "properties": { "element": "way", "id": 1355001546, "estimated_height": 12.0 }, "geometry": { "type": "Polygon", "coordinates": [ [ [ 105.8544245, 21.0312752 ], [ 105.8544346, 21.0312169 ], [ 105.8543914, 21.0312104 ], [ 105.854381300000014, 21.031268699999988 ], [ 105.8544245, 21.0312752 ] ] ] } },
{ "type": "Feature", "properties": { "element": "way", "id": 1355001547, "estimated_height": 12.0 }, "geometry": { "type": "Polygon", "coordinates": [ [ [ 105.8543418, 21.0312828 ], [ 105.8543418, 21.0312347 ], [ 105.8543682, 21.0312347 ], [ 105.8543682, 21.0312828 ], [ 105.8543418, 21.0312828 ] ] ] } },
{ "type": "Feature", "properties": { "element": "way", "id": 1355001548, "estimated_height": 12.0 }, "geometry": { "type": "Polygon", "coordinates": [ [ [ 105.854097600000017, 21.0313403 ], [ 105.8541549, 21.0313415 ], [ 105.8541558, 21.0313045 ], [ 105.8540985, 21.0313033 ], [ 105.854097600000017, 21.0313403 ] ] ] } },
{ "type": "Feature", "properties": { "element": "way", "id": 1355001549, "estimated_height": 12.0 }, "geometry": { "type": "Polygon", "coordinates": [ [ [ 105.8541652, 21.0313499 ], [ 105.8541678, 21.0312841 ], [ 105.854196900000019, 21.0312851 ], [ 105.8541943, 21.0313509 ], [ 105.8541652, 21.0313499 ] ] ] } },
{ "type": "Feature", "properties": { "element": "way", "id": 1355001550, "estimated_height": 12.0 }, "geometry": { "type": "Polygon", "coordinates": [ [ [ 105.8542741, 21.0312235 ], [ 105.8543342, 21.0312273 ], [ 105.8543374, 21.031181 ], [ 105.854321, 21.03118 ], [ 105.8542774, 21.0311774 ], [ 105.8542741, 21.0312235 ] ] ] } },
{ "type": "Feature", "properties": { "element": "way", "id": 1355001551, "estimated_height": 12.0 }, "geometry": { "type": "Polygon", "coordinates": [ [ [ 105.8542505, 21.0311758 ], [ 105.8542774, 21.0311774 ], [ 105.854321, 21.03118 ], [ 105.8543246, 21.0311273 ], [ 105.8542541, 21.0311232 ], [ 105.8542505, 21.0311758 ] ] ] } },
{ "type": "Feature", "properties": { "element": "way", "id": 1355001552, "estimated_height": 12.0 }, "geometry": { "type": "Polygon", "coordinates": [ [ [ 105.8542729, 21.0311099 ], [ 105.854353, 21.0311225 ], [ 105.8543654, 21.0310537 ], [ 105.8542853, 21.0310411 ], [ 105.8542729, 21.0311099 ] ] ] } },
{ "type": "Feature", "properties": { "element": "way", "id": 1355001553, "estimated_height": 12.0 }, "geometry": { "type": "Polygon", "coordinates": [ [ [ 105.8542971, 21.031016 ], [ 105.8542976, 21.0309641 ], [ 105.8543296, 21.0309644 ], [ 105.8543291, 21.0310162 ], [ 105.8542971, 21.031016 ] ] ] } },
{ "type": "Feature", "properties": { "element": "way", "id": 1355001554, "estimated_height": 12.0 }, "geometry": { "type": "Polygon", "coordinates": [ [ [ 105.8542802, 21.0309095 ], [ 105.8542783, 21.0308474 ], [ 105.8543302, 21.0308461 ], [ 105.854332, 21.0309082 ], [ 105.8542802, 21.0309095 ] ] ] } },
{ "type": "Feature", "properties": { "element": "way", "id": 1355001555, "estimated_height": 12.0 }, "geometry": { "type": "Polygon", "coordinates": [ [ [ 105.8541415, 21.0310342 ], [ 105.8541409, 21.0309956 ], [ 105.8542144, 21.0309947 ], [ 105.854215, 21.0310332 ], [ 105.8541415, 21.0310342 ] ] ] } },
{ "type": "Feature", "properties": { "element": "way", "id": 1355001556, "estimated_height": 12.0 }, "geometry": { "type": "Polygon", "coordinates": [ [ [ 105.85402, 21.0310397 ], [ 105.8540166, 21.0309551 ], [ 105.854114900000013, 21.0309516 ], [ 105.8541183, 21.0310363 ], [ 105.85402, 21.0310397 ] ] ] } },
{ "type": "Feature", "properties": { "element": "way", "id": 1355001557, "estimated_height": 12.0 }, "geometry": { "type": "Polygon", "coordinates": [ [ [ 105.8542999, 21.0308391 ], [ 105.8543485, 21.0308374 ], [ 105.8543472, 21.030803 ], [ 105.8542986, 21.0308046 ], [ 105.8542999, 21.0308391 ] ] ] } },
{ "type": "Feature", "properties": { "element": "way", "id": 1355001558, "estimated_height": 12.0 }, "geometry": { "type": "Polygon", "coordinates": [ [ [ 105.8543077, 21.0307973 ], [ 105.8543447, 21.0307959 ], [ 105.8543432, 21.0307638 ], [ 105.8543062, 21.0307653 ], [ 105.8543077, 21.0307973 ] ] ] } },
{ "type": "Feature", "properties": { "element": "way", "id": 1355001559, "estimated_height": 12.0 }, "geometry": { "type": "Polygon", "coordinates": [ [ [ 105.854355, 21.0307953 ], [ 105.854355, 21.0307634 ], [ 105.8543997, 21.0307619 ], [ 105.8543981, 21.0307934 ], [ 105.854355, 21.0307953 ] ] ] } },
{ "type": "Feature", "properties": { "element": "way", "id": 1355001560, "estimated_height": 12.0 }, "geometry": { "type": "Polygon", "coordinates": [ [ [ 105.854426, 21.030807 ], [ 105.854423, 21.0307431 ], [ 105.8544706, 21.0307412 ], [ 105.8544736, 21.030805 ], [ 105.854426, 21.030807 ] ] ] } },
{ "type": "Feature", "properties": { "element": "way", "id": 1355001561, "estimated_height": 12.0 }, "geometry": { "type": "Polygon", "coordinates": [ [ [ 105.8543587, 21.0308792 ], [ 105.8543578, 21.0308343 ], [ 105.854374100000015, 21.0308051 ], [ 105.8544134, 21.0308051 ], [ 105.8544105, 21.030881 ], [ 105.8543587, 21.0308792 ] ] ] } },
{ "type": "Feature", "properties": { "element": "way", "id": 1355001562, "estimated_height": 12.0 }, "geometry": { "type": "Polygon", "coordinates": [ [ [ 105.8543536, 21.0309825 ], [ 105.8544068, 21.0309843 ], [ 105.8544071, 21.030925 ], [ 105.8544073, 21.0308892 ], [ 105.8543634, 21.0308862 ], [ 105.8543494, 21.0309136 ], [ 105.8543536, 21.0309825 ] ] ] } },
{ "type": "Feature", "properties": { "element": "way", "id": 1355001563, "estimated_height": 12.0 }, "geometry": { "type": "Polygon", "coordinates": [ [ [ 105.8544213, 21.0308875 ], [ 105.8545203, 21.0308901 ], [ 105.8545474, 21.0308749 ], [ 105.8545563, 21.0308178 ], [ 105.8544367, 21.0308112 ], [ 105.8544213, 21.0308875 ] ] ] } },
{ "type": "Feature", "properties": { "element": "way", "id": 1355001564, "estimated_height": 12.0 }, "geometry": { "type": "Polygon", "coordinates": [ [ [ 105.8544283, 21.0309533 ], [ 105.8544974, 21.0309568 ], [ 105.854511, 21.0308984 ], [ 105.8544194, 21.0308914 ], [ 105.8544071, 21.030925 ], [ 105.8544283, 21.0309533 ] ] ] } },
{ "type": "Feature", "properties": { "element": "way", "id": 1355001565, "estimated_height": 12.0 }, "geometry": { "type": "Polygon", "coordinates": [ [ [ 105.8543536, 21.0310452 ], [ 105.8544398, 21.031052 ], [ 105.8544446, 21.0310002 ], [ 105.85435840000001, 21.0309933 ], [ 105.8543536, 21.0310452 ] ] ] } },
{ "type": "Feature", "properties": { "element": "way", "id": 1355001566, "estimated_height": 12.0 }, "geometry": { "type": "Polygon", "coordinates": [ [ [ 105.8544725, 21.0310019 ], [ 105.8544747, 21.0309757 ], [ 105.8545421, 21.0309808 ], [ 105.8545398, 21.0310069 ], [ 105.8544725, 21.0310019 ] ] ] } },
{ "type": "Feature", "properties": { "element": "way", "id": 1355001567, "estimated_height": 12.0 }, "geometry": { "type": "Polygon", "coordinates": [ [ [ 105.8545724, 21.0309289 ], [ 105.8545814, 21.030841 ], [ 105.854633300000017, 21.0308456 ], [ 105.8546243, 21.0309336 ], [ 105.8545724, 21.0309289 ] ] ] } },
{ "type": "Feature", "properties": { "element": "way", "id": 1355001568, "estimated_height": 12.0 }, "geometry": { "type": "Polygon", "coordinates": [ [ [ 105.8545436, 21.0310142 ], [ 105.8545462, 21.0309836 ], [ 105.8546215, 21.0309892 ], [ 105.854618800000011, 21.0310198 ], [ 105.8545436, 21.0310142 ] ] ] } },
{ "type": "Feature", "properties": { "element": "way", "id": 1355001569, "estimated_height": 12.0 }, "geometry": { "type": "Polygon", "coordinates": [ [ [ 105.8541358, 21.0309456 ], [ 105.8541775, 21.0309411 ], [ 105.8542079, 21.0309379 ], [ 105.8542007, 21.0308795 ], [ 105.8541286, 21.0308873 ], [ 105.8541358, 21.0309456 ] ] ] } },
{ "type": "Feature", "properties": { "element": "way", "id": 1355001570, "estimated_height": 12.0 }, "geometry": { "type": "Polygon", "coordinates": [ [ [ 105.8542176, 21.0309297 ], [ 105.8542111, 21.0308507 ], [ 105.8542665, 21.0308467 ], [ 105.854273, 21.0309257 ], [ 105.8542176, 21.0309297 ] ] ] } },
{ "type": "Feature", "properties": { "element": "way", "id": 1355001571, "estimated_height": 12.0 }, "geometry": { "type": "Polygon", "coordinates": [ [ [ 105.8542086, 21.0308287 ], [ 105.8542048, 21.0307653 ], [ 105.8542886, 21.0307609 ], [ 105.8542924, 21.0308243 ], [ 105.8542086, 21.0308287 ] ] ] } },
{ "type": "Feature", "properties": { "element": "way", "id": 1355001572, "estimated_height": 12.0 }, "geometry": { "type": "Polygon", "coordinates": [ [ [ 105.8544363, 21.0312704 ], [ 105.8545146, 21.0312785 ], [ 105.8545458, 21.0312022 ], [ 105.8544887, 21.0311963 ], [ 105.8544833, 21.0312419 ], [ 105.8544403, 21.0312374 ], [ 105.8544363, 21.0312704 ] ] ] } },
{ "type": "Feature", "properties": { "element": "way", "id": 1355001573, "estimated_height": 12.0 }, "geometry": { "type": "Polygon", "coordinates": [ [ [ 105.8543326, 21.0313629 ], [ 105.854331500000015, 21.0312943 ], [ 105.854375, 21.0312938 ], [ 105.854376, 21.0313624 ], [ 105.8543326, 21.0313629 ] ] ] } },
{ "type": "Feature", "properties": { "element": "way", "id": 1355001574, "estimated_height": 12.0 }, "geometry": { "type": "Polygon", "coordinates": [ [ [ 105.8545315, 21.0308001 ], [ 105.854557, 21.0308097 ], [ 105.8545772, 21.0308074 ], [ 105.8546674, 21.0307796 ], [ 105.8546775, 21.0307305 ], [ 105.8545376, 21.0307436 ], [ 105.8545315, 21.0308001 ] ] ] } },
{ "type": "Feature", "properties": { "element": "way", "id": 1355001575, "estimated_height": 12.0 }, "geometry": { "type": "Polygon", "coordinates": [ [ [ 105.8541281, 21.0302647 ], [ 105.8541271, 21.0302113 ], [ 105.8541558, 21.0302108 ], [ 105.8541568, 21.0302643 ], [ 105.8541281, 21.0302647 ] ] ] } },
{ "type": "Feature", "properties": { "element": "way", "id": 1355001576, "estimated_height": 12.0 }, "geometry": { "type": "Polygon", "coordinates": [ [ [ 105.8539948, 21.0301395 ], [ 105.8540626, 21.030139 ], [ 105.8540623, 21.0300956 ], [ 105.8539945, 21.0300961 ], [ 105.8539948, 21.0301395 ] ] ] } },
{ "type": "Feature", "properties": { "element": "way", "id": 1355001577, "estimated_height": 12.0 }, "geometry": { "type": "Polygon", "coordinates": [ [ [ 105.854165, 21.0301659 ], [ 105.8542291, 21.0301662 ], [ 105.8542292, 21.0301353 ], [ 105.8542004, 21.0301352 ], [ 105.8541651, 21.0301351 ], [ 105.854165, 21.0301659 ] ] ] } },
{ "type": "Feature", "properties": { "element": "way", "id": 1355001579, "estimated_height": 12.0 }, "geometry": { "type": "Polygon", "coordinates": [ [ [ 105.8548659, 21.0299246 ], [ 105.854904, 21.0298148 ], [ 105.85500660000001, 21.0298458 ], [ 105.8549686, 21.0299555 ], [ 105.8548659, 21.0299246 ] ] ] } },
{ "type": "Feature", "properties": { "element": "way", "id": 1355001580, "estimated_height": 12.0 }, "geometry": { "type": "Polygon", "coordinates": [ [ [ 105.8546027, 21.0297097 ], [ 105.8546135, 21.0297106 ], [ 105.8546109, 21.0297379 ], [ 105.8546685, 21.0297426 ], [ 105.8546711, 21.0297153 ], [ 105.854706, 21.0297182 ], [ 105.8547227, 21.0295397 ], [ 105.8547567, 21.0295425 ], [ 105.8547607, 21.0295003 ], [ 105.8548946, 21.0295112 ], [ 105.8549075, 21.0293724 ], [ 105.8546363, 21.0293503 ], [ 105.8546124, 21.029606 ], [ 105.854590700000017, 21.0296042 ], [ 105.8545858, 21.0296567 ], [ 105.8546075, 21.0296585 ], [ 105.8546027, 21.0297097 ] ] ] } },
{ "type": "Feature", "properties": { "element": "way", "id": 1355001581, "estimated_height": 12.0 }, "geometry": { "type": "Polygon", "coordinates": [ [ [ 105.8549572, 21.0296261 ], [ 105.8550624, 21.0296368 ], [ 105.8550774, 21.0295091 ], [ 105.8551028, 21.0295119 ], [ 105.8551119, 21.0294168 ], [ 105.8551206, 21.0293256 ], [ 105.8549936, 21.0293127 ], [ 105.85498370000002, 21.0293969 ], [ 105.8549507, 21.0293936 ], [ 105.8549516, 21.0293862 ], [ 105.8549175, 21.0293827 ], [ 105.8549018, 21.029516 ], [ 105.8549693, 21.0295229 ], [ 105.8549572, 21.0296261 ] ] ] } },
{ "type": "Feature", "properties": { "element": "way", "id": 1355003150, "estimated_height": 12.0 }, "geometry": { "type": "Polygon", "coordinates": [ [ [ 105.8566057, 21.031967 ], [ 105.8566835, 21.0320001 ], [ 105.8567008, 21.0319647 ], [ 105.856623, 21.0319316 ], [ 105.8566057, 21.031967 ] ] ] } },
{ "type": "Feature", "properties": { "element": "way", "id": 1355003151, "estimated_height": 12.0 }, "geometry": { "type": "Polygon", "coordinates": [ [ [ 105.8565915, 21.0320162 ], [ 105.85668, 21.0320533 ], [ 105.8566983, 21.0320154 ], [ 105.8566097, 21.0319783 ], [ 105.8565915, 21.0320162 ] ] ] } },
{ "type": "Feature", "properties": { "element": "way", "id": 1355003152, "estimated_height": 12.0 }, "geometry": { "type": "Polygon", "coordinates": [ [ [ 105.8567204, 21.032403 ], [ 105.8567721, 21.0324215 ], [ 105.8568041, 21.0323437 ], [ 105.8567524, 21.0323252 ], [ 105.8567204, 21.032403 ] ] ] } },
{ "type": "Feature", "properties": { "element": "way", "id": 1355003153, "estimated_height": 12.0 }, "geometry": { "type": "Polygon", "coordinates": [ [ [ 105.8567846, 21.0324319 ], [ 105.856834, 21.0324506 ], [ 105.8568686, 21.0323707 ], [ 105.8568192, 21.032352 ], [ 105.8567846, 21.0324319 ] ] ] } },
{ "type": "Feature", "properties": { "element": "way", "id": 1355003154, "estimated_height": 12.0 }, "geometry": { "type": "Polygon", "coordinates": [ [ [ 105.8565189, 21.0321609 ], [ 105.856601, 21.0321877 ], [ 105.8566172, 21.0321446 ], [ 105.8565352, 21.0321177 ], [ 105.8565189, 21.0321609 ] ] ] } },
{ "type": "Feature", "properties": { "element": "way", "id": 1355003155, "estimated_height": 12.0 }, "geometry": { "type": "Polygon", "coordinates": [ [ [ 105.8565585, 21.0320848 ], [ 105.8566426, 21.0321127 ], [ 105.8566585, 21.0320708 ], [ 105.8565744, 21.0320429 ], [ 105.8565585, 21.0320848 ] ] ] } },
{ "type": "Feature", "properties": { "element": "way", "id": 1355003156, "estimated_height": 12.0 }, "geometry": { "type": "Polygon", "coordinates": [ [ [ 105.8565516, 21.0321134 ], [ 105.8566251, 21.0321358 ], [ 105.8566485, 21.0321255 ], [ 105.8565571, 21.0320977 ], [ 105.8565516, 21.0321134 ] ] ] } },
{ "type": "Feature", "properties": { "element": "way", "id": 1355003157, "estimated_height": 12.0 }, "geometry": { "type": "Polygon", "coordinates": [ [ [ 105.8564484, 21.0323086 ], [ 105.8565426, 21.0323538 ], [ 105.856568200000012, 21.0323073 ], [ 105.856474, 21.0322622 ], [ 105.8564484, 21.0323086 ] ] ] } },
{ "type": "Feature", "properties": { "element": "way", "id": 1355003158, "estimated_height": 12.0 }, "geometry": { "type": "Polygon", "coordinates": [ [ [ 105.8565091, 21.0321911 ], [ 105.8565931, 21.0322178 ], [ 105.8566014, 21.0321951 ], [ 105.8565174, 21.0321684 ], [ 105.8565091, 21.0321911 ] ] ] } },
{ "type": "Feature", "properties": { "element": "way", "id": 1355003159, "estimated_height": 12.0 }, "geometry": { "type": "Polygon", "coordinates": [ [ [ 105.856663, 21.0323281 ], [ 105.856696, 21.0323439 ], [ 105.8567111, 21.0323164 ], [ 105.8566672, 21.0322954 ], [ 105.856663, 21.0323281 ] ] ] } },
{ "type": "Feature", "properties": { "element": "way", "id": 1355003160, "estimated_height": 12.0 }, "geometry": { "type": "Polygon", "coordinates": [ [ [ 105.8564734, 21.0322431 ], [ 105.8565597, 21.0322803 ], [ 105.8565793, 21.0322407 ], [ 105.8565048, 21.0322086 ], [ 105.8564734, 21.0322431 ] ] ] } },
{ "type": "Feature", "properties": { "element": "way", "id": 1355003161, "estimated_height": 12.0 }, "geometry": { "type": "Polygon", "coordinates": [ [ [ 105.8567953, 21.0316051 ], [ 105.8569944, 21.0316892 ], [ 105.8570544, 21.0315655 ], [ 105.8568554, 21.0314814 ], [ 105.8567953, 21.0316051 ] ] ] } },
{ "type": "Feature", "properties": { "element": "way", "id": 1355003162, "estimated_height": 12.0 }, "geometry": { "type": "Polygon", "coordinates": [ [ [ 105.8568432, 21.0318569 ], [ 105.85693310000002, 21.0318913 ], [ 105.8569512, 21.0318599 ], [ 105.8568554, 21.031826 ], [ 105.8568432, 21.0318569 ] ] ] } },
{ "type": "Feature", "properties": { "element": "way", "id": 1355003163, "estimated_height": 12.0 }, "geometry": { "type": "Polygon", "coordinates": [ [ [ 105.8567918, 21.0319391 ], [ 105.8568379, 21.0319616 ], [ 105.856857, 21.0319289 ], [ 105.8568058, 21.0319044 ], [ 105.8567918, 21.0319391 ] ] ] } },
{ "type": "Feature", "properties": { "element": "way", "id": 1355003164, "estimated_height": 12.0 }, "geometry": { "type": "Polygon", "coordinates": [ [ [ 105.857043600000011, 21.0316825 ], [ 105.8570733, 21.0316943 ], [ 105.8571144, 21.0316006 ], [ 105.8570832, 21.0316037 ], [ 105.857043600000011, 21.0316825 ] ] ] } },
{ "type": "Feature", "properties": { "element": "way", "id": 1355003165, "estimated_height": 12.0 }, "geometry": { "type": "Polygon", "coordinates": [ [ [ 105.857016700000017, 21.0316537 ], [ 105.8570382, 21.0316647 ], [ 105.8570715, 21.0316078 ], [ 105.8570462, 21.0316033 ], [ 105.857016700000017, 21.0316537 ] ] ] } },
{ "type": "Feature", "properties": { "element": "way", "id": 1355193427, "estimated_height": 12.0 }, "geometry": { "type": "Polygon", "coordinates": [ [ [ 105.8545149, 21.0310561 ], [ 105.8545369, 21.0310588 ], [ 105.8545426, 21.0310192 ], [ 105.8545206, 21.0310164 ], [ 105.8545149, 21.0310561 ] ] ] } },
{ "type": "Feature", "properties": { "element": "way", "id": 1355920568, "estimated_height": 12.0 }, "geometry": { "type": "Polygon", "coordinates": [ [ [ 105.8584168, 21.0288965 ], [ 105.8583224, 21.0288605 ], [ 105.8582473, 21.0289947 ], [ 105.8583385, 21.0290347 ], [ 105.8584168, 21.0288965 ] ] ] } },
{ "type": "Feature", "properties": { "element": "way", "id": 1355921620, "estimated_height": 12.0 }, "geometry": { "type": "Polygon", "coordinates": [ [ [ 105.8581797, 21.0291689 ], [ 105.8582505, 21.0291889 ], [ 105.8583278, 21.0290407 ], [ 105.8582591, 21.0290097 ], [ 105.8581797, 21.0291689 ] ] ] } },
{ "type": "Feature", "properties": { "element": "way", "id": 1356173400, "estimated_height": 12.0 }, "geometry": { "type": "Polygon", "coordinates": [ [ [ 105.8493384, 21.0329414 ], [ 105.8492349, 21.0332577 ], [ 105.8492827, 21.0332825 ], [ 105.8493234, 21.0332833 ], [ 105.8493322, 21.033256 ], [ 105.8494104, 21.0330144 ], [ 105.8494057, 21.033 ], [ 105.8493906, 21.0329958 ], [ 105.849385, 21.0329942 ], [ 105.8493809, 21.0329571 ], [ 105.8493384, 21.0329414 ] ] ] } },
{ "type": "Feature", "properties": { "element": "way", "id": 1356404332, "estimated_height": 12.0 }, "geometry": { "type": "Polygon", "coordinates": [ [ [ 105.8568977, 21.0302117 ], [ 105.8569194, 21.0301645 ], [ 105.8568549, 21.0301386 ], [ 105.8568331, 21.0301859 ], [ 105.8568977, 21.0302117 ] ] ] } },
{ "type": "Feature", "properties": { "element": "way", "id": 1356404333, "estimated_height": 12.0 }, "geometry": { "type": "Polygon", "coordinates": [ [ [ 105.8565496, 21.0302295 ], [ 105.8565572, 21.0302322 ], [ 105.8565511, 21.0302466 ], [ 105.8566718, 21.0302908 ], [ 105.85669, 21.0302476 ], [ 105.8567021, 21.030252 ], [ 105.8567135, 21.030225 ], [ 105.8566223, 21.0301917 ], [ 105.8565926, 21.0302106 ], [ 105.8565622, 21.0301995 ], [ 105.8565496, 21.0302295 ] ] ] } },
{ "type": "Feature", "properties": { "element": "way", "id": 1356404334, "estimated_height": 12.0 }, "geometry": { "type": "Polygon", "coordinates": [ [ [ 105.8565358, 21.0302517 ], [ 105.856737, 21.0303187 ], [ 105.8567166, 21.030372 ], [ 105.8566559, 21.0303518 ], [ 105.8566485, 21.0303624 ], [ 105.856511, 21.0303165 ], [ 105.8565358, 21.0302517 ] ] ] } },
{ "type": "Feature", "properties": { "element": "way", "id": 1356404335, "estimated_height": 12.0 }, "geometry": { "type": "Polygon", "coordinates": [ [ [ 105.856362, 21.0304953 ], [ 105.856462900000011, 21.0305353 ], [ 105.8564477, 21.0305686 ], [ 105.8563468, 21.0305286 ], [ 105.856362, 21.0304953 ] ] ] } },
{ "type": "Feature", "properties": { "element": "way", "id": 1356404336, "estimated_height": 12.0 }, "geometry": { "type": "Polygon", "coordinates": [ [ [ 105.8565154, 21.0304901 ], [ 105.8565814, 21.0305134 ], [ 105.8565978, 21.0304728 ], [ 105.8565319, 21.0304495 ], [ 105.8565154, 21.0304901 ] ] ] } },
{ "type": "Feature", "properties": { "element": "way", "id": 1356404337, "estimated_height": 12.0 }, "geometry": { "type": "Polygon", "coordinates": [ [ [ 105.8566987, 21.0306596 ], [ 105.856495100000018, 21.0305903 ], [ 105.8564586, 21.0306837 ], [ 105.8566622, 21.030753 ], [ 105.8566987, 21.0306596 ] ] ] } },
{ "type": "Feature", "properties": { "element": "way", "id": 1356404338, "estimated_height": 12.0 }, "geometry": { "type": "Polygon", "coordinates": [ [ [ 105.8567011, 21.0302832 ], [ 105.8567218, 21.0302283 ], [ 105.8567923, 21.0302515 ], [ 105.8567715, 21.0303064 ], [ 105.8567011, 21.0302832 ] ] ] } },
{ "type": "Feature", "properties": { "element": "way", "id": 1356404339, "estimated_height": 12.0 }, "geometry": { "type": "Polygon", "coordinates": [ [ [ 105.8564445, 21.0303533 ], [ 105.8565321, 21.0303989 ], [ 105.8565561, 21.0303587 ], [ 105.8564685, 21.0303131 ], [ 105.8564445, 21.0303533 ] ] ] } },
{ "type": "Feature", "properties": { "element": "way", "id": 1356652347, "estimated_height": 12.0 }, "geometry": { "type": "Polygon", "coordinates": [ [ [ 105.8578952, 21.0276887 ], [ 105.8579199, 21.0276076 ], [ 105.8577536, 21.0275546 ], [ 105.8577257, 21.0276417 ], [ 105.8578952, 21.0276887 ] ] ] } },
{ "type": "Feature", "properties": { "element": "way", "id": 1357202267, "estimated_height": 12.0 }, "geometry": { "type": "Polygon", "coordinates": [ [ [ 105.8580544, 21.0314652 ], [ 105.8581026, 21.0313773 ], [ 105.8581765, 21.0314126 ], [ 105.85812820000001, 21.0315005 ], [ 105.8580544, 21.0314652 ] ] ] } },
{ "type": "Feature", "properties": { "element": "way", "id": 1357202268, "estimated_height": 12.0 }, "geometry": { "type": "Polygon", "coordinates": [ [ [ 105.8581268, 21.0315119 ], [ 105.8581778, 21.0314191 ], [ 105.8582345, 21.0314462 ], [ 105.8581835, 21.0315391 ], [ 105.8581268, 21.0315119 ] ] ] } },
{ "type": "Feature", "properties": { "element": "way", "id": 1357202269, "estimated_height": 12.0 }, "geometry": { "type": "Polygon", "coordinates": [ [ [ 105.858237, 21.0314614 ], [ 105.8581906, 21.0315333 ], [ 105.8582409, 21.0315616 ], [ 105.8582873, 21.0314897 ], [ 105.858237, 21.0314614 ] ] ] } },
{ "type": "Feature", "properties": { "element": "way", "id": 1357202270, "estimated_height": 12.0 }, "geometry": { "type": "Polygon", "coordinates": [ [ [ 105.858294200000017, 21.0314997 ], [ 105.8582522, 21.0315636 ], [ 105.8582843, 21.031582 ], [ 105.8583263, 21.031518 ], [ 105.858294200000017, 21.0314997 ] ] ] } },
{ "type": "Feature", "properties": { "element": "way", "id": 1357202271, "estimated_height": 12.0 }, "geometry": { "type": "Polygon", "coordinates": [ [ [ 105.8583972, 21.031649 ], [ 105.858446900000018, 21.0315674 ], [ 105.8583908, 21.0315377 ], [ 105.8583411, 21.0316193 ], [ 105.8583972, 21.031649 ] ] ] } },
{ "type": "Feature", "properties": { "element": "way", "id": 1357202272, "estimated_height": 12.0 }, "geometry": { "type": "Polygon", "coordinates": [ [ [ 105.8583265, 21.031653 ], [ 105.858343600000012, 21.0316257 ], [ 105.8583978, 21.0316553 ], [ 105.8583807, 21.0316826 ], [ 105.8583265, 21.031653 ] ] ] } },
{ "type": "Feature", "properties": { "element": "way", "id": 1357202273, "estimated_height": 12.0 }, "geometry": { "type": "Polygon", "coordinates": [ [ [ 105.8583992, 21.0316643 ], [ 105.8583736, 21.0317005 ], [ 105.858438, 21.0317403 ], [ 105.8584734, 21.0316905 ], [ 105.858450500000018, 21.0316763 ], [ 105.8584408, 21.03169 ], [ 105.8583992, 21.0316643 ] ] ] } },
{ "type": "Feature", "properties": { "element": "way", "id": 1357202274, "estimated_height": 12.0 }, "geometry": { "type": "Polygon", "coordinates": [ [ [ 105.8582377, 21.0315817 ], [ 105.8581899, 21.0316568 ], [ 105.8582219, 21.0316746 ], [ 105.8582698, 21.0315995 ], [ 105.8582377, 21.0315817 ] ] ] } },
{ "type": "Feature", "properties": { "element": "way", "id": 1357202275, "estimated_height": 12.0 }, "geometry": { "type": "Polygon", "coordinates": [ [ [ 105.8583336, 21.0316291 ], [ 105.8583128, 21.0316621 ], [ 105.8582691, 21.031638 ], [ 105.85829, 21.031605 ], [ 105.8583336, 21.0316291 ] ] ] } },
{ "type": "Feature", "properties": { "element": "way", "id": 1357202276, "estimated_height": 12.0 }, "geometry": { "type": "Polygon", "coordinates": [ [ [ 105.8582159, 21.0316093 ], [ 105.858238300000011, 21.0315762 ], [ 105.858184, 21.0315442 ], [ 105.8581616, 21.0315773 ], [ 105.8582159, 21.0316093 ] ] ] } },
{ "type": "Feature", "properties": { "element": "way", "id": 1357202277, "estimated_height": 12.0 }, "geometry": { "type": "Polygon", "coordinates": [ [ [ 105.8581756, 21.0315445 ], [ 105.8581213, 21.0315134 ], [ 105.858102500000015, 21.031542 ], [ 105.8581568, 21.0315731 ], [ 105.8581756, 21.0315445 ] ] ] } },
{ "type": "Feature", "properties": { "element": "way", "id": 1357202278, "estimated_height": 12.0 }, "geometry": { "type": "Polygon", "coordinates": [ [ [ 105.8580894, 21.0314879 ], [ 105.8580649, 21.0314763 ], [ 105.8580465, 21.03151 ], [ 105.858071, 21.0315216 ], [ 105.8580894, 21.0314879 ] ] ] } },
{ "type": "Feature", "properties": { "element": "way", "id": 1357202279, "estimated_height": 12.0 }, "geometry": { "type": "Polygon", "coordinates": [ [ [ 105.8581135, 21.0315042 ], [ 105.8580952, 21.0315341 ], [ 105.8580764, 21.0315241 ], [ 105.8580947, 21.0314942 ], [ 105.8581135, 21.0315042 ] ] ] } },
{ "type": "Feature", "properties": { "element": "way", "id": 1357202543, "estimated_height": 12.0 }, "geometry": { "type": "Polygon", "coordinates": [ [ [ 105.856812, 21.0326658 ], [ 105.856884, 21.032693 ], [ 105.8568926, 21.0326731 ], [ 105.85682060000002, 21.0326459 ], [ 105.856812, 21.0326658 ] ] ] } },
{ "type": "Feature", "properties": { "element": "way", "id": 1357202544, "estimated_height": 12.0 }, "geometry": { "type": "Polygon", "coordinates": [ [ [ 105.8567947, 21.0326313 ], [ 105.856891, 21.0326682 ], [ 105.8569038, 21.0326391 ], [ 105.8568074, 21.0326022 ], [ 105.8567947, 21.0326313 ] ] ] } },
{ "type": "Feature", "properties": { "element": "way", "id": 1357202545, "estimated_height": 12.0 }, "geometry": { "type": "Polygon", "coordinates": [ [ [ 105.8569034, 21.0326341 ], [ 105.8569157, 21.0326078 ], [ 105.856824, 21.0325705 ], [ 105.8568117, 21.0325968 ], [ 105.8569034, 21.0326341 ] ] ] } },
{ "type": "Feature", "properties": { "element": "way", "id": 1357202546, "estimated_height": 12.0 }, "geometry": { "type": "Polygon", "coordinates": [ [ [ 105.8569193, 21.0326019 ], [ 105.8569344, 21.0325695 ], [ 105.8568361, 21.0325297 ], [ 105.856821, 21.0325621 ], [ 105.8569193, 21.0326019 ] ] ] } },
{ "type": "Feature", "properties": { "element": "way", "id": 1357202547, "estimated_height": 12.0 }, "geometry": { "type": "Polygon", "coordinates": [ [ [ 105.8569361, 21.0325627 ], [ 105.8569458, 21.0325411 ], [ 105.85685070000001, 21.032504 ], [ 105.856841, 21.0325256 ], [ 105.8569361, 21.0325627 ] ] ] } },
{ "type": "Feature", "properties": { "element": "way", "id": 1357202548, "estimated_height": 12.0 }, "geometry": { "type": "Polygon", "coordinates": [ [ [ 105.8569515, 21.0325319 ], [ 105.8569647, 21.0325015 ], [ 105.85687, 21.0324657 ], [ 105.8568568, 21.0324961 ], [ 105.8569515, 21.0325319 ] ] ] } },
{ "type": "Feature", "properties": { "element": "way", "id": 1357202549, "estimated_height": 12.0 }, "geometry": { "type": "Polygon", "coordinates": [ [ [ 105.8569287, 21.03234 ], [ 105.857018700000012, 21.0323761 ], [ 105.8569648, 21.0324931 ], [ 105.8568748, 21.032457 ], [ 105.8569287, 21.03234 ] ] ] } },
{ "type": "Feature", "properties": { "element": "way", "id": 1357203857, "estimated_height": 12.0 }, "geometry": { "type": "Polygon", "coordinates": [ [ [ 105.8569297, 21.0330209 ], [ 105.8568508, 21.0329875 ], [ 105.8568289, 21.0330326 ], [ 105.856907800000016, 21.0330659 ], [ 105.8569297, 21.0330209 ] ] ] } },
{ "type": "Feature", "properties": { "element": "way", "id": 1357203858, "estimated_height": 12.0 }, "geometry": { "type": "Polygon", "coordinates": [ [ [ 105.8568291, 21.0330122 ], [ 105.8568136, 21.0330503 ], [ 105.8567448, 21.0330259 ], [ 105.856760300000019, 21.0329878 ], [ 105.8568291, 21.0330122 ] ] ] } },
{ "type": "Feature", "properties": { "element": "way", "id": 1357203859, "estimated_height": 12.0 }, "geometry": { "type": "Polygon", "coordinates": [ [ [ 105.856763500000014, 21.0329848 ], [ 105.856829, 21.033008 ], [ 105.8568397, 21.0329819 ], [ 105.8567741, 21.0329586 ], [ 105.856763500000014, 21.0329848 ] ] ] } },
{ "type": "Feature", "properties": { "element": "way", "id": 1357203860, "estimated_height": 12.0 }, "geometry": { "type": "Polygon", "coordinates": [ [ [ 105.8568702, 21.0329348 ], [ 105.8568598, 21.032959 ], [ 105.8569326, 21.0329863 ], [ 105.856943, 21.0329621 ], [ 105.8568702, 21.0329348 ] ] ] } },
{ "type": "Feature", "properties": { "element": "way", "id": 1357203861, "estimated_height": 12.0 }, "geometry": { "type": "Polygon", "coordinates": [ [ [ 105.8569109, 21.0329362 ], [ 105.8569311, 21.0328932 ], [ 105.856966, 21.0329075 ], [ 105.8569458, 21.0329506 ], [ 105.8569109, 21.0329362 ] ] ] } },
{ "type": "Feature", "properties": { "element": "way", "id": 1357203862, "estimated_height": 12.0 }, "geometry": { "type": "Polygon", "coordinates": [ [ [ 105.8568683, 21.0329165 ], [ 105.8568828, 21.0328825 ], [ 105.8569156, 21.0328947 ], [ 105.8569011, 21.0329287 ], [ 105.8568683, 21.0329165 ] ] ] } },
{ "type": "Feature", "properties": { "element": "way", "id": 1357203863, "estimated_height": 12.0 }, "geometry": { "type": "Polygon", "coordinates": [ [ [ 105.8568636, 21.0328743 ], [ 105.8568213, 21.0328585 ], [ 105.8568084, 21.0328886 ], [ 105.8568506, 21.0329044 ], [ 105.8568636, 21.0328743 ] ] ] } },
{ "type": "Feature", "properties": { "element": "way", "id": 1357203864, "estimated_height": 12.0 }, "geometry": { "type": "Polygon", "coordinates": [ [ [ 105.8567913, 21.0329193 ], [ 105.8567784, 21.0329492 ], [ 105.8568361, 21.0329709 ], [ 105.856849, 21.032941 ], [ 105.8567913, 21.0329193 ] ] ] } },
{ "type": "Feature", "properties": { "element": "way", "id": 1357203865, "estimated_height": 12.0 }, "geometry": { "type": "Polygon", "coordinates": [ [ [ 105.8567899, 21.0329116 ], [ 105.8568008, 21.0328881 ], [ 105.8568191, 21.0328955 ], [ 105.8568082, 21.032919 ], [ 105.8567899, 21.0329116 ] ] ] } },
{ "type": "Feature", "properties": { "element": "way", "id": 1357203867, "estimated_height": 12.0 }, "geometry": { "type": "Polygon", "coordinates": [ [ [ 105.8567526, 21.0328925 ], [ 105.8567624, 21.0328703 ], [ 105.8567961, 21.0328833 ], [ 105.8567863, 21.0329055 ], [ 105.8567526, 21.0328925 ] ] ] } },
{ "type": "Feature", "properties": { "element": "way", "id": 1357203868, "estimated_height": 12.0 }, "geometry": { "type": "Polygon", "coordinates": [ [ [ 105.856692400000014, 21.0328045 ], [ 105.8566751, 21.0328447 ], [ 105.8567336, 21.032866599999988 ], [ 105.8567509, 21.0328264 ], [ 105.856692400000014, 21.0328045 ] ] ] } },
{ "type": "Feature", "properties": { "element": "way", "id": 1357203869, "estimated_height": 12.0 }, "geometry": { "type": "Polygon", "coordinates": [ [ [ 105.8566681, 21.0328633 ], [ 105.856652600000018, 21.0329036 ], [ 105.8567109, 21.0329232 ], [ 105.8567264, 21.0328829 ], [ 105.8566681, 21.0328633 ] ] ] } },
{ "type": "Feature", "properties": { "element": "way", "id": 1357203870, "estimated_height": 12.0 }, "geometry": { "type": "Polygon", "coordinates": [ [ [ 105.8567395, 21.0329 ], [ 105.8567246, 21.0329379 ], [ 105.8567671, 21.0329525 ], [ 105.856782, 21.0329146 ], [ 105.8567395, 21.0329 ] ] ] } },
{ "type": "Feature", "properties": { "element": "way", "id": 1357203871, "estimated_height": 12.0 }, "geometry": { "type": "Polygon", "coordinates": [ [ [ 105.856646, 21.0329161 ], [ 105.856624100000019, 21.0329677 ], [ 105.856716500000019, 21.0330018 ], [ 105.8567383, 21.0329502 ], [ 105.856646, 21.0329161 ] ] ] } },
{ "type": "Feature", "properties": { "element": "way", "id": 1357203872, "estimated_height": 12.0 }, "geometry": { "type": "Polygon", "coordinates": [ [ [ 105.8566011, 21.0330103 ], [ 105.8566141, 21.03298 ], [ 105.8567154, 21.0330179 ], [ 105.8567023, 21.0330482 ], [ 105.8566011, 21.0330103 ] ] ] } },
{ "type": "Feature", "properties": { "element": "way", "id": 1357692945, "estimated_height": 12.0 }, "geometry": { "type": "Polygon", "coordinates": [ [ [ 105.8520232, 21.0325003 ], [ 105.8520559, 21.0325003 ], [ 105.852061, 21.0323435 ], [ 105.8520257, 21.032342 ], [ 105.8520232, 21.0325003 ] ] ] } },
{ "type": "Feature", "properties": { "element": "way", "id": 1357692949, "estimated_height": 12.0 }, "geometry": { "type": "Polygon", "coordinates": [ [ [ 105.8519603, 21.0324789 ], [ 105.8519865, 21.032479 ], [ 105.8519868, 21.0324155 ], [ 105.8519606, 21.0324154 ], [ 105.8519603, 21.0324789 ] ] ] } },
{ "type": "Feature", "properties": { "element": "way", "id": 1357692956, "estimated_height": 12.0 }, "geometry": { "type": "Polygon", "coordinates": [ [ [ 105.8523191, 21.0324077 ], [ 105.8523572, 21.0324081 ], [ 105.8523579, 21.0323512 ], [ 105.852319800000018, 21.0323508 ], [ 105.8523191, 21.0324077 ] ] ] } },
{ "type": "Feature", "properties": { "element": "way", "id": 1358189496, "estimated_height": 12.0 }, "geometry": { "type": "Polygon", "coordinates": [ [ [ 105.8508242, 21.0269749 ], [ 105.8508014, 21.0270628 ], [ 105.8509024, 21.0270856 ], [ 105.8509058, 21.0270727 ], [ 105.851101400000019, 21.0271169 ], [ 105.8511282, 21.0270139 ], [ 105.8510326, 21.0269923 ], [ 105.8510171, 21.0270186 ], [ 105.8508242, 21.0269749 ] ] ] } },
{ "type": "Feature", "properties": { "element": "way", "id": 1358189497, "estimated_height": 12.0 }, "geometry": { "type": "Polygon", "coordinates": [ [ [ 105.8510854, 21.0272013 ], [ 105.8512118, 21.0272348 ], [ 105.8512454, 21.0271243 ], [ 105.851119, 21.0270908 ], [ 105.8510854, 21.0272013 ] ] ] } },
{ "type": "Feature", "properties": { "element": "way", "id": 1358189498, "estimated_height": 12.0 }, "geometry": { "type": "Polygon", "coordinates": [ [ [ 105.849882, 21.028292 ], [ 105.8499787, 21.0283296 ], [ 105.8500373, 21.0283502 ], [ 105.8499588, 21.0285319 ], [ 105.8498023, 21.0284714 ], [ 105.849882, 21.028292 ] ] ] } },
{ "type": "Feature", "properties": { "element": "way", "id": 1358189499, "estimated_height": 12.0 }, "geometry": { "type": "Polygon", "coordinates": [ [ [ 105.849746, 21.0285416 ], [ 105.8499923, 21.028627 ], [ 105.8499385, 21.0287621 ], [ 105.8496923, 21.0286767 ], [ 105.849746, 21.0285416 ] ] ] } },
{ "type": "Feature", "properties": { "element": "way", "id": 1358189500, "estimated_height": 12.0 }, "geometry": { "type": "Polygon", "coordinates": [ [ [ 105.8495947, 21.0288393 ], [ 105.8496337, 21.0287367 ], [ 105.8496845, 21.0287535 ], [ 105.8496397, 21.0288712 ], [ 105.8495947, 21.0288393 ] ] ] } },
{ "type": "Feature", "properties": { "element": "way", "id": 1358189501, "estimated_height": 12.0 }, "geometry": { "type": "Polygon", "coordinates": [ [ [ 105.8497251, 21.0289152 ], [ 105.8497741, 21.0289303 ], [ 105.8498167, 21.0288098 ], [ 105.8497677, 21.0287947 ], [ 105.8497251, 21.0289152 ] ] ] } },
{ "type": "Feature", "properties": { "element": "way", "id": 1358189502, "estimated_height": 12.0 }, "geometry": { "type": "Polygon", "coordinates": [ [ [ 105.8498223, 21.0289235 ], [ 105.8498667, 21.0289372 ], [ 105.8499107, 21.0288124 ], [ 105.8498663, 21.0287987 ], [ 105.8498223, 21.0289235 ] ] ] } },
{ "type": "Feature", "properties": { "element": "way", "id": 1358189503, "estimated_height": 12.0 }, "geometry": { "type": "Polygon", "coordinates": [ [ [ 105.8499076, 21.0288492 ], [ 105.8499865, 21.0288719 ], [ 105.8499724, 21.0289145 ], [ 105.8498935, 21.0288918 ], [ 105.8499076, 21.0288492 ] ] ] } },
{ "type": "Feature", "properties": { "element": "way", "id": 1358189504, "estimated_height": 12.0 }, "geometry": { "type": "Polygon", "coordinates": [ [ [ 105.8500552, 21.0288091 ], [ 105.8500981, 21.0288203 ], [ 105.8500489, 21.0289838 ], [ 105.850006, 21.0289725 ], [ 105.8500552, 21.0288091 ] ] ] } },
{ "type": "Feature", "properties": { "element": "way", "id": 1358189505, "estimated_height": 12.0 }, "geometry": { "type": "Polygon", "coordinates": [ [ [ 105.8500972, 21.0288828 ], [ 105.8502102, 21.0289123 ], [ 105.8501824, 21.0290048 ], [ 105.8500695, 21.0289752 ], [ 105.8500972, 21.0288828 ] ] ] } },
{ "type": "Feature", "properties": { "element": "way", "id": 1358189506, "estimated_height": 12.0 }, "geometry": { "type": "Polygon", "coordinates": [ [ [ 105.8499741, 21.028706 ], [ 105.8499926, 21.0286513 ], [ 105.8500256, 21.028661 ], [ 105.8500357, 21.0286311 ], [ 105.8500088, 21.0286231 ], [ 105.8500142, 21.0286072 ], [ 105.8499648, 21.0285926 ], [ 105.8499781, 21.0285532 ], [ 105.8500328, 21.0285693 ], [ 105.8500284, 21.0285824 ], [ 105.8500795, 21.0285975 ], [ 105.8500366, 21.0287244 ], [ 105.8499741, 21.028706 ] ] ] } },
{ "type": "Feature", "properties": { "element": "way", "id": 1358189507, "estimated_height": 12.0 }, "geometry": { "type": "Polygon", "coordinates": [ [ [ 105.8500574, 21.0287377 ], [ 105.8500789, 21.0286816 ], [ 105.850109, 21.0286916 ], [ 105.850087500000015, 21.0287477 ], [ 105.8500574, 21.0287377 ] ] ] } },
{ "type": "Feature", "properties": { "element": "way", "id": 1358189508, "estimated_height": 12.0 }, "geometry": { "type": "Polygon", "coordinates": [ [ [ 105.8499391, 21.0280143 ], [ 105.8500354, 21.0280509 ], [ 105.8499957, 21.0281462 ], [ 105.8499737, 21.028204 ], [ 105.849870900000013, 21.0281703 ], [ 105.8499391, 21.0280143 ] ] ] } },
{ "type": "Feature", "properties": { "element": "way", "id": 1358189509, "estimated_height": 12.0 }, "geometry": { "type": "Polygon", "coordinates": [ [ [ 105.8499737, 21.028204 ], [ 105.8500817, 21.0282397 ], [ 105.8501036, 21.028182 ], [ 105.8499957, 21.0281462 ], [ 105.8499737, 21.028204 ] ] ] } },
{ "type": "Feature", "properties": { "element": "way", "id": 1358189510, "estimated_height": 12.0 }, "geometry": { "type": "Polygon", "coordinates": [ [ [ 105.8501918, 21.0290234 ], [ 105.850205, 21.028986 ], [ 105.850251, 21.0290002 ], [ 105.8502377, 21.0290376 ], [ 105.8501918, 21.0290234 ] ] ] } },
{ "type": "Feature", "properties": { "element": "way", "id": 1358189511, "estimated_height": 12.0 }, "geometry": { "type": "Polygon", "coordinates": [ [ [ 105.8500328, 21.028839 ], [ 105.8500481, 21.0288049 ], [ 105.8499887, 21.0287816 ], [ 105.8499734, 21.0288158 ], [ 105.8500328, 21.028839 ] ] ] } },
{ "type": "Feature", "properties": { "element": "way", "id": 1358189512, "estimated_height": 12.0 }, "geometry": { "type": "Polygon", "coordinates": [ [ [ 105.8499885, 21.0285328 ], [ 105.8500371, 21.0285507 ], [ 105.8501075, 21.028384 ], [ 105.8500589, 21.0283661 ], [ 105.8499885, 21.0285328 ] ] ] } },
{ "type": "Feature", "properties": { "element": "way", "id": 1358189513, "estimated_height": 12.0 }, "geometry": { "type": "Polygon", "coordinates": [ [ [ 105.850061, 21.0282915 ], [ 105.8500024, 21.0282709 ], [ 105.8499787, 21.0283296 ], [ 105.8500373, 21.0283502 ], [ 105.850061, 21.0282915 ] ] ] } },
{ "type": "Feature", "properties": { "element": "way", "id": 1358189514, "estimated_height": 12.0 }, "geometry": { "type": "Polygon", "coordinates": [ [ [ 105.8508991, 21.0268372 ], [ 105.8509484, 21.0268496 ], [ 105.8509239, 21.0269346 ], [ 105.8508582, 21.026918 ], [ 105.8508656, 21.0268923 ], [ 105.8508832, 21.0268923 ], [ 105.8508991, 21.0268372 ] ] ] } },
{ "type": "Feature", "properties": { "element": "way", "id": 1358189515, "estimated_height": 12.0 }, "geometry": { "type": "Polygon", "coordinates": [ [ [ 105.8513108, 21.0269133 ], [ 105.8511519, 21.0268687 ], [ 105.8511681, 21.0268185 ], [ 105.851327, 21.0268631 ], [ 105.8513108, 21.0269133 ] ] ] } },
{ "type": "Feature", "properties": { "element": "way", "id": 1358189516, "estimated_height": 12.0 }, "geometry": { "type": "Polygon", "coordinates": [ [ [ 105.8507767, 21.0271271 ], [ 105.8508551, 21.0271474 ], [ 105.8508397, 21.0271994 ], [ 105.8507613, 21.0271791 ], [ 105.8507767, 21.0271271 ] ] ] } },
{ "type": "Feature", "properties": { "element": "way", "id": 1358445820, "estimated_height": 12.0 }, "geometry": { "type": "Polygon", "coordinates": [ [ [ 105.8584828, 21.0290492 ], [ 105.8586164, 21.029106 ], [ 105.8585519, 21.0292382 ], [ 105.8585967, 21.0292573 ], [ 105.8587052, 21.0290349 ], [ 105.8586761, 21.0290225 ], [ 105.8586373, 21.0290626 ], [ 105.8585039, 21.0290059 ], [ 105.8584828, 21.0290492 ] ] ] } },
{ "type": "Feature", "properties": { "element": "way", "id": 1359112610, "estimated_height": 12.0 }, "geometry": { "type": "Polygon", "coordinates": [ [ [ 105.8589592, 21.0305567 ], [ 105.8590375, 21.0305906 ], [ 105.8590637, 21.0305378 ], [ 105.8589854, 21.0305039 ], [ 105.8589592, 21.0305567 ] ] ] } },
{ "type": "Feature", "properties": { "element": "way", "id": 1359112611, "estimated_height": 12.0 }, "geometry": { "type": "Polygon", "coordinates": [ [ [ 105.8588828, 21.0305304 ], [ 105.858923500000017, 21.0304556 ], [ 105.8588819, 21.0304358 ], [ 105.8588496, 21.0304953 ], [ 105.8588752, 21.0305074 ], [ 105.8588668, 21.0305228 ], [ 105.8588828, 21.0305304 ] ] ] } },
{ "type": "Feature", "properties": { "element": "way", "id": 1359112612, "estimated_height": 12.0 }, "geometry": { "type": "Polygon", "coordinates": [ [ [ 105.858989400000013, 21.0304944 ], [ 105.8590473, 21.0305232 ], [ 105.8590453, 21.0305269 ], [ 105.859061700000012, 21.0305351 ], [ 105.8590837, 21.0304965 ], [ 105.8590321, 21.0304708 ], [ 105.8590258, 21.0304818 ], [ 105.8590031, 21.0304705 ], [ 105.858989400000013, 21.0304944 ] ] ] } },
{ "type": "Feature", "properties": { "element": "way", "id": 1359112613, "estimated_height": 12.0 }, "geometry": { "type": "Polygon", "coordinates": [ [ [ 105.8588992, 21.0305122 ], [ 105.8589592, 21.0305399 ], [ 105.8589769, 21.0305064 ], [ 105.858917, 21.0304787 ], [ 105.8588992, 21.0305122 ] ] ] } },
{ "type": "Feature", "properties": { "element": "way", "id": 1359112614, "estimated_height": 12.0 }, "geometry": { "type": "Polygon", "coordinates": [ [ [ 105.8588959, 21.0305191 ], [ 105.858949, 21.0305465 ], [ 105.8589425, 21.0305574 ], [ 105.8589162, 21.0305438 ], [ 105.8589119, 21.0305511 ], [ 105.8588851, 21.0305373 ], [ 105.8588959, 21.0305191 ] ] ] } },
{ "type": "Feature", "properties": { "element": "way", "id": 1359112615, "estimated_height": 12.0 }, "geometry": { "type": "Polygon", "coordinates": [ [ [ 105.8589605, 21.0305801 ], [ 105.8590146, 21.0306047 ], [ 105.8590219, 21.0305908 ], [ 105.8589678, 21.0305662 ], [ 105.8589605, 21.0305801 ] ] ] } },
{ "type": "Feature", "properties": { "element": "way", "id": 1359112616, "estimated_height": 12.0 }, "geometry": { "type": "Polygon", "coordinates": [ [ [ 105.8589461, 21.0304159 ], [ 105.8589897, 21.0304358 ], [ 105.858999, 21.0304182 ], [ 105.8590165, 21.0304262 ], [ 105.8590301, 21.0304001 ], [ 105.8590072, 21.0303897 ], [ 105.8589984, 21.0304064 ], [ 105.8589602, 21.0303889 ], [ 105.8589461, 21.0304159 ] ] ] } },
{ "type": "Feature", "properties": { "element": "way", "id": 1359112617, "estimated_height": 12.0 }, "geometry": { "type": "Polygon", "coordinates": [ [ [ 105.8590384, 21.0301868 ], [ 105.8591178, 21.0302242 ], [ 105.8590772, 21.0302996 ], [ 105.8590894, 21.0303053 ], [ 105.8590576, 21.0303643 ], [ 105.8590302, 21.0303515 ], [ 105.8590141, 21.0303814 ], [ 105.8589498, 21.0303513 ], [ 105.8590384, 21.0301868 ] ] ] } },
{ "type": "Feature", "properties": { "element": "way", "id": 1359569707, "estimated_height": 12.0 }, "geometry": { "type": "Polygon", "coordinates": [ [ [ 105.8579827, 21.0290986 ], [ 105.8580217, 21.0291178 ], [ 105.8580424, 21.0290814 ], [ 105.8580034, 21.0290622 ], [ 105.8579827, 21.0290986 ] ] ] } },
{ "type": "Feature", "properties": { "element": "way", "id": 1359569708, "estimated_height": 12.0 }, "geometry": { "type": "Polygon", "coordinates": [ [ [ 105.8580457, 21.029064 ], [ 105.8580612, 21.0290377 ], [ 105.8580204, 21.0290166 ], [ 105.8580048, 21.0290429 ], [ 105.8580457, 21.029064 ] ] ] } },
{ "type": "Feature", "properties": { "element": "way", "id": 1359574878, "estimated_height": 12.0 }, "geometry": { "type": "Polygon", "coordinates": [ [ [ 105.8493333, 21.0247064 ], [ 105.8493201, 21.0246375 ], [ 105.8493909, 21.0246044 ], [ 105.849408, 21.0246939 ], [ 105.8493333, 21.0247064 ] ] ] } },
{ "type": "Feature", "properties": { "element": "way", "id": 1359575577, "estimated_height": 12.0 }, "geometry": { "type": "Polygon", "coordinates": [ [ [ 105.8555101, 21.0308862 ], [ 105.8555076, 21.030833 ], [ 105.8555604, 21.0308309 ], [ 105.8555629, 21.030884 ], [ 105.8555101, 21.0308862 ] ] ] } },
{ "type": "Feature", "properties": { "element": "way", "id": 1359575578, "estimated_height": 12.0 }, "geometry": { "type": "Polygon", "coordinates": [ [ [ 105.8556182, 21.0310132 ], [ 105.855603, 21.0310137 ], [ 105.8555992, 21.0309253 ], [ 105.8556067, 21.030925 ], [ 105.8556048, 21.0308788 ], [ 105.8556498, 21.0308772 ], [ 105.8556519, 21.0309256 ], [ 105.8556431, 21.0309259 ], [ 105.8556449, 21.0309675 ], [ 105.855654800000011, 21.0309671 ], [ 105.8556567, 21.0310195 ], [ 105.8556585, 21.0310663 ], [ 105.8556205, 21.0310677 ], [ 105.8556182, 21.0310132 ] ] ] } },
{ "type": "Feature", "properties": { "element": "way", "id": 1359850689, "estimated_height": 12.0 }, "geometry": { "type": "Polygon", "coordinates": [ [ [ 105.8585635, 21.0298 ], [ 105.8586055, 21.0298147 ], [ 105.8586199, 21.0297787 ], [ 105.858577900000014, 21.0297641 ], [ 105.8585635, 21.0298 ] ] ] } },
{ "type": "Feature", "properties": { "element": "way", "id": 1359850690, "estimated_height": 12.0 }, "geometry": { "type": "Polygon", "coordinates": [ [ [ 105.8587807, 21.0297213 ], [ 105.8588312, 21.0297389 ], [ 105.8588587, 21.02967 ], [ 105.8588082, 21.0296525 ], [ 105.8587807, 21.0297213 ] ] ] } },
{ "type": "Feature", "properties": { "element": "way", "id": 1359850702, "estimated_height": 12.0 }, "geometry": { "type": "Polygon", "coordinates": [ [ [ 105.8589818, 21.0320472 ], [ 105.8590072, 21.0320534 ], [ 105.8590156, 21.0320236 ], [ 105.8589903, 21.0320174 ], [ 105.8589818, 21.0320472 ] ] ] } },
{ "type": "Feature", "properties": { "element": "way", "id": 1359850703, "estimated_height": 12.0 }, "geometry": { "type": "Polygon", "coordinates": [ [ [ 105.8588351, 21.0319349 ], [ 105.8588799, 21.0319614 ], [ 105.8588995, 21.0319324 ], [ 105.8588588, 21.0319084 ], [ 105.8588494, 21.0319223 ], [ 105.8588453, 21.0319199 ], [ 105.8588351, 21.0319349 ] ] ] } },
{ "type": "Feature", "properties": { "element": "way", "id": 1359850704, "estimated_height": 12.0 }, "geometry": { "type": "Polygon", "coordinates": [ [ [ 105.8587449, 21.0318512 ], [ 105.858725, 21.0318784 ], [ 105.858773600000021, 21.0319094 ], [ 105.8587935, 21.0318822 ], [ 105.8587449, 21.0318512 ] ] ] } },
{ "type": "Feature", "properties": { "element": "way", "id": 1359850705, "estimated_height": 12.0 }, "geometry": { "type": "Polygon", "coordinates": [ [ [ 105.8586409, 21.0318008 ], [ 105.8586218, 21.0318284 ], [ 105.8586875, 21.0318681 ], [ 105.8587066, 21.0318406 ], [ 105.8586409, 21.0318008 ] ] ] } },
{ "type": "Feature", "properties": { "element": "way", "id": 1359850706, "estimated_height": 12.0 }, "geometry": { "type": "Polygon", "coordinates": [ [ [ 105.8585955, 21.0319198 ], [ 105.8586384, 21.0319468 ], [ 105.8586571, 21.0319211 ], [ 105.8586142, 21.031894 ], [ 105.8585955, 21.0319198 ] ] ] } },
{ "type": "Feature", "properties": { "element": "way", "id": 1359850707, "estimated_height": 12.0 }, "geometry": { "type": "Polygon", "coordinates": [ [ [ 105.8585699, 21.0319404 ], [ 105.8586258, 21.0319734 ], [ 105.8586411, 21.0319508 ], [ 105.8585851, 21.0319178 ], [ 105.8585699, 21.0319404 ] ] ] } },
{ "type": "Feature", "properties": { "element": "way", "id": 1359850708, "estimated_height": 12.0 }, "geometry": { "type": "Polygon", "coordinates": [ [ [ 105.8585673, 21.031932 ], [ 105.8585801, 21.0319148 ], [ 105.8585599, 21.0319017 ], [ 105.8585472, 21.031919 ], [ 105.8585673, 21.031932 ] ] ] } },
{ "type": "Feature", "properties": { "element": "way", "id": 1359850709, "estimated_height": 12.0 }, "geometry": { "type": "Polygon", "coordinates": [ [ [ 105.858533300000019, 21.0319417 ], [ 105.8585017, 21.0319791 ], [ 105.8585661, 21.0320264 ], [ 105.8585977, 21.0319889 ], [ 105.858533300000019, 21.0319417 ] ] ] } },
{ "type": "Feature", "properties": { "element": "way", "id": 1359850710, "estimated_height": 12.0 }, "geometry": { "type": "Polygon", "coordinates": [ [ [ 105.8587955, 21.0318891 ], [ 105.8588428, 21.0319193 ], [ 105.8588814, 21.0318668 ], [ 105.8588341, 21.0318365 ], [ 105.8587955, 21.0318891 ] ] ] } },
{ "type": "Feature", "properties": { "element": "way", "id": 1359851287, "estimated_height": 12.0 }, "geometry": { "type": "Polygon", "coordinates": [ [ [ 105.8582879, 21.029722 ], [ 105.858316700000017, 21.0297312 ], [ 105.8583422, 21.0296617 ], [ 105.8583134, 21.0296525 ], [ 105.8582879, 21.029722 ] ] ] } },
{ "type": "Feature", "properties": { "element": "way", "id": 1359851288, "estimated_height": 12.0 }, "geometry": { "type": "Polygon", "coordinates": [ [ [ 105.8586211, 21.0298518 ], [ 105.858666, 21.0298704 ], [ 105.85868720000002, 21.029826 ], [ 105.8586423, 21.0298074 ], [ 105.8586211, 21.0298518 ] ] ] } },
{ "type": "Feature", "properties": { "element": "way", "id": 1359851289, "estimated_height": 12.0 }, "geometry": { "type": "Polygon", "coordinates": [ [ [ 105.8586245, 21.029744 ], [ 105.8586629, 21.0297581 ], [ 105.8586806, 21.029716 ], [ 105.85864220000002, 21.0297019 ], [ 105.8586245, 21.029744 ] ] ] } },
{ "type": "Feature", "properties": { "element": "way", "id": 1359851290, "estimated_height": 12.0 }, "geometry": { "type": "Polygon", "coordinates": [ [ [ 105.8585127, 21.0297498 ], [ 105.8584996, 21.0297843 ], [ 105.8585474, 21.0298001 ], [ 105.8585605, 21.0297656 ], [ 105.8585127, 21.0297498 ] ] ] } },
{ "type": "Feature", "properties": { "element": "way", "id": 1359851291, "estimated_height": 12.0 }, "geometry": { "type": "Polygon", "coordinates": [ [ [ 105.8585618, 21.0298658 ], [ 105.8585959, 21.0298799 ], [ 105.8586138, 21.0298422 ], [ 105.8585797, 21.0298281 ], [ 105.8585618, 21.0298658 ] ] ] } },
{ "type": "Feature", "properties": { "element": "way", "id": 1359851292, "estimated_height": 12.0 }, "geometry": { "type": "Polygon", "coordinates": [ [ [ 105.8586594, 21.0297589 ], [ 105.8586384, 21.0297949 ], [ 105.8587001, 21.0298262 ], [ 105.8587211, 21.0297902 ], [ 105.8586594, 21.0297589 ] ] ] } },
{ "type": "Feature", "properties": { "element": "way", "id": 1360489630, "estimated_height": 12.0 }, "geometry": { "type": "Polygon", "coordinates": [ [ [ 105.8586115, 21.0320162 ], [ 105.8586853, 21.0320513 ], [ 105.8586998, 21.0320247 ], [ 105.858626, 21.0319896 ], [ 105.8586115, 21.0320162 ] ] ] } },
{ "type": "Feature", "properties": { "element": "way", "id": 1360489631, "estimated_height": 12.0 }, "geometry": { "type": "Polygon", "coordinates": [ [ [ 105.858682, 21.0319941 ], [ 105.8586917, 21.0319746 ], [ 105.8587632, 21.0320056 ], [ 105.8587535, 21.0320251 ], [ 105.858682, 21.0319941 ] ] ] } },
{ "type": "Feature", "properties": { "element": "way", "id": 1360489632, "estimated_height": 12.0 }, "geometry": { "type": "Polygon", "coordinates": [ [ [ 105.8587722, 21.0319207 ], [ 105.8587849, 21.0319013 ], [ 105.8587943, 21.0319067 ], [ 105.858796500000011, 21.0319035 ], [ 105.8588386, 21.0319276 ], [ 105.85882380000001, 21.0319502 ], [ 105.8587722, 21.0319207 ] ] ] } },
{ "type": "Feature", "properties": { "element": "way", "id": 1360489634, "estimated_height": 12.0 }, "geometry": { "type": "Polygon", "coordinates": [ [ [ 105.8589084, 21.0319594 ], [ 105.8589548, 21.0319797 ], [ 105.8589809, 21.031928 ], [ 105.8589344, 21.0319076 ], [ 105.8589084, 21.0319594 ] ] ] } },
{ "type": "Feature", "properties": { "element": "way", "id": 1360489635, "estimated_height": 12.0 }, "geometry": { "type": "Polygon", "coordinates": [ [ [ 105.8589466, 21.0320237 ], [ 105.8589778, 21.0320334 ], [ 105.859007, 21.0319511 ], [ 105.8589758, 21.0319415 ], [ 105.8589466, 21.0320237 ] ] ] } },
{ "type": "Feature", "properties": { "element": "way", "id": 1360489637, "estimated_height": 12.0 }, "geometry": { "type": "Polygon", "coordinates": [ [ [ 105.858984, 21.0321133 ], [ 105.8590007, 21.0321195 ], [ 105.8590026, 21.0321152 ], [ 105.8590453, 21.0321312 ], [ 105.8590628, 21.0320901 ], [ 105.8590256, 21.0320763 ], [ 105.8590315, 21.0320624 ], [ 105.8590092, 21.0320541 ], [ 105.858984, 21.0321133 ] ] ] } },
{ "type": "Feature", "properties": { "element": "way", "id": 1360489638, "estimated_height": 12.0 }, "geometry": { "type": "Polygon", "coordinates": [ [ [ 105.8589498, 21.032235 ], [ 105.8589819, 21.0322495 ], [ 105.8590043, 21.0322066 ], [ 105.8589722, 21.032192 ], [ 105.8589498, 21.032235 ] ] ] } },
{ "type": "Feature", "properties": { "element": "way", "id": 1360489639, "estimated_height": 12.0 }, "geometry": { "type": "Polygon", "coordinates": [ [ [ 105.858952, 21.0321645 ], [ 105.8589748, 21.0321735 ], [ 105.8589783, 21.0321658 ], [ 105.8590134, 21.0321797 ], [ 105.859025, 21.0321544 ], [ 105.8590338, 21.0321579 ], [ 105.85904, 21.0321444 ], [ 105.8589731, 21.0321179 ], [ 105.858952, 21.0321645 ] ] ] } },
{ "type": "Feature", "properties": { "element": "way", "id": 1360489653, "estimated_height": 12.0 }, "geometry": { "type": "Polygon", "coordinates": [ [ [ 105.8589823, 21.0322957 ], [ 105.8590354, 21.0323217 ], [ 105.8590878, 21.0322285 ], [ 105.8590647, 21.0322172 ], [ 105.8590674, 21.0322124 ], [ 105.859089, 21.032223 ], [ 105.8591094, 21.0321868 ], [ 105.8590577, 21.0321615 ], [ 105.8589823, 21.0322957 ] ] ] } },
{ "type": "Feature", "properties": { "element": "way", "id": 1360489687, "estimated_height": 12.0 }, "geometry": { "type": "Polygon", "coordinates": [ [ [ 105.8588418, 21.0316066 ], [ 105.8588582, 21.0315779 ], [ 105.8588804, 21.0315889 ], [ 105.8588641, 21.0316177 ], [ 105.8588418, 21.0316066 ] ] ] } },
{ "type": "Feature", "properties": { "element": "way", "id": 1360489703, "estimated_height": 12.0 }, "geometry": { "type": "Polygon", "coordinates": [ [ [ 105.8587673, 21.0320026 ], [ 105.858776800000015, 21.0319892 ], [ 105.858831, 21.0320227 ], [ 105.8588215, 21.0320361 ], [ 105.8587673, 21.0320026 ] ] ] } },
{ "type": "Feature", "properties": { "element": "way", "id": 1360625157, "estimated_height": 12.0 }, "geometry": { "type": "Polygon", "coordinates": [ [ [ 105.8588914, 21.0274707 ], [ 105.8589974, 21.0275243 ], [ 105.8590414, 21.0274486 ], [ 105.8589353, 21.027395 ], [ 105.8588914, 21.0274707 ] ] ] } },
{ "type": "Feature", "properties": { "element": "way", "id": 1360625158, "estimated_height": 12.0 }, "geometry": { "type": "Polygon", "coordinates": [ [ [ 105.8589335, 21.0273783 ], [ 105.8589509, 21.0273469 ], [ 105.8590608, 21.0273999 ], [ 105.8590434, 21.0274313 ], [ 105.8589335, 21.0273783 ] ] ] } },
{ "type": "Feature", "properties": { "element": "way", "id": 1360626540, "estimated_height": 12.0 }, "geometry": { "type": "Polygon", "coordinates": [ [ [ 105.8589499, 21.0273334 ], [ 105.8589759, 21.0272867 ], [ 105.8589882, 21.0272925 ], [ 105.859031, 21.0273151 ], [ 105.8590044, 21.0273598 ], [ 105.8589499, 21.0273334 ] ] ] } },
{ "type": "Feature", "properties": { "element": "way", "id": 1360626541, "estimated_height": 12.0 }, "geometry": { "type": "Polygon", "coordinates": [ [ [ 105.8589882, 21.0272925 ], [ 105.8590173, 21.0272445 ], [ 105.8590601, 21.0272672 ], [ 105.859031, 21.0273151 ], [ 105.8589882, 21.0272925 ] ] ] } },
{ "type": "Feature", "properties": { "element": "way", "id": 1361607765, "estimated_height": 12.0 }, "geometry": { "type": "Polygon", "coordinates": [ [ [ 105.8564015, 21.0323998 ], [ 105.8564229, 21.0323596 ], [ 105.8565395, 21.0323997 ], [ 105.8565166, 21.0324441 ], [ 105.8564015, 21.0323998 ] ] ] } },
{ "type": "Feature", "properties": { "element": "way", "id": 1361607766, "estimated_height": 12.0 }, "geometry": { "type": "Polygon", "coordinates": [ [ [ 105.8563536, 21.0324948 ], [ 105.8563653, 21.032463 ], [ 105.8563993, 21.0324789 ], [ 105.8563861, 21.0325067 ], [ 105.8563536, 21.0324948 ] ] ] } },
{ "type": "Feature", "properties": { "element": "way", "id": 1361607767, "estimated_height": 12.0 }, "geometry": { "type": "Polygon", "coordinates": [ [ [ 105.856413500000016, 21.0325156 ], [ 105.8564245, 21.0324901 ], [ 105.8564688, 21.0325064 ], [ 105.8564587, 21.0325345 ], [ 105.856413500000016, 21.0325156 ] ] ] } },
{ "type": "Feature", "properties": { "element": "way", "id": 1361607768, "estimated_height": 12.0 }, "geometry": { "type": "Polygon", "coordinates": [ [ [ 105.8564407, 21.0324688 ], [ 105.856455700000012, 21.0324361 ], [ 105.8564891, 21.0324493 ], [ 105.8564703, 21.0324829 ], [ 105.8564407, 21.0324688 ] ] ] } },
{ "type": "Feature", "properties": { "element": "way", "id": 1361607769, "estimated_height": 12.0 }, "geometry": { "type": "Polygon", "coordinates": [ [ [ 105.856522, 21.0324594 ], [ 105.8565573, 21.0323828 ], [ 105.8566041, 21.0324062 ], [ 105.8565593, 21.0324757 ], [ 105.856522, 21.0324594 ] ] ] } },
{ "type": "Feature", "properties": { "element": "way", "id": 1361607770, "estimated_height": 12.0 }, "geometry": { "type": "Polygon", "coordinates": [ [ [ 105.8566136, 21.0325336 ], [ 105.8566388, 21.0324828 ], [ 105.856725, 21.0325253 ], [ 105.8566973, 21.0325699 ], [ 105.8566136, 21.0325336 ] ] ] } },
{ "type": "Feature", "properties": { "element": "way", "id": 1361607771, "estimated_height": 12.0 }, "geometry": { "type": "Polygon", "coordinates": [ [ [ 105.8566504, 21.0324579 ], [ 105.856665, 21.0324253 ], [ 105.8568222, 21.0324865 ], [ 105.8567979, 21.0325152 ], [ 105.8566504, 21.0324579 ] ] ] } },
{ "type": "Feature", "properties": { "element": "way", "id": 1361692658, "estimated_height": 12.0 }, "geometry": { "type": "Polygon", "coordinates": [ [ [ 105.85695, 21.0318452 ], [ 105.8568638, 21.0318124 ], [ 105.8568844, 21.0317654 ], [ 105.8569706, 21.0317982 ], [ 105.85695, 21.0318452 ] ] ] } },
{ "type": "Feature", "properties": { "element": "way", "id": 1361692659, "estimated_height": 12.0 }, "geometry": { "type": "Polygon", "coordinates": [ [ [ 105.856976500000016, 21.0317807 ], [ 105.8568938, 21.0317477 ], [ 105.8569149, 21.0317014 ], [ 105.8569977, 21.0317344 ], [ 105.856976500000016, 21.0317807 ] ] ] } },
{ "type": "Feature", "properties": { "element": "way", "id": 1361692660, "estimated_height": 12.0 }, "geometry": { "type": "Polygon", "coordinates": [ [ [ 105.8571941, 21.0316279 ], [ 105.8571632, 21.0316199 ], [ 105.8571355, 21.0317021 ], [ 105.8571637, 21.0317111 ], [ 105.8571941, 21.0316279 ] ] ] } },
{ "type": "Feature", "properties": { "element": "way", "id": 1361692661, "estimated_height": 12.0 }, "geometry": { "type": "Polygon", "coordinates": [ [ [ 105.8571279, 21.0316049 ], [ 105.8571632, 21.0316199 ], [ 105.8571349, 21.0316779 ], [ 105.8570996, 21.0316629 ], [ 105.8571279, 21.0316049 ] ] ] } },
{ "type": "Feature", "properties": { "element": "way", "id": 1361692662, "estimated_height": 12.0 }, "geometry": { "type": "Polygon", "coordinates": [ [ [ 105.8567726, 21.0316353 ], [ 105.8568596, 21.0316738 ], [ 105.85682820000001, 21.0317357 ], [ 105.8567412, 21.0316972 ], [ 105.8567726, 21.0316353 ] ] ] } },
{ "type": "Feature", "properties": { "element": "way", "id": 1361692663, "estimated_height": 12.0 }, "geometry": { "type": "Polygon", "coordinates": [ [ [ 105.8566425, 21.0319077 ], [ 105.8566663, 21.0318516 ], [ 105.85677, 21.03189 ], [ 105.8567461, 21.0319461 ], [ 105.8566425, 21.0319077 ] ] ] } },
{ "type": "Feature", "properties": { "element": "way", "id": 1361692664, "estimated_height": 12.0 }, "geometry": { "type": "Polygon", "coordinates": [ [ [ 105.8566778, 21.0318393 ], [ 105.8567289, 21.0317203 ], [ 105.8568681, 21.0317724 ], [ 105.856817, 21.0318914 ], [ 105.8566778, 21.0318393 ] ] ] } },
{ "type": "Feature", "properties": { "element": "way", "id": 1361705539, "estimated_height": 12.0 }, "geometry": { "type": "Polygon", "coordinates": [ [ [ 105.8536086, 21.0248083 ], [ 105.8536944, 21.0247858 ], [ 105.8536287, 21.0246481 ], [ 105.8535496, 21.0246819 ], [ 105.8536086, 21.0248083 ] ] ] } },
{ "type": "Feature", "properties": { "element": "way", "id": 1361705540, "estimated_height": 12.0 }, "geometry": { "type": "Polygon", "coordinates": [ [ [ 105.8536649, 21.0248409 ], [ 105.8537132, 21.0248309 ], [ 105.8536984, 21.0247958 ], [ 105.8536501, 21.0248071 ], [ 105.8536649, 21.0248409 ] ] ] } },
{ "type": "Feature", "properties": { "element": "way", "id": 1361705541, "estimated_height": 12.0 }, "geometry": { "type": "Polygon", "coordinates": [ [ [ 105.8539197, 21.0248847 ], [ 105.8539881, 21.0248684 ], [ 105.853982700000017, 21.0248209 ], [ 105.8539103, 21.0248334 ], [ 105.8539197, 21.0248847 ] ] ] } },
{ "type": "Feature", "properties": { "element": "way", "id": 1361705542, "estimated_height": 12.0 }, "geometry": { "type": "Polygon", "coordinates": [ [ [ 105.8539653, 21.0249298 ], [ 105.854019, 21.0249198 ], [ 105.8540082, 21.0248722 ], [ 105.8539546, 21.024886 ], [ 105.8539653, 21.0249298 ] ] ] } },
{ "type": "Feature", "properties": { "element": "way", "id": 1361705543, "estimated_height": 12.0 }, "geometry": { "type": "Polygon", "coordinates": [ [ [ 105.8541658, 21.0242884 ], [ 105.8542279, 21.0242795 ], [ 105.8542103, 21.0242179 ], [ 105.854182, 21.0242191 ], [ 105.8541685, 21.024199 ], [ 105.854136200000013, 21.0242116 ], [ 105.8541658, 21.0242884 ] ] ] } },
{ "type": "Feature", "properties": { "element": "way", "id": 1361708625, "estimated_height": 12.0 }, "geometry": { "type": "Polygon", "coordinates": [ [ [ 105.8584892, 21.0289826 ], [ 105.8586208, 21.029033 ], [ 105.8586522, 21.0289734 ], [ 105.8585177, 21.0289093 ], [ 105.8584892, 21.0289826 ] ] ] } },
{ "type": "Feature", "properties": { "element": "way", "id": 1361712263, "estimated_height": 12.0 }, "geometry": { "type": "Polygon", "coordinates": [ [ [ 105.8496082, 21.0285549 ], [ 105.8496242, 21.028519 ], [ 105.84953010000001, 21.0284823 ], [ 105.849521, 21.0285025 ], [ 105.8494848, 21.0284884 ], [ 105.8494712, 21.0285189 ], [ 105.8495075, 21.0285331 ], [ 105.8495142, 21.0285182 ], [ 105.8496082, 21.0285549 ] ] ] } },
{ "type": "Feature", "properties": { "element": "way", "id": 1361712265, "estimated_height": 12.0 }, "geometry": { "type": "Polygon", "coordinates": [ [ [ 105.8498437, 21.0279451 ], [ 105.8498775, 21.0278394 ], [ 105.8498177, 21.0278228 ], [ 105.8497839, 21.0279284 ], [ 105.8498437, 21.0279451 ] ] ] } },
{ "type": "Feature", "properties": { "element": "way", "id": 1361712266, "estimated_height": 12.0 }, "geometry": { "type": "Polygon", "coordinates": [ [ [ 105.8495628, 21.0286733 ], [ 105.8495333, 21.0287428 ], [ 105.8493851, 21.0286833 ], [ 105.8494415, 21.0285631 ], [ 105.8495259, 21.0286007 ], [ 105.8495005, 21.0286514 ], [ 105.8495628, 21.0286733 ] ] ] } },
{ "type": "Feature", "properties": { "element": "way", "id": 1361712267, "estimated_height": 12.0 }, "geometry": { "type": "Polygon", "coordinates": [ [ [ 105.8495778, 21.0286213 ], [ 105.8496054, 21.0285626 ], [ 105.8495197, 21.0285274 ], [ 105.849513, 21.0285417 ], [ 105.849487, 21.028531 ], [ 105.849466, 21.0285754 ], [ 105.8495778, 21.0286213 ] ] ] } },
{ "type": "Feature", "properties": { "element": "way", "id": 1361712826, "estimated_height": 12.0 }, "geometry": { "type": "Polygon", "coordinates": [ [ [ 105.8580841, 21.0293456 ], [ 105.8580553, 21.0294149 ], [ 105.8580191, 21.0294018 ], [ 105.8580513, 21.0293293 ], [ 105.8580841, 21.0293456 ] ] ] } },
{ "type": "Feature", "properties": { "element": "way", "id": 1361712827, "estimated_height": 12.0 }, "geometry": { "type": "Polygon", "coordinates": [ [ [ 105.8580968, 21.0293462 ], [ 105.858054, 21.0294393 ], [ 105.8580935, 21.0294512 ], [ 105.858143, 21.0293643 ], [ 105.8580968, 21.0293462 ] ] ] } },
{ "type": "Feature", "properties": { "element": "way", "id": 1361712828, "estimated_height": 12.0 }, "geometry": { "type": "Polygon", "coordinates": [ [ [ 105.8581537, 21.0294712 ], [ 105.858193300000011, 21.0293793 ], [ 105.858171200000015, 21.0293631 ], [ 105.858131, 21.0294637 ], [ 105.8581537, 21.0294712 ] ] ] } },
{ "type": "Feature", "properties": { "element": "way", "id": 1361712829, "estimated_height": 12.0 }, "geometry": { "type": "Polygon", "coordinates": [ [ [ 105.8582334, 21.0294893 ], [ 105.8582133, 21.0294818 ], [ 105.858252800000017, 21.0293974 ], [ 105.8582756, 21.0294081 ], [ 105.8582334, 21.0294893 ] ] ] } },
{ "type": "Feature", "properties": { "element": "way", "id": 1361712830, "estimated_height": 12.0 }, "geometry": { "type": "Polygon", "coordinates": [ [ [ 105.8581799, 21.0294756 ], [ 105.8582107, 21.0294849 ], [ 105.858252800000017, 21.0293974 ], [ 105.8582153, 21.0293843 ], [ 105.8581799, 21.0294756 ] ] ] } },
{ "type": "Feature", "properties": { "element": "way", "id": 1361712831, "estimated_height": 12.0 }, "geometry": { "type": "Polygon", "coordinates": [ [ [ 105.8580078, 21.0293049 ], [ 105.8579716, 21.0293968 ], [ 105.8580091, 21.0294112 ], [ 105.858052, 21.0293237 ], [ 105.8580078, 21.0293049 ] ] ] } },
{ "type": "Feature", "properties": { "element": "way", "id": 1361712832, "estimated_height": 12.0 }, "geometry": { "type": "Polygon", "coordinates": [ [ [ 105.8578772, 21.0293424 ], [ 105.8579274, 21.0293618 ], [ 105.8579127, 21.0294331 ], [ 105.8578497, 21.0294112 ], [ 105.8578772, 21.0293424 ] ] ] } },
{ "type": "Feature", "properties": { "element": "way", "id": 1361712833, "estimated_height": 12.0 }, "geometry": { "type": "Polygon", "coordinates": [ [ [ 105.8578203, 21.0296143 ], [ 105.8577747, 21.0295943 ], [ 105.857797500000018, 21.0295274 ], [ 105.8578524, 21.0295418 ], [ 105.8578203, 21.0296143 ] ] ] } },
{ "type": "Feature", "properties": { "element": "way", "id": 1361712834, "estimated_height": 12.0 }, "geometry": { "type": "Polygon", "coordinates": [ [ [ 105.8576763, 21.0302525 ], [ 105.8576234, 21.0302318 ], [ 105.857673, 21.0301387 ], [ 105.8577272, 21.0301506 ], [ 105.8576763, 21.0302525 ] ] ] } },
{ "type": "Feature", "properties": { "element": "way", "id": 1361712835, "estimated_height": 12.0 }, "geometry": { "type": "Polygon", "coordinates": [ [ [ 105.8572768, 21.0312811 ], [ 105.8573243, 21.0312987 ], [ 105.8572255, 21.0315307 ], [ 105.857059, 21.0314689 ], [ 105.8570759, 21.0314291 ], [ 105.8571956, 21.0314732 ], [ 105.8572768, 21.0312811 ] ] ] } },
{ "type": "Feature", "properties": { "element": "way", "id": 1361717011, "estimated_height": 12.0 }, "geometry": { "type": "Polygon", "coordinates": [ [ [ 105.851694900000012, 21.0254309 ], [ 105.8517622, 21.0254263 ], [ 105.8517594, 21.0253917 ], [ 105.8516921, 21.0253964 ], [ 105.851694900000012, 21.0254309 ] ] ] } },
{ "type": "Feature", "properties": { "element": "way", "id": 1361717012, "estimated_height": 12.0 }, "geometry": { "type": "Polygon", "coordinates": [ [ [ 105.8517743, 21.0254329 ], [ 105.8518329, 21.0254258 ], [ 105.8518268, 21.0253815 ], [ 105.8517681, 21.0253886 ], [ 105.8517743, 21.0254329 ] ] ] } },
{ "type": "Feature", "properties": { "element": "way", "id": 1361717013, "estimated_height": 12.0 }, "geometry": { "type": "Polygon", "coordinates": [ [ [ 105.8517275, 21.0253625 ], [ 105.8517681, 21.0253591 ], [ 105.8517646, 21.025323 ], [ 105.851724, 21.0253264 ], [ 105.8517275, 21.0253625 ] ] ] } },
{ "type": "Feature", "properties": { "element": "way", "id": 1361717014, "estimated_height": 12.0 }, "geometry": { "type": "Polygon", "coordinates": [ [ [ 105.851782, 21.0253512 ], [ 105.85184, 21.0253447 ], [ 105.8518353, 21.0253083 ], [ 105.8517773, 21.0253148 ], [ 105.851782, 21.0253512 ] ] ] } },
{ "type": "Feature", "properties": { "element": "way", "id": 1361717015, "estimated_height": 12.0 }, "geometry": { "type": "Polygon", "coordinates": [ [ [ 105.852104, 21.0255017 ], [ 105.8521638, 21.0254867 ], [ 105.8521321, 21.0253759 ], [ 105.8520723, 21.0253908 ], [ 105.852104, 21.0255017 ] ] ] } },
{ "type": "Feature", "properties": { "element": "way", "id": 1361717016, "estimated_height": 12.0 }, "geometry": { "type": "Polygon", "coordinates": [ [ [ 105.8519523, 21.0253113 ], [ 105.8519938, 21.0253063 ], [ 105.851988, 21.0252636 ], [ 105.8519464, 21.0252686 ], [ 105.8519523, 21.0253113 ] ] ] } },
{ "type": "Feature", "properties": { "element": "way", "id": 1361717017, "estimated_height": 12.0 }, "geometry": { "type": "Polygon", "coordinates": [ [ [ 105.8518875, 21.0253254 ], [ 105.8519459, 21.0253152 ], [ 105.8519371, 21.0252716 ], [ 105.8518787, 21.0252819 ], [ 105.8518875, 21.0253254 ] ] ] } },
{ "type": "Feature", "properties": { "element": "way", "id": 1361717018, "estimated_height": 12.0 }, "geometry": { "type": "Polygon", "coordinates": [ [ [ 105.8518481, 21.0253513 ], [ 105.8518766, 21.0253485 ], [ 105.8518715, 21.0253022 ], [ 105.8518429, 21.0253049 ], [ 105.8518481, 21.0253513 ] ] ] } },
{ "type": "Feature", "properties": { "element": "way", "id": 1361717019, "estimated_height": 12.0 }, "geometry": { "type": "Polygon", "coordinates": [ [ [ 105.8518619, 21.0253688 ], [ 105.8518843, 21.0253992 ], [ 105.8520014, 21.0253782 ], [ 105.851989, 21.0253178 ], [ 105.8518843, 21.0253366 ], [ 105.8518619, 21.0253688 ] ] ] } },
{ "type": "Feature", "properties": { "element": "way", "id": 1361717020, "estimated_height": 12.0 }, "geometry": { "type": "Polygon", "coordinates": [ [ [ 105.852695, 21.0252808 ], [ 105.8528067, 21.0252741 ], [ 105.8527987, 21.0251574 ], [ 105.8526869, 21.0251641 ], [ 105.852695, 21.0252808 ] ] ] } },
{ "type": "Feature", "properties": { "element": "way", "id": 1361717021, "estimated_height": 12.0 }, "geometry": { "type": "Polygon", "coordinates": [ [ [ 105.8522022, 21.0242636 ], [ 105.8522363, 21.0243608 ], [ 105.8520436, 21.0244198 ], [ 105.8520094, 21.0243226 ], [ 105.8522022, 21.0242636 ] ] ] } },
{ "type": "Feature", "properties": { "element": "way", "id": 1361717022, "estimated_height": 12.0 }, "geometry": { "type": "Polygon", "coordinates": [ [ [ 105.8520383, 21.0242329 ], [ 105.8521068, 21.0242154 ], [ 105.8520816, 21.0241292 ], [ 105.8520131, 21.0241466 ], [ 105.8520383, 21.0242329 ] ] ] } },
{ "type": "Feature", "properties": { "element": "way", "id": 1361717023, "estimated_height": 12.0 }, "geometry": { "type": "Polygon", "coordinates": [ [ [ 105.8518923, 21.0244156 ], [ 105.8519342, 21.0244056 ], [ 105.8519217, 21.0243601 ], [ 105.8518799, 21.02437 ], [ 105.8518923, 21.0244156 ] ] ] } },
{ "type": "Feature", "properties": { "element": "way", "id": 1361717024, "estimated_height": 12.0 }, "geometry": { "type": "Polygon", "coordinates": [ [ [ 105.8518944, 21.0243215 ], [ 105.8520207, 21.0243055 ], [ 105.8520063, 21.0242064 ], [ 105.85188, 21.0242223 ], [ 105.8518944, 21.0243215 ] ] ] } },
{ "type": "Feature", "properties": { "element": "way", "id": 1361717025, "estimated_height": 12.0 }, "geometry": { "type": "Polygon", "coordinates": [ [ [ 105.851846400000014, 21.0242124 ], [ 105.8519681, 21.0241884 ], [ 105.8519484, 21.0241014 ], [ 105.8518267, 21.0241254 ], [ 105.851846400000014, 21.0242124 ] ] ] } },
{ "type": "Feature", "properties": { "element": "way", "id": 1361717026, "estimated_height": 12.0 }, "geometry": { "type": "Polygon", "coordinates": [ [ [ 105.8520139, 21.0241268 ], [ 105.852084, 21.0241106 ], [ 105.8520613, 21.024025 ], [ 105.8519912, 21.0240412 ], [ 105.8520139, 21.0241268 ] ] ] } },
{ "type": "Feature", "properties": { "element": "way", "id": 1361717027, "estimated_height": 12.0 }, "geometry": { "type": "Polygon", "coordinates": [ [ [ 105.8522856, 21.0243205 ], [ 105.8527509, 21.0242131 ], [ 105.8526643, 21.0238862 ], [ 105.852199, 21.0239935 ], [ 105.8522856, 21.0243205 ] ] ] } },
{ "type": "Feature", "properties": { "element": "way", "id": 1361717046, "estimated_height": 12.0 }, "geometry": { "type": "Polygon", "coordinates": [ [ [ 105.8563746, 21.0328632 ], [ 105.8563169, 21.0328402 ], [ 105.856332, 21.032807 ], [ 105.856389800000017, 21.03283 ], [ 105.8563746, 21.0328632 ] ] ] } },
{ "type": "Feature", "properties": { "element": "way", "id": 1361717047, "estimated_height": 12.0 }, "geometry": { "type": "Polygon", "coordinates": [ [ [ 105.8563737, 21.0328953 ], [ 105.856396, 21.0328498 ], [ 105.8564482, 21.0328722 ], [ 105.8564259, 21.0329176 ], [ 105.8563737, 21.0328953 ] ] ] } },
{ "type": "Feature", "properties": { "element": "way", "id": 1361717048, "estimated_height": 12.0 }, "geometry": { "type": "Polygon", "coordinates": [ [ [ 105.8564315, 21.0329171 ], [ 105.8564516, 21.0328751 ], [ 105.8564778, 21.032886 ], [ 105.8564577, 21.032928 ], [ 105.8564315, 21.0329171 ] ] ] } },
{ "type": "Feature", "properties": { "element": "way", "id": 1361717049, "estimated_height": 12.0 }, "geometry": { "type": "Polygon", "coordinates": [ [ [ 105.8564895, 21.032842 ], [ 105.8565205, 21.0327735 ], [ 105.8564825, 21.0327586 ], [ 105.8564516, 21.0328271 ], [ 105.8564895, 21.032842 ] ] ] } },
{ "type": "Feature", "properties": { "element": "way", "id": 1361717050, "estimated_height": 12.0 }, "geometry": { "type": "Polygon", "coordinates": [ [ [ 105.856494, 21.0327556 ], [ 105.8565214, 21.0326997 ], [ 105.8565476, 21.0327109 ], [ 105.8565201, 21.0327668 ], [ 105.856494, 21.0327556 ] ] ] } },
{ "type": "Feature", "properties": { "element": "way", "id": 1361717051, "estimated_height": 12.0 }, "geometry": { "type": "Polygon", "coordinates": [ [ [ 105.8565161, 21.0326935 ], [ 105.8565299, 21.0326668 ], [ 105.8565632, 21.0326819 ], [ 105.856549300000012, 21.0327086 ], [ 105.8565161, 21.0326935 ] ] ] } },
{ "type": "Feature", "properties": { "element": "way", "id": 1361717052, "estimated_height": 12.0 }, "geometry": { "type": "Polygon", "coordinates": [ [ [ 105.8562279, 21.0328346 ], [ 105.85623990000002, 21.0328062 ], [ 105.8562128, 21.0327963 ], [ 105.8562009, 21.0328247 ], [ 105.8562279, 21.0328346 ] ] ] } },
{ "type": "Feature", "properties": { "element": "way", "id": 1361717053, "estimated_height": 12.0 }, "geometry": { "type": "Polygon", "coordinates": [ [ [ 105.8563462, 21.032783 ], [ 105.8563653, 21.032742 ], [ 105.856304, 21.0327171 ], [ 105.8562849, 21.0327582 ], [ 105.8563462, 21.032783 ] ] ] } },
{ "type": "Feature", "properties": { "element": "way", "id": 1361717054, "estimated_height": 12.0 }, "geometry": { "type": "Polygon", "coordinates": [ [ [ 105.856369700000016, 21.0327496 ], [ 105.8563999, 21.0326828 ], [ 105.8564582, 21.0327058 ], [ 105.8564281, 21.0327726 ], [ 105.856369700000016, 21.0327496 ] ] ] } },
{ "type": "Feature", "properties": { "element": "way", "id": 1361717055, "estimated_height": 12.0 }, "geometry": { "type": "Polygon", "coordinates": [ [ [ 105.8563418, 21.0326857 ], [ 105.856367, 21.0326166 ], [ 105.8563119, 21.0325991 ], [ 105.8562867, 21.0326682 ], [ 105.8563418, 21.0326857 ] ] ] } },
{ "type": "Feature", "properties": { "element": "way", "id": 1361717056, "estimated_height": 12.0 }, "geometry": { "type": "Polygon", "coordinates": [ [ [ 105.8563794, 21.0325802 ], [ 105.8563449, 21.0325628 ], [ 105.8563594, 21.0325378 ], [ 105.8563939, 21.0325552 ], [ 105.8563794, 21.0325802 ] ] ] } },
{ "type": "Feature", "properties": { "element": "way", "id": 1361717057, "estimated_height": 12.0 }, "geometry": { "type": "Polygon", "coordinates": [ [ [ 105.8562839, 21.032828 ], [ 105.8563017, 21.0327906 ], [ 105.8563292, 21.0328019 ], [ 105.85631140000001, 21.0328394 ], [ 105.8562839, 21.032828 ] ] ] } },
{ "type": "Feature", "properties": { "element": "way", "id": 1361717058, "estimated_height": 12.0 }, "geometry": { "type": "Polygon", "coordinates": [ [ [ 105.8564864, 21.032622 ], [ 105.856503, 21.0325916 ], [ 105.8565779, 21.0326271 ], [ 105.856561400000018, 21.0326575 ], [ 105.8564864, 21.032622 ] ] ] } },
{ "type": "Feature", "properties": { "element": "way", "id": 1361717059, "estimated_height": 12.0 }, "geometry": { "type": "Polygon", "coordinates": [ [ [ 105.8562382, 21.0327265 ], [ 105.8562624, 21.0326849 ], [ 105.8563075, 21.0327077 ], [ 105.8562834, 21.0327493 ], [ 105.8562382, 21.0327265 ] ] ] } },
{ "type": "Feature", "properties": { "element": "way", "id": 1361717060, "estimated_height": 12.0 }, "geometry": { "type": "Polygon", "coordinates": [ [ [ 105.8564222, 21.0330005 ], [ 105.856449, 21.0329454 ], [ 105.8564088, 21.0329284 ], [ 105.856382, 21.0329835 ], [ 105.8564222, 21.0330005 ] ] ] } },
{ "type": "Feature", "properties": { "element": "way", "id": 1361717061, "estimated_height": 12.0 }, "geometry": { "type": "Polygon", "coordinates": [ [ [ 105.8563359, 21.0329608 ], [ 105.856362, 21.0329086 ], [ 105.8564035, 21.0329267 ], [ 105.8563774, 21.0329789 ], [ 105.8563359, 21.0329608 ] ] ] } },
{ "type": "Feature", "properties": { "element": "way", "id": 1361719840, "estimated_height": 12.0 }, "geometry": { "type": "Polygon", "coordinates": [ [ [ 105.8531727, 21.0239009 ], [ 105.8532164, 21.02402 ], [ 105.8532089, 21.0240485 ], [ 105.8531602, 21.0240641 ], [ 105.853108, 21.0239215 ], [ 105.8531727, 21.0239009 ] ] ] } },
{ "type": "Feature", "properties": { "element": "way", "id": 1361720810, "estimated_height": 12.0 }, "geometry": { "type": "Polygon", "coordinates": [ [ [ 105.8540425, 21.0246702 ], [ 105.8541111, 21.0246475 ], [ 105.8540961, 21.0246126 ], [ 105.8540296, 21.0246363 ], [ 105.8540425, 21.0246702 ] ] ] } },
{ "type": "Feature", "properties": { "element": "way", "id": 1361720811, "estimated_height": 12.0 }, "geometry": { "type": "Polygon", "coordinates": [ [ [ 105.8539729, 21.024647 ], [ 105.8540961, 21.0246126 ], [ 105.854079500000012, 21.0245831 ], [ 105.853965, 21.0246221 ], [ 105.8539729, 21.024647 ] ] ] } },
{ "type": "Feature", "properties": { "element": "way", "id": 1361720812, "estimated_height": 12.0 }, "geometry": { "type": "Polygon", "coordinates": [ [ [ 105.8540754, 21.0245694 ], [ 105.854079500000012, 21.0245831 ], [ 105.8539622, 21.0246138 ], [ 105.8539655, 21.0245982 ], [ 105.8540754, 21.0245694 ] ] ] } },
{ "type": "Feature", "properties": { "element": "way", "id": 1361720813, "estimated_height": 12.0 }, "geometry": { "type": "Polygon", "coordinates": [ [ [ 105.8538347, 21.0248027 ], [ 105.8539037, 21.0247715 ], [ 105.853920400000021, 21.0248036 ], [ 105.8539403, 21.0247946 ], [ 105.8538912, 21.0246999 ], [ 105.8538022, 21.0247402 ], [ 105.8538347, 21.0248027 ] ] ] } },
{ "type": "Feature", "properties": { "element": "way", "id": 1361724226, "estimated_height": 12.0 }, "geometry": { "type": "Polygon", "coordinates": [ [ [ 105.8553156, 21.0280529 ], [ 105.8553668, 21.0280696 ], [ 105.8553674, 21.0280938 ], [ 105.855458, 21.0281185 ], [ 105.8555424, 21.0279017 ], [ 105.8554771, 21.0278712 ], [ 105.8554746, 21.0278378 ], [ 105.8554358, 21.0278206 ], [ 105.8553828, 21.0277843 ], [ 105.8553148, 21.0278137 ], [ 105.8553036, 21.0278599 ], [ 105.8552886, 21.027852 ], [ 105.8552746, 21.0278764 ], [ 105.8552998, 21.0278852 ], [ 105.8552811, 21.027927 ], [ 105.8553194, 21.0279593 ], [ 105.8553194, 21.0279715 ], [ 105.8553156, 21.0280529 ] ] ] } },
{ "type": "Feature", "properties": { "element": "way", "id": 1361724227, "estimated_height": 12.0 }, "geometry": { "type": "Polygon", "coordinates": [ [ [ 105.8548423, 21.0282438 ], [ 105.8553369, 21.0281481 ], [ 105.855373, 21.028311 ], [ 105.8553344, 21.0283611 ], [ 105.8548875, 21.0284475 ], [ 105.8548423, 21.0282438 ] ] ] } },
{ "type": "Feature", "properties": { "element": "way", "id": 1361724228, "estimated_height": 12.0 }, "geometry": { "type": "Polygon", "coordinates": [ [ [ 105.8546849, 21.0286543 ], [ 105.8548384, 21.0286293 ], [ 105.8547961, 21.0284026 ], [ 105.854827, 21.028389 ], [ 105.8548026, 21.0282585 ], [ 105.8546166, 21.0282888 ], [ 105.8546849, 21.0286543 ] ] ] } },
{ "type": "Feature", "properties": { "element": "way", "id": 1361725944, "estimated_height": 12.0 }, "geometry": { "type": "Polygon", "coordinates": [ [ [ 105.8589939, 21.0310388 ], [ 105.8590452, 21.0310645 ], [ 105.8590635, 21.0310327 ], [ 105.8590121, 21.0310071 ], [ 105.8589939, 21.0310388 ] ] ] } },
{ "type": "Feature", "properties": { "element": "way", "id": 1361725945, "estimated_height": 12.0 }, "geometry": { "type": "Polygon", "coordinates": [ [ [ 105.8587489, 21.0310289 ], [ 105.8589095, 21.0307875 ], [ 105.8590765, 21.0308843 ], [ 105.858916, 21.0311257 ], [ 105.8587489, 21.0310289 ] ] ] } },
{ "type": "Feature", "properties": { "element": "way", "id": 1361730665, "estimated_height": 12.0 }, "geometry": { "type": "Polygon", "coordinates": [ [ [ 105.856456100000017, 21.0329476 ], [ 105.8564819, 21.0328942 ], [ 105.8565355, 21.0329114 ], [ 105.8565085, 21.0329697 ], [ 105.856456100000017, 21.0329476 ] ] ] } },
{ "type": "Feature", "properties": { "element": "way", "id": 1361730666, "estimated_height": 12.0 }, "geometry": { "type": "Polygon", "coordinates": [ [ [ 105.8565407, 21.0329193 ], [ 105.8565982, 21.0329406 ], [ 105.85662, 21.0328892 ], [ 105.8565624, 21.032868 ], [ 105.8565407, 21.0329193 ] ] ] } },
{ "type": "Feature", "properties": { "element": "way", "id": 1361730667, "estimated_height": 12.0 }, "geometry": { "type": "Polygon", "coordinates": [ [ [ 105.8565942, 21.0328369 ], [ 105.8566339, 21.0328561 ], [ 105.856654600000013, 21.0328187 ], [ 105.856615, 21.0327995 ], [ 105.8565942, 21.0328369 ] ] ] } },
{ "type": "Feature", "properties": { "element": "way", "id": 1361730668, "estimated_height": 12.0 }, "geometry": { "type": "Polygon", "coordinates": [ [ [ 105.8565761, 21.0327905 ], [ 105.856598, 21.0327451 ], [ 105.8566324, 21.0327541 ], [ 105.8566179, 21.03278 ], [ 105.8566071, 21.0327991 ], [ 105.8565761, 21.0327905 ] ] ] } },
{ "type": "Feature", "properties": { "element": "way", "id": 1363313307, "estimated_height": 12.0 }, "geometry": { "type": "Polygon", "coordinates": [ [ [ 105.8493504, 21.0303087 ], [ 105.8493772, 21.0303294 ], [ 105.849404, 21.0302906 ], [ 105.8493745, 21.0302712 ], [ 105.8493504, 21.0303087 ] ] ] } },
{ "type": "Feature", "properties": { "element": "way", "id": 1363313310, "estimated_height": 12.0 }, "geometry": { "type": "Polygon", "coordinates": [ [ [ 105.8494288, 21.0301335 ], [ 105.8494603, 21.0301573 ], [ 105.8494966, 21.0301078 ], [ 105.8494657, 21.0300897 ], [ 105.8494288, 21.0301335 ] ] ] } },
{ "type": "Feature", "properties": { "element": "way", "id": 1363313311, "estimated_height": 12.0 }, "geometry": { "type": "Polygon", "coordinates": [ [ [ 105.84951, 21.030218 ], [ 105.8495321, 21.0302436 ], [ 105.849568300000016, 21.030253 ], [ 105.8495891, 21.0302224 ], [ 105.8495113, 21.0301679 ], [ 105.8495033, 21.0301811 ], [ 105.849522, 21.0301998 ], [ 105.84951, 21.030218 ] ] ] } },
{ "type": "Feature", "properties": { "element": "way", "id": 1363313312, "estimated_height": 12.0 }, "geometry": { "type": "Polygon", "coordinates": [ [ [ 105.8494603, 21.0296778 ], [ 105.849483100000015, 21.0296922 ], [ 105.8495207, 21.0296303 ], [ 105.8494959, 21.0296165 ], [ 105.8494603, 21.0296778 ] ] ] } },
{ "type": "Feature", "properties": { "element": "way", "id": 1363313313, "estimated_height": 12.0 }, "geometry": { "type": "Polygon", "coordinates": [ [ [ 105.8497145, 21.029686 ], [ 105.84974, 21.0297054 ], [ 105.8497923, 21.0296315 ], [ 105.8497688, 21.0296115 ], [ 105.8497145, 21.029686 ] ] ] } },
{ "type": "Feature", "properties": { "element": "way", "id": 1363313314, "estimated_height": 12.0 }, "geometry": { "type": "Polygon", "coordinates": [ [ [ 105.8498442, 21.0310335 ], [ 105.8499528, 21.0310923 ], [ 105.8499957, 21.0310285 ], [ 105.8498871, 21.0309647 ], [ 105.8498442, 21.0310335 ] ] ] } },
{ "type": "Feature", "properties": { "element": "way", "id": 1363313315, "estimated_height": 12.0 }, "geometry": { "type": "Polygon", "coordinates": [ [ [ 105.8497302, 21.0311687 ], [ 105.8497503, 21.0311349 ], [ 105.8498898, 21.0312088 ], [ 105.8498428, 21.0312851 ], [ 105.8497919, 21.0312551 ], [ 105.849757, 21.0313127 ], [ 105.8496913, 21.0312739 ], [ 105.8497449, 21.0311787 ], [ 105.8497302, 21.0311687 ] ] ] } },
{ "type": "Feature", "properties": { "element": "way", "id": 1363480692, "estimated_height": 12.0 }, "geometry": { "type": "Polygon", "coordinates": [ [ [ 105.8499182, 21.0311627 ], [ 105.8499389, 21.0311273 ], [ 105.8499859, 21.0311512 ], [ 105.8499652, 21.0311866 ], [ 105.8499182, 21.0311627 ] ] ] } },
{ "type": "Feature", "properties": { "element": "way", "id": 1363480693, "estimated_height": 12.0 }, "geometry": { "type": "Polygon", "coordinates": [ [ [ 105.8499266, 21.0312809 ], [ 105.8499794, 21.0313132 ], [ 105.8500068, 21.0312743 ], [ 105.8499539, 21.031242 ], [ 105.8499266, 21.0312809 ] ] ] } },
{ "type": "Feature", "properties": { "element": "way", "id": 1363480694, "estimated_height": 12.0 }, "geometry": { "type": "Polygon", "coordinates": [ [ [ 105.8499594, 21.031238 ], [ 105.8500001, 21.0312619 ], [ 105.8500094, 21.0312481 ], [ 105.8499687, 21.0312242 ], [ 105.8499594, 21.031238 ] ] ] } },
{ "type": "Feature", "properties": { "element": "way", "id": 1363481158, "estimated_height": 12.0 }, "geometry": { "type": "Polygon", "coordinates": [ [ [ 105.8500587, 21.0314126 ], [ 105.8500096, 21.0313866 ], [ 105.8500608, 21.0313026 ], [ 105.8501098, 21.0313286 ], [ 105.8500587, 21.0314126 ] ] ] } },
{ "type": "Feature", "properties": { "element": "way", "id": 1363481159, "estimated_height": 12.0 }, "geometry": { "type": "Polygon", "coordinates": [ [ [ 105.8501508, 21.0304383 ], [ 105.8501896, 21.0304685 ], [ 105.8502194, 21.0304351 ], [ 105.8501805, 21.0304049 ], [ 105.8501508, 21.0304383 ] ] ] } },
{ "type": "Feature", "properties": { "element": "way", "id": 1363481160, "estimated_height": 12.0 }, "geometry": { "type": "Polygon", "coordinates": [ [ [ 105.850325400000017, 21.0303697 ], [ 105.8503565, 21.0303899 ], [ 105.8503836, 21.0303536 ], [ 105.8503524, 21.0303334 ], [ 105.850325400000017, 21.0303697 ] ] ] } },
{ "type": "Feature", "properties": { "element": "way", "id": 1363481161, "estimated_height": 12.0 }, "geometry": { "type": "Polygon", "coordinates": [ [ [ 105.8504528, 21.0302809 ], [ 105.850481, 21.0303058 ], [ 105.85052, 21.0302673 ], [ 105.8504917, 21.0302424 ], [ 105.8504528, 21.0302809 ] ] ] } },
{ "type": "Feature", "properties": { "element": "way", "id": 1363481162, "estimated_height": 12.0 }, "geometry": { "type": "Polygon", "coordinates": [ [ [ 105.8503586, 21.0303277 ], [ 105.8503902, 21.0303467 ], [ 105.8504261, 21.0302947 ], [ 105.8503945, 21.0302757 ], [ 105.8503586, 21.0303277 ] ] ] } },
{ "type": "Feature", "properties": { "element": "way", "id": 1363481163, "estimated_height": 12.0 }, "geometry": { "type": "Polygon", "coordinates": [ [ [ 105.8503966, 21.0304109 ], [ 105.8504328, 21.0304366 ], [ 105.850494600000019, 21.0303609 ], [ 105.8504583, 21.0303352 ], [ 105.8503966, 21.0304109 ] ] ] } },
{ "type": "Feature", "properties": { "element": "way", "id": 1363481164, "estimated_height": 12.0 }, "geometry": { "type": "Polygon", "coordinates": [ [ [ 105.8502864, 21.0304667 ], [ 105.8503658, 21.0305217 ], [ 105.8504241, 21.0304483 ], [ 105.8503447, 21.0303934 ], [ 105.8502864, 21.0304667 ] ] ] } },
{ "type": "Feature", "properties": { "element": "way", "id": 1363481165, "estimated_height": 12.0 }, "geometry": { "type": "Polygon", "coordinates": [ [ [ 105.8504015, 21.0302642 ], [ 105.8504381, 21.0302883 ], [ 105.8505284, 21.0301686 ], [ 105.8504919, 21.0301446 ], [ 105.8504015, 21.0302642 ] ] ] } },
{ "type": "Feature", "properties": { "element": "way", "id": 1363481166, "estimated_height": 12.0 }, "geometry": { "type": "Polygon", "coordinates": [ [ [ 105.84997, 21.0305495 ], [ 105.8501042, 21.0306313 ], [ 105.85013170000002, 21.0305919 ], [ 105.8499975, 21.0305101 ], [ 105.84997, 21.0305495 ] ] ] } },
{ "type": "Feature", "properties": { "element": "way", "id": 1363481167, "estimated_height": 12.0 }, "geometry": { "type": "Polygon", "coordinates": [ [ [ 105.8501391, 21.0308362 ], [ 105.8500036, 21.0307401 ], [ 105.8500668, 21.0306625 ], [ 105.8502023, 21.0307586 ], [ 105.8501391, 21.0308362 ] ] ] } },
{ "type": "Feature", "properties": { "element": "way", "id": 1363481168, "estimated_height": 12.0 }, "geometry": { "type": "Polygon", "coordinates": [ [ [ 105.85008670000002, 21.0306589 ], [ 105.850212900000017, 21.0307384 ], [ 105.8502714, 21.0306574 ], [ 105.8501452, 21.0305779 ], [ 105.85008670000002, 21.0306589 ] ] ] } },
{ "type": "Feature", "properties": { "element": "way", "id": 1363483109, "estimated_height": 12.0 }, "geometry": { "type": "Polygon", "coordinates": [ [ [ 105.8506024, 21.0303995 ], [ 105.8506581, 21.0304398 ], [ 105.8507657, 21.0303103 ], [ 105.85071, 21.03027 ], [ 105.8506024, 21.0303995 ] ] ] } },
{ "type": "Feature", "properties": { "element": "way", "id": 1363483110, "estimated_height": 12.0 }, "geometry": { "type": "Polygon", "coordinates": [ [ [ 105.8506753, 21.0304356 ], [ 105.8507077, 21.0304567 ], [ 105.8507955, 21.0303389 ], [ 105.8507631, 21.0303179 ], [ 105.8506753, 21.0304356 ] ] ] } },
{ "type": "Feature", "properties": { "element": "way", "id": 1363483111, "estimated_height": 12.0 }, "geometry": { "type": "Polygon", "coordinates": [ [ [ 105.850755800000016, 21.0305701 ], [ 105.8506756, 21.0305125 ], [ 105.8507957, 21.0303666 ], [ 105.8508759, 21.0304242 ], [ 105.850755800000016, 21.0305701 ] ] ] } },
{ "type": "Feature", "properties": { "element": "way", "id": 1363483112, "estimated_height": 12.0 }, "geometry": { "type": "Polygon", "coordinates": [ [ [ 105.8504324, 21.0306576 ], [ 105.8504489, 21.0305514 ], [ 105.8505209, 21.0304851 ], [ 105.8506084, 21.0305541 ], [ 105.850561700000014, 21.0306648 ], [ 105.8505043, 21.0307102 ], [ 105.8504324, 21.0306576 ] ] ] } },
{ "type": "Feature", "properties": { "element": "way", "id": 1363483113, "estimated_height": 12.0 }, "geometry": { "type": "Polygon", "coordinates": [ [ [ 105.8504849, 21.0307393 ], [ 105.8505238, 21.0307647 ], [ 105.8505724, 21.0307102 ], [ 105.8506414, 21.0306176 ], [ 105.8506201, 21.0305895 ], [ 105.8504849, 21.0307393 ] ] ] } },
{ "type": "Feature", "properties": { "element": "way", "id": 1363483114, "estimated_height": 12.0 }, "geometry": { "type": "Polygon", "coordinates": [ [ [ 105.8505877, 21.0304305 ], [ 105.8506269, 21.0304624 ], [ 105.850652100000019, 21.0304479 ], [ 105.8506064, 21.0304106 ], [ 105.8505877, 21.0304305 ] ] ] } },
{ "type": "Feature", "properties": { "element": "way", "id": 1363483115, "estimated_height": 12.0 }, "geometry": { "type": "Polygon", "coordinates": [ [ [ 105.8506288, 21.0305709 ], [ 105.8506774, 21.0306135 ], [ 105.8507251, 21.0305661 ], [ 105.8506765, 21.0305235 ], [ 105.8506288, 21.0305709 ] ] ] } },
{ "type": "Feature", "properties": { "element": "way", "id": 1363483116, "estimated_height": 12.0 }, "geometry": { "type": "Polygon", "coordinates": [ [ [ 105.8505984, 21.0305005 ], [ 105.8506422, 21.0305367 ], [ 105.8506792, 21.0304978 ], [ 105.8506355, 21.0304616 ], [ 105.8505984, 21.0305005 ] ] ] } },
{ "type": "Feature", "properties": { "element": "way", "id": 1363483117, "estimated_height": 12.0 }, "geometry": { "type": "Polygon", "coordinates": [ [ [ 105.8508243, 21.030526 ], [ 105.8509225, 21.0305468 ], [ 105.8509536, 21.0304461 ], [ 105.8508855, 21.0304261 ], [ 105.8508243, 21.030526 ] ] ] } },
{ "type": "Feature", "properties": { "element": "way", "id": 1363483118, "estimated_height": 12.0 }, "geometry": { "type": "Polygon", "coordinates": [ [ [ 105.8502833, 21.0308291 ], [ 105.8503889, 21.0309064 ], [ 105.8504262, 21.030862 ], [ 105.850320600000018, 21.0307847 ], [ 105.8502833, 21.0308291 ] ] ] } },
{ "type": "Feature", "properties": { "element": "way", "id": 1363483119, "estimated_height": 12.0 }, "geometry": { "type": "Polygon", "coordinates": [ [ [ 105.8501663, 21.0308923 ], [ 105.8502206, 21.0309304 ], [ 105.8502415, 21.0309045 ], [ 105.8501871, 21.0308663 ], [ 105.8501663, 21.0308923 ] ] ] } },
{ "type": "Feature", "properties": { "element": "way", "id": 1363483120, "estimated_height": 12.0 }, "geometry": { "type": "Polygon", "coordinates": [ [ [ 105.850151400000016, 21.0309571 ], [ 105.8501959, 21.0309774 ], [ 105.8502115, 21.0309477 ], [ 105.850167, 21.0309274 ], [ 105.850151400000016, 21.0309571 ] ] ] } },
{ "type": "Feature", "properties": { "element": "way", "id": 1363483121, "estimated_height": 12.0 }, "geometry": { "type": "Polygon", "coordinates": [ [ [ 105.8502117, 21.0309754 ], [ 105.8502534, 21.0309926 ], [ 105.8502834, 21.0309292 ], [ 105.8502418, 21.030912 ], [ 105.8502117, 21.0309754 ] ] ] } },
{ "type": "Feature", "properties": { "element": "way", "id": 1363483122, "estimated_height": 12.0 }, "geometry": { "type": "Polygon", "coordinates": [ [ [ 105.850243, 21.0308012 ], [ 105.8502646, 21.0308144 ], [ 105.85032, 21.0307352 ], [ 105.8502984, 21.030722 ], [ 105.850243, 21.0308012 ] ] ] } },
{ "type": "Feature", "properties": { "element": "way", "id": 1363483123, "estimated_height": 12.0 }, "geometry": { "type": "Polygon", "coordinates": [ [ [ 105.8501292, 21.0310858 ], [ 105.850179, 21.031105 ], [ 105.850226, 21.0309986 ], [ 105.850176300000015, 21.0309794 ], [ 105.8501292, 21.0310858 ] ] ] } },
{ "type": "Feature", "properties": { "element": "way", "id": 1363483124, "estimated_height": 12.0 }, "geometry": { "type": "Polygon", "coordinates": [ [ [ 105.8502894, 21.031144 ], [ 105.8503579, 21.0311752 ], [ 105.8504404, 21.0310174 ], [ 105.8503719, 21.0309862 ], [ 105.8502894, 21.031144 ] ] ] } },
{ "type": "Feature", "properties": { "element": "way", "id": 1363483125, "estimated_height": 12.0 }, "geometry": { "type": "Polygon", "coordinates": [ [ [ 105.8503612, 21.0309663 ], [ 105.8503984, 21.030992 ], [ 105.850437, 21.0309432 ], [ 105.8503998, 21.0309175 ], [ 105.8503612, 21.0309663 ] ] ] } },
{ "type": "Feature", "properties": { "element": "way", "id": 1363483126, "estimated_height": 12.0 }, "geometry": { "type": "Polygon", "coordinates": [ [ [ 105.8503101, 21.0309067 ], [ 105.8503607, 21.0309395 ], [ 105.8503806, 21.0309127 ], [ 105.85033, 21.0308799 ], [ 105.8503101, 21.0309067 ] ] ] } },
{ "type": "Feature", "properties": { "element": "way", "id": 1363483127, "estimated_height": 12.0 }, "geometry": { "type": "Polygon", "coordinates": [ [ [ 105.8502012, 21.0311086 ], [ 105.8502336, 21.0311224 ], [ 105.8503052, 21.0309764 ], [ 105.8502729, 21.0309626 ], [ 105.8502012, 21.0311086 ] ] ] } },
{ "type": "Feature", "properties": { "element": "way", "id": 1363483128, "estimated_height": 12.0 }, "geometry": { "type": "Polygon", "coordinates": [ [ [ 105.8502368, 21.0311339 ], [ 105.8502664, 21.0311462 ], [ 105.8503358, 21.0310017 ], [ 105.8503063, 21.0309893 ], [ 105.8502368, 21.0311339 ] ] ] } },
{ "type": "Feature", "properties": { "element": "way", "id": 1363483129, "estimated_height": 12.0 }, "geometry": { "type": "Polygon", "coordinates": [ [ [ 105.8506338, 21.0311974 ], [ 105.8506886, 21.0312213 ], [ 105.8507442, 21.0311103 ], [ 105.8506895, 21.0310864 ], [ 105.8506338, 21.0311974 ] ] ] } },
{ "type": "Feature", "properties": { "element": "way", "id": 1363483130, "estimated_height": 12.0 }, "geometry": { "type": "Polygon", "coordinates": [ [ [ 105.8506379, 21.0312639 ], [ 105.8506798, 21.0312879 ], [ 105.8507041, 21.031251 ], [ 105.8506623, 21.031227 ], [ 105.8506379, 21.0312639 ] ] ] } },
{ "type": "Feature", "properties": { "element": "way", "id": 1363483131, "estimated_height": 12.0 }, "geometry": { "type": "Polygon", "coordinates": [ [ [ 105.8505202, 21.0312015 ], [ 105.8505886, 21.0312447 ], [ 105.8506243, 21.0311956 ], [ 105.8505559, 21.0311524 ], [ 105.8505202, 21.0312015 ] ] ] } },
{ "type": "Feature", "properties": { "element": "way", "id": 1363483132, "estimated_height": 12.0 }, "geometry": { "type": "Polygon", "coordinates": [ [ [ 105.8502228, 21.0313403 ], [ 105.8502735, 21.0313662 ], [ 105.8503439, 21.031246 ], [ 105.8502932, 21.0312202 ], [ 105.8502228, 21.0313403 ] ] ] } },
{ "type": "Feature", "properties": { "element": "way", "id": 1363483133, "estimated_height": 12.0 }, "geometry": { "type": "Polygon", "coordinates": [ [ [ 105.8503311, 21.0314257 ], [ 105.8503728, 21.0314491 ], [ 105.8504413, 21.0313425 ], [ 105.8503996, 21.0313191 ], [ 105.8503311, 21.0314257 ] ] ] } },
{ "type": "Feature", "properties": { "element": "way", "id": 1363483134, "estimated_height": 12.0 }, "geometry": { "type": "Polygon", "coordinates": [ [ [ 105.8504237, 21.0314473 ], [ 105.8504465, 21.0314679 ], [ 105.8504835, 21.031427 ], [ 105.8504497, 21.0314064 ], [ 105.8504237, 21.0314473 ] ] ] } },
{ "type": "Feature", "properties": { "element": "way", "id": 1363483135, "estimated_height": 12.0 }, "geometry": { "type": "Polygon", "coordinates": [ [ [ 105.8505758, 21.0313598 ], [ 105.8506163, 21.0313832 ], [ 105.8506739, 21.0312961 ], [ 105.8506333, 21.0312727 ], [ 105.8505758, 21.0313598 ] ] ] } },
{ "type": "Feature", "properties": { "element": "way", "id": 1363483136, "estimated_height": 12.0 }, "geometry": { "type": "Polygon", "coordinates": [ [ [ 105.8504755, 21.0314816 ], [ 105.8505103, 21.0315007 ], [ 105.8505869, 21.0313791 ], [ 105.8505521, 21.03136 ], [ 105.8504755, 21.0314816 ] ] ] } },
{ "type": "Feature", "properties": { "element": "way", "id": 1363483137, "estimated_height": 12.0 }, "geometry": { "type": "Polygon", "coordinates": [ [ [ 105.8507368, 21.0313805 ], [ 105.8507724, 21.031416 ], [ 105.8508046, 21.0313879 ], [ 105.850769, 21.0313524 ], [ 105.8507368, 21.0313805 ] ] ] } },
{ "type": "Feature", "properties": { "element": "way", "id": 1363483139, "estimated_height": 12.0 }, "geometry": { "type": "Polygon", "coordinates": [ [ [ 105.850682, 21.031595 ], [ 105.8507026, 21.0316048 ], [ 105.8507508, 21.0315174 ], [ 105.8507303, 21.0315075 ], [ 105.850682, 21.031595 ] ] ] } },
{ "type": "Feature", "properties": { "element": "way", "id": 1363483140, "estimated_height": 12.0 }, "geometry": { "type": "Polygon", "coordinates": [ [ [ 105.850515, 21.0315242 ], [ 105.8505423, 21.0315398 ], [ 105.8505684, 21.0315003 ], [ 105.8505412, 21.0314846 ], [ 105.850515, 21.0315242 ] ] ] } },
{ "type": "Feature", "properties": { "element": "way", "id": 1363483142, "estimated_height": 12.0 }, "geometry": { "type": "Polygon", "coordinates": [ [ [ 105.8505867, 21.0315601 ], [ 105.8506044, 21.0315682 ], [ 105.8506253, 21.031528 ], [ 105.8506076, 21.0315199 ], [ 105.8505867, 21.0315601 ] ] ] } },
{ "type": "Feature", "properties": { "element": "way", "id": 1363483143, "estimated_height": 12.0 }, "geometry": { "type": "Polygon", "coordinates": [ [ [ 105.8507315, 21.0315788 ], [ 105.8507656, 21.0315969 ], [ 105.8507942, 21.0315496 ], [ 105.8507601, 21.0315316 ], [ 105.8507315, 21.0315788 ] ] ] } },
{ "type": "Feature", "properties": { "element": "way", "id": 1363483144, "estimated_height": 12.0 }, "geometry": { "type": "Polygon", "coordinates": [ [ [ 105.8508051, 21.0314627 ], [ 105.8508845, 21.0314931 ], [ 105.8509055, 21.0314454 ], [ 105.8508261, 21.031415 ], [ 105.8508051, 21.0314627 ] ] ] } },
{ "type": "Feature", "properties": { "element": "way", "id": 1363989442, "estimated_height": 12.0 }, "geometry": { "type": "Polygon", "coordinates": [ [ [ 105.856473800000018, 21.0330083 ], [ 105.8564905, 21.0329951 ], [ 105.856516400000018, 21.0330161 ], [ 105.8565147, 21.0330371 ], [ 105.856473800000018, 21.0330083 ] ] ] } },
{ "type": "Feature", "properties": { "element": "way", "id": 1365835358, "estimated_height": 12.0 }, "geometry": { "type": "Polygon", "coordinates": [ [ [ 105.8578321, 21.0306102 ], [ 105.8578567, 21.0305415 ], [ 105.857922, 21.0305611 ], [ 105.8579127, 21.0306287 ], [ 105.8578321, 21.0306102 ] ] ] } },
{ "type": "Feature", "properties": { "element": "way", "id": 1365835359, "estimated_height": 12.0 }, "geometry": { "type": "Polygon", "coordinates": [ [ [ 105.8578753, 21.0305175 ], [ 105.8579039, 21.0304898 ], [ 105.8579069, 21.0304489 ], [ 105.857929, 21.030462 ], [ 105.8579045, 21.0305263 ], [ 105.8578753, 21.0305175 ] ] ] } },
{ "type": "Feature", "properties": { "element": "way", "id": 1365835360, "estimated_height": 12.0 }, "geometry": { "type": "Polygon", "coordinates": [ [ [ 105.8579243, 21.0306551 ], [ 105.8579578, 21.03058 ], [ 105.8579879, 21.0305954 ], [ 105.857949, 21.0306644 ], [ 105.8579243, 21.0306551 ] ] ] } },
{ "type": "Feature", "properties": { "element": "way", "id": 1365835361, "estimated_height": 12.0 }, "geometry": { "type": "Polygon", "coordinates": [ [ [ 105.8579671, 21.0305663 ], [ 105.8579998, 21.0304829 ], [ 105.8580333, 21.0304897 ], [ 105.8579917, 21.0305724 ], [ 105.8579671, 21.0305663 ] ] ] } },
{ "type": "Feature", "properties": { "element": "way", "id": 1365835362, "estimated_height": 12.0 }, "geometry": { "type": "Polygon", "coordinates": [ [ [ 105.857995200000019, 21.0305814 ], [ 105.8580326, 21.0305045 ], [ 105.8580668, 21.0305163 ], [ 105.8580272, 21.0305969 ], [ 105.857995200000019, 21.0305814 ] ] ] } },
{ "type": "Feature", "properties": { "element": "way", "id": 1365835363, "estimated_height": 12.0 }, "geometry": { "type": "Polygon", "coordinates": [ [ [ 105.8580314, 21.030599 ], [ 105.8580672, 21.0305217 ], [ 105.8581204, 21.0305523 ], [ 105.8580919, 21.0306091 ], [ 105.8580622, 21.0305947 ], [ 105.858059900000015, 21.0306102 ], [ 105.8580314, 21.030599 ] ] ] } },
{ "type": "Feature", "properties": { "element": "way", "id": 1365835364, "estimated_height": 12.0 }, "geometry": { "type": "Polygon", "coordinates": [ [ [ 105.858055, 21.0306278 ], [ 105.8580851, 21.0306414 ], [ 105.8580495, 21.0307057 ], [ 105.8580206, 21.0306954 ], [ 105.858055, 21.0306278 ] ] ] } },
{ "type": "Feature", "properties": { "element": "way", "id": 1365835365, "estimated_height": 12.0 }, "geometry": { "type": "Polygon", "coordinates": [ [ [ 105.8581094, 21.0306236 ], [ 105.858144, 21.0305504 ], [ 105.8581818, 21.0305673 ], [ 105.8581503, 21.0306361 ], [ 105.8581094, 21.0306236 ] ] ] } },
{ "type": "Feature", "properties": { "element": "way", "id": 1365835366, "estimated_height": 12.0 }, "geometry": { "type": "Polygon", "coordinates": [ [ [ 105.858156, 21.0306383 ], [ 105.8581875, 21.0305676 ], [ 105.858217, 21.0305798 ], [ 105.8581849, 21.0306477 ], [ 105.858156, 21.0306383 ] ] ] } },
{ "type": "Feature", "properties": { "element": "way", "id": 1365835367, "estimated_height": 12.0 }, "geometry": { "type": "Polygon", "coordinates": [ [ [ 105.8582971, 21.030517 ], [ 105.8583337, 21.0304506 ], [ 105.858381, 21.0304634 ], [ 105.8583372, 21.030536 ], [ 105.8582971, 21.030517 ] ] ] } },
{ "type": "Feature", "properties": { "element": "way", "id": 1365835368, "estimated_height": 12.0 }, "geometry": { "type": "Polygon", "coordinates": [ [ [ 105.8583489, 21.0305346 ], [ 105.8583916, 21.0304658 ], [ 105.858415, 21.0304748 ], [ 105.8583855, 21.0305469 ], [ 105.8583489, 21.0305346 ] ] ] } },
{ "type": "Feature", "properties": { "element": "way", "id": 1365835369, "estimated_height": 12.0 }, "geometry": { "type": "Polygon", "coordinates": [ [ [ 105.8583378, 21.0304397 ], [ 105.8583738, 21.0303538 ], [ 105.858417, 21.0303647 ], [ 105.8583789, 21.030452 ], [ 105.8583378, 21.0304397 ] ] ] } },
{ "type": "Feature", "properties": { "element": "way", "id": 1365835370, "estimated_height": 12.0 }, "geometry": { "type": "Polygon", "coordinates": [ [ [ 105.8582687, 21.0301266 ], [ 105.8583083, 21.0300351 ], [ 105.8583403, 21.0300479 ], [ 105.8583032, 21.0301337 ], [ 105.8582687, 21.0301266 ] ] ] } },
{ "type": "Feature", "properties": { "element": "way", "id": 1365835371, "estimated_height": 12.0 }, "geometry": { "type": "Polygon", "coordinates": [ [ [ 105.8583083, 21.0301408 ], [ 105.8583439, 21.0300664 ], [ 105.8583693, 21.0300725 ], [ 105.8583342, 21.0301551 ], [ 105.8583083, 21.0301408 ] ] ] } },
{ "type": "Feature", "properties": { "element": "way", "id": 1365835372, "estimated_height": 12.0 }, "geometry": { "type": "Polygon", "coordinates": [ [ [ 105.8583469, 21.0301536 ], [ 105.8583871, 21.0300834 ], [ 105.8584181, 21.0301053 ], [ 105.858382, 21.0301721 ], [ 105.8583469, 21.0301536 ] ] ] } },
{ "type": "Feature", "properties": { "element": "way", "id": 1365835373, "estimated_height": 12.0 }, "geometry": { "type": "Polygon", "coordinates": [ [ [ 105.8583988, 21.0301788 ], [ 105.8584369, 21.0301015 ], [ 105.858469400000018, 21.0301138 ], [ 105.8584333, 21.0301935 ], [ 105.8583988, 21.0301788 ] ] ] } },
{ "type": "Feature", "properties": { "element": "way", "id": 1365835374, "estimated_height": 12.0 }, "geometry": { "type": "Polygon", "coordinates": [ [ [ 105.8584471, 21.0301944 ], [ 105.8584821, 21.0301195 ], [ 105.8585106, 21.0301238 ], [ 105.8584654, 21.0302058 ], [ 105.8584471, 21.0301944 ] ] ] } },
{ "type": "Feature", "properties": { "element": "way", "id": 1365835375, "estimated_height": 12.0 }, "geometry": { "type": "Polygon", "coordinates": [ [ [ 105.8584735, 21.0302058 ], [ 105.8585121, 21.0301323 ], [ 105.8585324, 21.0301456 ], [ 105.8584953, 21.0302181 ], [ 105.8584735, 21.0302058 ] ] ] } },
{ "type": "Feature", "properties": { "element": "way", "id": 1365835376, "estimated_height": 12.0 }, "geometry": { "type": "Polygon", "coordinates": [ [ [ 105.8584994, 21.0302333 ], [ 105.8585268, 21.0301688 ], [ 105.858561400000013, 21.0301745 ], [ 105.8585238, 21.03024 ], [ 105.8584994, 21.0302333 ] ] ] } },
{ "type": "Feature", "properties": { "element": "way", "id": 1365835377, "estimated_height": 12.0 }, "geometry": { "type": "Polygon", "coordinates": [ [ [ 105.858229, 21.0302423 ], [ 105.8582661, 21.0301441 ], [ 105.8584303, 21.0302049 ], [ 105.8583754, 21.0303092 ], [ 105.858229, 21.0302423 ] ] ] } },
{ "type": "Feature", "properties": { "element": "way", "id": 1365835378, "estimated_height": 12.0 }, "geometry": { "type": "Polygon", "coordinates": [ [ [ 105.8583515, 21.0299755 ], [ 105.858387400000012, 21.029905 ], [ 105.8584112, 21.0299122 ], [ 105.8583727, 21.0299913 ], [ 105.8583515, 21.0299755 ] ] ] } },
{ "type": "Feature", "properties": { "element": "way", "id": 1365835379, "estimated_height": 12.0 }, "geometry": { "type": "Polygon", "coordinates": [ [ [ 105.8585591, 21.0301412 ], [ 105.8585899, 21.0300732 ], [ 105.858613, 21.0300808 ], [ 105.8585826, 21.0301476 ], [ 105.8585591, 21.0301412 ] ] ] } },
{ "type": "Feature", "properties": { "element": "way", "id": 1365835380, "estimated_height": 12.0 }, "geometry": { "type": "Polygon", "coordinates": [ [ [ 105.8585372, 21.0301214 ], [ 105.858561400000013, 21.0300657 ], [ 105.8585826, 21.0300732 ], [ 105.85855220000002, 21.0301307 ], [ 105.8585372, 21.0301214 ] ] ] } },
{ "type": "Feature", "properties": { "element": "way", "id": 1365835381, "estimated_height": 12.0 }, "geometry": { "type": "Polygon", "coordinates": [ [ [ 105.8583754, 21.030325 ], [ 105.8584308, 21.0302126 ], [ 105.858490700000019, 21.0302396 ], [ 105.8584338, 21.0303459 ], [ 105.8583754, 21.030325 ] ] ] } },
{ "type": "Feature", "properties": { "element": "way", "id": 1365835382, "estimated_height": 12.0 }, "geometry": { "type": "Polygon", "coordinates": [ [ [ 105.8584745, 21.030325 ], [ 105.858505, 21.030252 ], [ 105.858555800000019, 21.0302714 ], [ 105.858515600000018, 21.0303459 ], [ 105.8584745, 21.030325 ] ] ] } },
{ "type": "Feature", "properties": { "element": "way", "id": 1365835383, "estimated_height": 12.0 }, "geometry": { "type": "Polygon", "coordinates": [ [ [ 105.8579012, 21.030371 ], [ 105.8579272, 21.0303288 ], [ 105.8579511, 21.0303411 ], [ 105.8579302, 21.0303786 ], [ 105.8579012, 21.030371 ] ] ] } },
{ "type": "Feature", "properties": { "element": "way", "id": 1365835384, "estimated_height": 12.0 }, "geometry": { "type": "Polygon", "coordinates": [ [ [ 105.8579602, 21.0303947 ], [ 105.8579942, 21.030325 ], [ 105.85801410000002, 21.0303374 ], [ 105.8579805, 21.0304038 ], [ 105.8579602, 21.0303947 ] ] ] } },
{ "type": "Feature", "properties": { "element": "way", "id": 1365835385, "estimated_height": 12.0 }, "geometry": { "type": "Polygon", "coordinates": [ [ [ 105.8579866, 21.0304028 ], [ 105.8580191, 21.0303397 ], [ 105.858039, 21.0303483 ], [ 105.8580019, 21.0304123 ], [ 105.8579866, 21.0304028 ] ] ] } },
{ "type": "Feature", "properties": { "element": "way", "id": 1365835386, "estimated_height": 12.0 }, "geometry": { "type": "Polygon", "coordinates": [ [ [ 105.8580324, 21.0303762 ], [ 105.858044, 21.0303468 ], [ 105.8580684, 21.0303573 ], [ 105.8580501, 21.0303819 ], [ 105.8580324, 21.0303762 ] ] ] } },
{ "type": "Feature", "properties": { "element": "way", "id": 1365835387, "estimated_height": 12.0 }, "geometry": { "type": "Polygon", "coordinates": [ [ [ 105.857976, 21.0302856 ], [ 105.8580237, 21.0303023 ], [ 105.858041, 21.0302709 ], [ 105.8579907, 21.030252 ], [ 105.857976, 21.0302856 ] ] ] } },
{ "type": "Feature", "properties": { "element": "way", "id": 1365836461, "estimated_height": 12.0 }, "geometry": { "type": "Polygon", "coordinates": [ [ [ 105.8586925, 21.0321164 ], [ 105.858731, 21.032136 ], [ 105.8587008, 21.0321877 ], [ 105.85866230000002, 21.0321681 ], [ 105.8586925, 21.0321164 ] ] ] } },
{ "type": "Feature", "properties": { "element": "way", "id": 1365836462, "estimated_height": 12.0 }, "geometry": { "type": "Polygon", "coordinates": [ [ [ 105.8587671, 21.0321023 ], [ 105.8588117, 21.0321274 ], [ 105.8587569, 21.0322124 ], [ 105.8587123, 21.0321873 ], [ 105.8587671, 21.0321023 ] ] ] } },
{ "type": "Feature", "properties": { "element": "way", "id": 1365836463, "estimated_height": 12.0 }, "geometry": { "type": "Polygon", "coordinates": [ [ [ 105.858813, 21.0321477 ], [ 105.8588622, 21.0320991 ], [ 105.8588867, 21.0321208 ], [ 105.8588376, 21.0321693 ], [ 105.858813, 21.0321477 ] ] ] } },
{ "type": "Feature", "properties": { "element": "way", "id": 1365836464, "estimated_height": 12.0 }, "geometry": { "type": "Polygon", "coordinates": [ [ [ 105.8588247, 21.0320601 ], [ 105.8588555, 21.0320739 ], [ 105.8588823, 21.0320219 ], [ 105.8588516, 21.0320081 ], [ 105.8588247, 21.0320601 ] ] ] } },
{ "type": "Feature", "properties": { "element": "way", "id": 1365836465, "estimated_height": 12.0 }, "geometry": { "type": "Polygon", "coordinates": [ [ [ 105.8588722, 21.0322024 ], [ 105.8589234, 21.0320921 ], [ 105.858950400000012, 21.032103 ], [ 105.8588937, 21.0322249 ], [ 105.8588722, 21.0322024 ] ] ] } },
{ "type": "Feature", "properties": { "element": "way", "id": 1365836466, "estimated_height": 12.0 }, "geometry": { "type": "Polygon", "coordinates": [ [ [ 105.858642, 21.0320787 ], [ 105.8586662, 21.0320446 ], [ 105.8586998, 21.0320653 ], [ 105.8586756, 21.0320994 ], [ 105.858642, 21.0320787 ] ] ] } },
{ "type": "Feature", "properties": { "element": "way", "id": 1366013539, "estimated_height": 12.0 }, "geometry": { "type": "Polygon", "coordinates": [ [ [ 105.8508471, 21.0322411 ], [ 105.8508812, 21.0322419 ], [ 105.850884800000017, 21.0321115 ], [ 105.8508507, 21.0321107 ], [ 105.8508471, 21.0322411 ] ] ] } },
{ "type": "Feature", "properties": { "element": "way", "id": 1367119031, "estimated_height": 12.0 }, "geometry": { "type": "Polygon", "coordinates": [ [ [ 105.8509863, 21.03175 ], [ 105.8510129, 21.0317507 ], [ 105.8510473, 21.0317516 ], [ 105.8510491, 21.0317351 ], [ 105.8509858, 21.0317335 ], [ 105.8509863, 21.03175 ] ] ] } },
{ "type": "Feature", "properties": { "element": "way", "id": 1367119032, "estimated_height": 12.0 }, "geometry": { "type": "Polygon", "coordinates": [ [ [ 105.8511896, 21.0318877 ], [ 105.851168900000019, 21.031888 ], [ 105.851168900000019, 21.0318169 ], [ 105.8512055, 21.0318134 ], [ 105.8512064, 21.0318739 ], [ 105.8511891, 21.0318741 ], [ 105.8511896, 21.0318877 ] ] ] } },
{ "type": "Feature", "properties": { "element": "way", "id": 1367119033, "estimated_height": 12.0 }, "geometry": { "type": "Polygon", "coordinates": [ [ [ 105.8511622, 21.0318951 ], [ 105.8511625, 21.0318567 ], [ 105.8510811, 21.0318554 ], [ 105.8510799, 21.0318968 ], [ 105.8511622, 21.0318951 ] ] ] } },
{ "type": "Feature", "properties": { "element": "way", "id": 1367119034, "estimated_height": 12.0 }, "geometry": { "type": "Polygon", "coordinates": [ [ [ 105.8509569, 21.0317953 ], [ 105.850980400000012, 21.0317987 ], [ 105.8509787, 21.0318191 ], [ 105.8509968, 21.0318225 ], [ 105.8510008, 21.0318019 ], [ 105.8510152, 21.0318019 ], [ 105.8510129, 21.0317507 ], [ 105.8509572, 21.0317502 ], [ 105.8509569, 21.0317953 ] ] ] } },
{ "type": "Feature", "properties": { "element": "way", "id": 1367119035, "estimated_height": 12.0 }, "geometry": { "type": "Polygon", "coordinates": [ [ [ 105.8509412, 21.0323244 ], [ 105.8509447, 21.0322552 ], [ 105.8509401, 21.0320471 ], [ 105.850913, 21.0320444 ], [ 105.850909700000017, 21.0321348 ], [ 105.8509107, 21.0321767 ], [ 105.850913, 21.0322688 ], [ 105.8509144, 21.032326 ], [ 105.8509412, 21.0323244 ] ] ] } },
{ "type": "Feature", "properties": { "element": "way", "id": 1367119036, "estimated_height": 12.0 }, "geometry": { "type": "Polygon", "coordinates": [ [ [ 105.8509107, 21.0321767 ], [ 105.8508905, 21.0321762 ], [ 105.8508899, 21.0322699 ], [ 105.850913, 21.0322688 ], [ 105.8509107, 21.0321767 ] ] ] } },
{ "type": "Feature", "properties": { "element": "way", "id": 1367119037, "estimated_height": 12.0 }, "geometry": { "type": "Polygon", "coordinates": [ [ [ 105.85104, 21.0322881 ], [ 105.851086, 21.0322872 ], [ 105.8510891, 21.032222 ], [ 105.851082500000018, 21.0322217 ], [ 105.851039500000013, 21.0322195 ], [ 105.85104, 21.0322881 ] ] ] } },
{ "type": "Feature", "properties": { "element": "way", "id": 1367119038, "estimated_height": 12.0 }, "geometry": { "type": "Polygon", "coordinates": [ [ [ 105.851082500000018, 21.0322217 ], [ 105.8510829, 21.032189 ], [ 105.8510701, 21.0321679 ], [ 105.8510625, 21.0320188 ], [ 105.8510355, 21.0320143 ], [ 105.8510358, 21.0321968 ], [ 105.851039500000013, 21.0322195 ], [ 105.851082500000018, 21.0322217 ] ] ] } },
{ "type": "Feature", "properties": { "element": "way", "id": 1369134423, "estimated_height": 12.0 }, "geometry": { "type": "Polygon", "coordinates": [ [ [ 105.8559383, 21.024236 ], [ 105.8559183, 21.0241888 ], [ 105.855983, 21.024165 ], [ 105.856003, 21.0242122 ], [ 105.8559383, 21.024236 ] ] ] } },
{ "type": "Feature", "properties": { "element": "way", "id": 1369134424, "estimated_height": 12.0 }, "geometry": { "type": "Polygon", "coordinates": [ [ [ 105.8561892, 21.0242082 ], [ 105.856235, 21.0241966 ], [ 105.8562052, 21.0240947 ], [ 105.8561594, 21.0241064 ], [ 105.8561892, 21.0242082 ] ] ] } },
{ "type": "Feature", "properties": { "element": "way", "id": 1369134425, "estimated_height": 12.0 }, "geometry": { "type": "Polygon", "coordinates": [ [ [ 105.8562498, 21.0243203 ], [ 105.8562398, 21.0242863 ], [ 105.8562183, 21.0242863 ], [ 105.856197300000019, 21.0242156 ], [ 105.8562472, 21.0242027 ], [ 105.8562798, 21.0243125 ], [ 105.8562498, 21.0243203 ] ] ] } },
{ "type": "Feature", "properties": { "element": "way", "id": 1369134426, "estimated_height": 12.0 }, "geometry": { "type": "Polygon", "coordinates": [ [ [ 105.8558056, 21.0243717 ], [ 105.8558368, 21.024464 ], [ 105.8559028, 21.0244446 ], [ 105.8558853, 21.0243924 ], [ 105.8558487, 21.0244032 ], [ 105.8558351, 21.024363 ], [ 105.8558056, 21.0243717 ] ] ] } },
{ "type": "Feature", "properties": { "element": "way", "id": 1369134427, "estimated_height": 12.0 }, "geometry": { "type": "Polygon", "coordinates": [ [ [ 105.8558499, 21.0245075 ], [ 105.855899, 21.024491 ], [ 105.8558866, 21.0244588 ], [ 105.8558375, 21.0244753 ], [ 105.8558499, 21.0245075 ] ] ] } },
{ "type": "Feature", "properties": { "element": "way", "id": 1369134428, "estimated_height": 12.0 }, "geometry": { "type": "Polygon", "coordinates": [ [ [ 105.855916800000017, 21.0245174 ], [ 105.8558998, 21.0244572 ], [ 105.8559438, 21.0244464 ], [ 105.8559608, 21.0245066 ], [ 105.855916800000017, 21.0245174 ] ] ] } },
{ "type": "Feature", "properties": { "element": "way", "id": 1369137863, "estimated_height": 12.0 }, "geometry": { "type": "Polygon", "coordinates": [ [ [ 105.855775, 21.0242827 ], [ 105.8558747, 21.0242517 ], [ 105.855853, 21.0241911 ], [ 105.8557534, 21.0242221 ], [ 105.855775, 21.0242827 ] ] ] } },
{ "type": "Feature", "properties": { "element": "way", "id": 1369137864, "estimated_height": 12.0 }, "geometry": { "type": "Polygon", "coordinates": [ [ [ 105.8559703, 21.0243941 ], [ 105.8560138, 21.0243842 ], [ 105.8560246, 21.0244259 ], [ 105.8559811, 21.0244357 ], [ 105.8559703, 21.0243941 ] ] ] } },
{ "type": "Feature", "properties": { "element": "way", "id": 1369137865, "estimated_height": 12.0 }, "geometry": { "type": "Polygon", "coordinates": [ [ [ 105.856390600000012, 21.0242428 ], [ 105.8563832, 21.0242144 ], [ 105.856415900000016, 21.0242069 ], [ 105.8564233, 21.0242353 ], [ 105.856390600000012, 21.0242428 ] ] ] } },
{ "type": "Feature", "properties": { "element": "way", "id": 1369137866, "estimated_height": 12.0 }, "geometry": { "type": "Polygon", "coordinates": [ [ [ 105.85637, 21.0241836 ], [ 105.8563779, 21.0242096 ], [ 105.8564128, 21.0242004 ], [ 105.8564049, 21.0241744 ], [ 105.85637, 21.0241836 ] ] ] } },
{ "type": "Feature", "properties": { "element": "way", "id": 1369736963, "estimated_height": 12.0 }, "geometry": { "type": "Polygon", "coordinates": [ [ [ 105.8539928, 21.0244751 ], [ 105.8540544, 21.0244651 ], [ 105.8540263, 21.0243574 ], [ 105.8539874, 21.0243612 ], [ 105.8540048, 21.0244012 ], [ 105.853968600000016, 21.0244113 ], [ 105.8539807, 21.0244551 ], [ 105.8539928, 21.0244751 ] ] ] } },
{ "type": "Feature", "properties": { "element": "way", "id": 1369736964, "estimated_height": 12.0 }, "geometry": { "type": "Polygon", "coordinates": [ [ [ 105.8542883, 21.0247343 ], [ 105.8542253, 21.0245516 ], [ 105.8542723, 21.024519 ], [ 105.8543286, 21.0247005 ], [ 105.8542977, 21.0247055 ], [ 105.8542883, 21.0247343 ] ] ] } },
{ "type": "Feature", "properties": { "element": "way", "id": 1369736965, "estimated_height": 12.0 }, "geometry": { "type": "Polygon", "coordinates": [ [ [ 105.85428570000002, 21.0244977 ], [ 105.8542655, 21.0244539 ], [ 105.8542977, 21.0244389 ], [ 105.8542642, 21.0243513 ], [ 105.8543071, 21.02434 ], [ 105.8543621, 21.0244802 ], [ 105.85428570000002, 21.0244977 ] ] ] } },
{ "type": "Feature", "properties": { "element": "way", "id": 1369736966, "estimated_height": 12.0 }, "geometry": { "type": "Polygon", "coordinates": [ [ [ 105.8541516, 21.024484 ], [ 105.8542146, 21.0244602 ], [ 105.8542119, 21.0243726 ], [ 105.8542065, 21.0243525 ], [ 105.8541529, 21.0243538 ], [ 105.854173, 21.0244226 ], [ 105.8541341, 21.0244364 ], [ 105.8541368, 21.0244552 ], [ 105.8541516, 21.024484 ] ] ] } },
{ "type": "Feature", "properties": { "element": "way", "id": 1370090437, "estimated_height": 12.0 }, "geometry": { "type": "Polygon", "coordinates": [ [ [ 105.8558586, 21.0321213 ], [ 105.8557093, 21.0320841 ], [ 105.8556598, 21.0322575 ], [ 105.8558568, 21.0323066 ], [ 105.8558775, 21.0322341 ], [ 105.8557397, 21.0321998 ], [ 105.8557438, 21.0321856 ], [ 105.855872, 21.0322175 ], [ 105.8558839, 21.0322004 ], [ 105.8559404, 21.0322144 ], [ 105.8559542, 21.0321661 ], [ 105.855853, 21.0321409 ], [ 105.8558586, 21.0321213 ] ] ] } },
{ "type": "Feature", "properties": { "element": "way", "id": 1370090634, "estimated_height": 12.0 }, "geometry": { "type": "Polygon", "coordinates": [ [ [ 105.8558263, 21.0323829 ], [ 105.8559039, 21.0323983 ], [ 105.8559178, 21.0323378 ], [ 105.8558402, 21.0323223 ], [ 105.8558263, 21.0323829 ] ] ] } },
{ "type": "Feature", "properties": { "element": "way", "id": 1370090635, "estimated_height": 12.0 }, "geometry": { "type": "Polygon", "coordinates": [ [ [ 105.8556105, 21.0324347 ], [ 105.8556712, 21.0324514 ], [ 105.8556962, 21.0323722 ], [ 105.8556355, 21.0323555 ], [ 105.8556105, 21.0324347 ] ] ] } },
{ "type": "Feature", "properties": { "element": "way", "id": 1370090636, "estimated_height": 12.0 }, "geometry": { "type": "Polygon", "coordinates": [ [ [ 105.8555928, 21.0325172 ], [ 105.8556091, 21.0324547 ], [ 105.855672, 21.0324662 ], [ 105.8556565, 21.0325286 ], [ 105.8555928, 21.0325172 ] ] ] } },
{ "type": "Feature", "properties": { "element": "way", "id": 1370090637, "estimated_height": 12.0 }, "geometry": { "type": "Polygon", "coordinates": [ [ [ 105.8556642, 21.0325311 ], [ 105.8557257, 21.0325415 ], [ 105.8557389, 21.0324678 ], [ 105.8556995, 21.0324571 ], [ 105.8556913, 21.0324797 ], [ 105.855679, 21.0324783 ], [ 105.8556642, 21.0325311 ] ] ] } },
{ "type": "Feature", "properties": { "element": "way", "id": 1370090638, "estimated_height": 12.0 }, "geometry": { "type": "Polygon", "coordinates": [ [ [ 105.855737, 21.0325461 ], [ 105.8557523, 21.0324906 ], [ 105.8558183, 21.0325065 ], [ 105.8558228, 21.0324906 ], [ 105.8558576, 21.032499 ], [ 105.8558378, 21.0325704 ], [ 105.855737, 21.0325461 ] ] ] } },
{ "type": "Feature", "properties": { "element": "way", "id": 1370090639, "estimated_height": 12.0 }, "geometry": { "type": "Polygon", "coordinates": [ [ [ 105.855694200000016, 21.0324338 ], [ 105.8557516, 21.0324448 ], [ 105.855764100000016, 21.0323878 ], [ 105.8557067, 21.032376899999988 ], [ 105.855694200000016, 21.0324338 ] ] ] } },
{ "type": "Feature", "properties": { "element": "way", "id": 1370716456, "estimated_height": 12.0 }, "geometry": { "type": "Polygon", "coordinates": [ [ [ 105.8586919, 21.0318656 ], [ 105.8587147, 21.0318825 ], [ 105.8587336, 21.0318604 ], [ 105.8587108, 21.0318435 ], [ 105.8586919, 21.0318656 ] ] ] } },
{ "type": "Feature", "properties": { "element": "way", "id": 1370836870, "estimated_height": 12.0 }, "geometry": { "type": "Polygon", "coordinates": [ [ [ 105.8552911, 21.0323088 ], [ 105.8552281, 21.0322918 ], [ 105.8552603, 21.0321311 ], [ 105.8553079, 21.0320031 ], [ 105.8553652, 21.0320201 ], [ 105.8553191, 21.0321468 ], [ 105.8552911, 21.0323088 ] ] ] } },
{ "type": "Feature", "properties": { "element": "way", "id": 1370836871, "estimated_height": 12.0 }, "geometry": { "type": "Polygon", "coordinates": [ [ [ 105.8555332, 21.0321925 ], [ 105.8553372, 21.0321703 ], [ 105.855382, 21.0320018 ], [ 105.8555653, 21.0320253 ], [ 105.8555332, 21.0321925 ] ] ] } },
{ "type": "Feature", "properties": { "element": "way", "id": 1370836872, "estimated_height": 12.0 }, "geometry": { "type": "Polygon", "coordinates": [ [ [ 105.8554982, 21.0323075 ], [ 105.8553093, 21.0322761 ], [ 105.855333, 21.0321794 ], [ 105.855529, 21.0322043 ], [ 105.8554982, 21.0323075 ] ] ] } },
{ "type": "Feature", "properties": { "element": "way", "id": 1370836873, "estimated_height": 12.0 }, "geometry": { "type": "Polygon", "coordinates": [ [ [ 105.8554618, 21.0324355 ], [ 105.855352600000018, 21.0324159 ], [ 105.8553736, 21.0323218 ], [ 105.8554982, 21.0323349 ], [ 105.8554618, 21.0324355 ] ] ] } },
{ "type": "Feature", "properties": { "element": "way", "id": 1370836874, "estimated_height": 12.0 }, "geometry": { "type": "Polygon", "coordinates": [ [ [ 105.855326, 21.0323793 ], [ 105.855244900000017, 21.0323584 ], [ 105.8552547, 21.0323127 ], [ 105.8553428, 21.032331 ], [ 105.855326, 21.0323793 ] ] ] } },
{ "type": "Feature", "properties": { "element": "way", "id": 1370836875, "estimated_height": 12.0 }, "geometry": { "type": "Polygon", "coordinates": [ [ [ 105.8551497, 21.0323453 ], [ 105.8551175, 21.0323349 ], [ 105.8551483, 21.0322552 ], [ 105.8551693, 21.0321873 ], [ 105.855198700000017, 21.0322069 ], [ 105.8551791, 21.0322683 ], [ 105.8551497, 21.0323453 ] ] ] } },
{ "type": "Feature", "properties": { "element": "way", "id": 1370836876, "estimated_height": 12.0 }, "geometry": { "type": "Polygon", "coordinates": [ [ [ 105.8553638, 21.0316256 ], [ 105.8552953, 21.0316348 ], [ 105.8552925, 21.0315434 ], [ 105.8553666, 21.0315381 ], [ 105.8553638, 21.0316256 ] ] ] } },
{ "type": "Feature", "properties": { "element": "way", "id": 1370836877, "estimated_height": 12.0 }, "geometry": { "type": "Polygon", "coordinates": [ [ [ 105.8550028, 21.031721 ], [ 105.8549454, 21.0317132 ], [ 105.8550028, 21.0314545 ], [ 105.8550756, 21.0314389 ], [ 105.8550028, 21.031721 ] ] ] } },
{ "type": "Feature", "properties": { "element": "way", "id": 1370836878, "estimated_height": 12.0 }, "geometry": { "type": "Polygon", "coordinates": [ [ [ 105.8547747, 21.0317641 ], [ 105.8547369, 21.0317628 ], [ 105.8547481, 21.0315747 ], [ 105.8547859, 21.0315734 ], [ 105.8547747, 21.0317641 ] ] ] } },
{ "type": "Feature", "properties": { "element": "way", "id": 1370836879, "estimated_height": 12.0 }, "geometry": { "type": "Polygon", "coordinates": [ [ [ 105.8547313, 21.031687 ], [ 105.8547075, 21.0316857 ], [ 105.8547201, 21.0315577 ], [ 105.8547425, 21.031559 ], [ 105.8547313, 21.031687 ] ] ] } },
{ "type": "Feature", "properties": { "element": "way", "id": 1370836880, "estimated_height": 12.0 }, "geometry": { "type": "Polygon", "coordinates": [ [ [ 105.8548433, 21.0315447 ], [ 105.8547999, 21.031546 ], [ 105.8547859, 21.0317197 ], [ 105.8548195, 21.0317197 ], [ 105.8548433, 21.0315447 ] ] ] } },
{ "type": "Feature", "properties": { "element": "way", "id": 1370836881, "estimated_height": 12.0 }, "geometry": { "type": "Polygon", "coordinates": [ [ [ 105.8548629, 21.0317145 ], [ 105.8548335, 21.0317145 ], [ 105.8548517, 21.0315695 ], [ 105.8548852, 21.0315721 ], [ 105.8548629, 21.0317145 ] ] ] } },
{ "type": "Feature", "properties": { "element": "way", "id": 1370836882, "estimated_height": 12.0 }, "geometry": { "type": "Polygon", "coordinates": [ [ [ 105.854763500000018, 21.0320175 ], [ 105.8546306, 21.0319848 ], [ 105.8546446, 21.0319234 ], [ 105.8547845, 21.0319443 ], [ 105.854763500000018, 21.0320175 ] ] ] } },
{ "type": "Feature", "properties": { "element": "way", "id": 1370836883, "estimated_height": 12.0 }, "geometry": { "type": "Polygon", "coordinates": [ [ [ 105.8540726, 21.0317023 ], [ 105.8539796, 21.0316834 ], [ 105.8539939, 21.0316222 ], [ 105.8540905, 21.0316378 ], [ 105.8540726, 21.0317023 ] ] ] } },
{ "type": "Feature", "properties": { "element": "way", "id": 1370836884, "estimated_height": 12.0 }, "geometry": { "type": "Polygon", "coordinates": [ [ [ 105.8541156, 21.0316044 ], [ 105.8540034, 21.0315966 ], [ 105.854013, 21.0315443 ], [ 105.8541263, 21.0315431 ], [ 105.8541156, 21.0316044 ] ] ] } },
{ "type": "Feature", "properties": { "element": "way", "id": 1370836885, "estimated_height": 12.0 }, "geometry": { "type": "Polygon", "coordinates": [ [ [ 105.8540869, 21.0314986 ], [ 105.8540261, 21.0314942 ], [ 105.854013, 21.0315276 ], [ 105.854081, 21.0315354 ], [ 105.8540869, 21.0314986 ] ] ] } },
{ "type": "Feature", "properties": { "element": "way", "id": 1370836886, "estimated_height": 12.0 }, "geometry": { "type": "Polygon", "coordinates": [ [ [ 105.8541652, 21.0315437 ], [ 105.8541056, 21.0315361 ], [ 105.854114900000013, 21.0314722 ], [ 105.8541745, 21.0314797 ], [ 105.8541652, 21.0315437 ] ] ] } },
{ "type": "Feature", "properties": { "element": "way", "id": 1370836887, "estimated_height": 12.0 }, "geometry": { "type": "Polygon", "coordinates": [ [ [ 105.8540404, 21.0318226 ], [ 105.8539426, 21.031817 ], [ 105.8539521, 21.0317736 ], [ 105.8540523, 21.0317814 ], [ 105.8540404, 21.0318226 ] ] ] } },
{ "type": "Feature", "properties": { "element": "way", "id": 1370836888, "estimated_height": 12.0 }, "geometry": { "type": "Polygon", "coordinates": [ [ [ 105.8540535, 21.0317703 ], [ 105.8539724, 21.0317625 ], [ 105.8539796, 21.031709 ], [ 105.8540678, 21.0317135 ], [ 105.8540535, 21.0317703 ] ] ] } },
{ "type": "Feature", "properties": { "element": "way", "id": 1370836889, "estimated_height": 12.0 }, "geometry": { "type": "Polygon", "coordinates": [ [ [ 105.8541012, 21.0317658 ], [ 105.8540655, 21.0317602 ], [ 105.854081, 21.0317035 ], [ 105.8541179, 21.031709 ], [ 105.8541012, 21.0317658 ] ] ] } },
{ "type": "Feature", "properties": { "element": "way", "id": 1370836890, "estimated_height": 12.0 }, "geometry": { "type": "Polygon", "coordinates": [ [ [ 105.8541573, 21.0317881 ], [ 105.8541001, 21.0317858 ], [ 105.8541191, 21.0317324 ], [ 105.854168, 21.0317402 ], [ 105.8541573, 21.0317881 ] ] ] } },
{ "type": "Feature", "properties": { "element": "way", "id": 1370836891, "estimated_height": 12.0 }, "geometry": { "type": "Polygon", "coordinates": [ [ [ 105.8542861, 21.0321265 ], [ 105.8542969, 21.0320286 ], [ 105.8544281, 21.0320375 ], [ 105.8544245, 21.0320842 ], [ 105.8543386, 21.0320809 ], [ 105.8543314, 21.0321299 ], [ 105.8542861, 21.0321265 ] ] ] } },
{ "type": "Feature", "properties": { "element": "way", "id": 1370836892, "estimated_height": 12.0 }, "geometry": { "type": "Polygon", "coordinates": [ [ [ 105.8544364, 21.0319907 ], [ 105.8542992, 21.0319818 ], [ 105.8543076, 21.0319261 ], [ 105.8544471, 21.031935 ], [ 105.8544364, 21.0319907 ] ] ] } },
{ "type": "Feature", "properties": { "element": "way", "id": 1370836894, "estimated_height": 12.0 }, "geometry": { "type": "Polygon", "coordinates": [ [ [ 105.854386, 21.0318151 ], [ 105.8542474, 21.0318106 ], [ 105.8542496, 21.0317505 ], [ 105.8542882, 21.0317517 ], [ 105.8542871, 21.0317816 ], [ 105.8543871, 21.0317847 ], [ 105.854386, 21.0318151 ] ] ] } },
{ "type": "Feature", "properties": { "element": "way", "id": 1370836895, "estimated_height": 12.0 }, "geometry": { "type": "Polygon", "coordinates": [ [ [ 105.8543541, 21.0316467 ], [ 105.854279, 21.0316456 ], [ 105.8542933, 21.0315042 ], [ 105.8543601, 21.0315031 ], [ 105.8543541, 21.0316467 ] ] ] } },
{ "type": "Feature", "properties": { "element": "way", "id": 1370836897, "estimated_height": 12.0 }, "geometry": { "type": "Polygon", "coordinates": [ [ [ 105.8537756, 21.0317424 ], [ 105.853704, 21.0317324 ], [ 105.8537124, 21.0316979 ], [ 105.8537816, 21.0317068 ], [ 105.8537783, 21.0317262 ], [ 105.8537756, 21.0317424 ] ] ] } },
{ "type": "Feature", "properties": { "element": "way", "id": 1370836898, "estimated_height": 12.0 }, "geometry": { "type": "Polygon", "coordinates": [ [ [ 105.8537005, 21.0317536 ], [ 105.8536563, 21.0317513 ], [ 105.8536683, 21.0316879 ], [ 105.8537124, 21.0316879 ], [ 105.8536993, 21.0317207 ], [ 105.8537005, 21.0317536 ] ] ] } },
{ "type": "Feature", "properties": { "element": "way", "id": 1370836899, "estimated_height": 12.0 }, "geometry": { "type": "Polygon", "coordinates": [ [ [ 105.853772, 21.0319016 ], [ 105.8536957, 21.0318938 ], [ 105.8537076, 21.0318571 ], [ 105.8537485, 21.031855 ], [ 105.853815, 21.0318515 ], [ 105.853772, 21.0319016 ] ] ] } },
{ "type": "Feature", "properties": { "element": "way", "id": 1370836900, "estimated_height": 12.0 }, "geometry": { "type": "Polygon", "coordinates": [ [ [ 105.8538186, 21.0318014 ], [ 105.8537303, 21.031797 ], [ 105.8537124, 21.0318482 ], [ 105.8537485, 21.031855 ], [ 105.8537518, 21.0318404 ], [ 105.8537935, 21.0318449 ], [ 105.8538186, 21.0318014 ] ] ] } },
{ "type": "Feature", "properties": { "element": "way", "id": 1370836901, "estimated_height": 12.0 }, "geometry": { "type": "Polygon", "coordinates": [ [ [ 105.8538364, 21.0317324 ], [ 105.8537783, 21.0317262 ], [ 105.8537792, 21.0317502 ], [ 105.8537422, 21.0317458 ], [ 105.8537267, 21.0317858 ], [ 105.853769700000015, 21.0317914 ], [ 105.8537768, 21.0317803 ], [ 105.8537983, 21.0317803 ], [ 105.8538078, 21.0317647 ], [ 105.8538376, 21.0317691 ], [ 105.8538364, 21.0317324 ] ] ] } },
{ "type": "Feature", "properties": { "element": "way", "id": 1370836902, "estimated_height": 12.0 }, "geometry": { "type": "Polygon", "coordinates": [ [ [ 105.8541776, 21.0319339 ], [ 105.8541694, 21.0319337 ], [ 105.8540368, 21.0319306 ], [ 105.8539498, 21.0318827 ], [ 105.8539605, 21.0318382 ], [ 105.8540237, 21.031846 ], [ 105.8541585, 21.0318571 ], [ 105.8542098, 21.0318693 ], [ 105.8541776, 21.0319339 ] ] ] } },
{ "type": "Feature", "properties": { "element": "way", "id": 1370836903, "estimated_height": 12.0 }, "geometry": { "type": "Polygon", "coordinates": [ [ [ 105.8540213, 21.0319684 ], [ 105.8539438, 21.0319606 ], [ 105.853951, 21.0318972 ], [ 105.8540368, 21.0319306 ], [ 105.8540213, 21.0319684 ] ] ] } },
{ "type": "Feature", "properties": { "element": "way", "id": 1370836904, "estimated_height": 12.0 }, "geometry": { "type": "Polygon", "coordinates": [ [ [ 105.8540977, 21.0319818 ], [ 105.8541072, 21.0319428 ], [ 105.8540368, 21.0319306 ], [ 105.8540213, 21.0319684 ], [ 105.8540977, 21.0319818 ] ] ] } },
{ "type": "Feature", "properties": { "element": "way", "id": 1370836905, "estimated_height": 12.0 }, "geometry": { "type": "Polygon", "coordinates": [ [ [ 105.8541442, 21.0319996 ], [ 105.8541442, 21.0319862 ], [ 105.8541096, 21.0319796 ], [ 105.8541072, 21.0319428 ], [ 105.8541694, 21.0319337 ], [ 105.8541645, 21.0319929 ], [ 105.8541442, 21.0319996 ] ] ] } },
{ "type": "Feature", "properties": { "element": "way", "id": 1371057142, "estimated_height": 12.0 }, "geometry": { "type": "Polygon", "coordinates": [ [ [ 105.8577076, 21.0275372 ], [ 105.8576567, 21.0276837 ], [ 105.8575063, 21.0276453 ], [ 105.857557600000021, 21.0274826 ], [ 105.8577076, 21.0275372 ] ] ] } },
{ "type": "Feature", "properties": { "element": "way", "id": 1371057143, "estimated_height": 12.0 }, "geometry": { "type": "Polygon", "coordinates": [ [ [ 105.8577044, 21.0272777 ], [ 105.8577735, 21.0270618 ], [ 105.8583287, 21.0272164 ], [ 105.8582328, 21.0274142 ], [ 105.8577044, 21.0272777 ] ] ] } },
{ "type": "Feature", "properties": { "element": "way", "id": 1371344678, "estimated_height": 12.0 }, "geometry": { "type": "Polygon", "coordinates": [ [ [ 105.8505687, 21.0326942 ], [ 105.8506092, 21.0327091 ], [ 105.8506217, 21.0326795 ], [ 105.850581, 21.0326647 ], [ 105.8505687, 21.0326942 ] ] ] } },
{ "type": "Feature", "properties": { "element": "way", "id": 1371344681, "estimated_height": 12.0 }, "geometry": { "type": "Polygon", "coordinates": [ [ [ 105.8505833, 21.0329578 ], [ 105.8505962, 21.0329211 ], [ 105.8506822, 21.0329473 ], [ 105.850669400000015, 21.032984 ], [ 105.8506544, 21.0329804 ], [ 105.8505833, 21.0329578 ] ] ] } },
{ "type": "Feature", "properties": { "element": "way", "id": 1371344682, "estimated_height": 12.0 }, "geometry": { "type": "Polygon", "coordinates": [ [ [ 105.8506847, 21.0329702 ], [ 105.8507563, 21.0329899 ], [ 105.8507654, 21.0329612 ], [ 105.8506937, 21.0329415 ], [ 105.8506847, 21.0329702 ] ] ] } },
{ "type": "Feature", "properties": { "element": "way", "id": 1371345868, "estimated_height": 12.0 }, "geometry": { "type": "Polygon", "coordinates": [ [ [ 105.8509176, 21.0325624 ], [ 105.8509253, 21.0325043 ], [ 105.8509524, 21.0325074 ], [ 105.8509447, 21.0325655 ], [ 105.8509176, 21.0325624 ] ] ] } },
{ "type": "Feature", "properties": { "element": "way", "id": 1371346013, "estimated_height": 12.0 }, "geometry": { "type": "Polygon", "coordinates": [ [ [ 105.8508628, 21.0329879 ], [ 105.8507866, 21.0329751 ], [ 105.8507943, 21.0329355 ], [ 105.8508838, 21.0329505 ], [ 105.8508628, 21.0329879 ] ] ] } },
{ "type": "Feature", "properties": { "element": "way", "id": 1373166486, "estimated_height": 12.0 }, "geometry": { "type": "Polygon", "coordinates": [ [ [ 105.8546235, 21.0247859 ], [ 105.8546784, 21.0247746 ], [ 105.8546388, 21.0246427 ], [ 105.8545798, 21.0246617 ], [ 105.8546235, 21.0247859 ] ] ] } },
{ "type": "Feature", "properties": { "element": "way", "id": 1373166487, "estimated_height": 12.0 }, "geometry": { "type": "Polygon", "coordinates": [ [ [ 105.8543169, 21.024233 ], [ 105.8544236, 21.0242008 ], [ 105.8544114, 21.02416 ], [ 105.8543027, 21.0241932 ], [ 105.8543169, 21.024233 ] ] ] } },
{ "type": "Feature", "properties": { "element": "way", "id": 1373166489, "estimated_height": 12.0 }, "geometry": { "type": "Polygon", "coordinates": [ [ [ 105.8545212, 21.0244826 ], [ 105.854631, 21.0244674 ], [ 105.8546198, 21.0244076 ], [ 105.8544897, 21.0244361 ], [ 105.8545212, 21.0244826 ] ] ] } },
{ "type": "Feature", "properties": { "element": "way", "id": 1373166490, "estimated_height": 12.0 }, "geometry": { "type": "Polygon", "coordinates": [ [ [ 105.8544511, 21.0245509 ], [ 105.8545578, 21.0245243 ], [ 105.8545791, 21.024603 ], [ 105.8544602, 21.0246277 ], [ 105.8544511, 21.0245509 ] ] ] } },
{ "type": "Feature", "properties": { "element": "way", "id": 1373166491, "estimated_height": 12.0 }, "geometry": { "type": "Polygon", "coordinates": [ [ [ 105.854674, 21.0245366 ], [ 105.8546395, 21.0244697 ], [ 105.8546846, 21.0244366 ], [ 105.854666, 21.0243887 ], [ 105.8546917, 21.0243871 ], [ 105.854674, 21.0245366 ] ] ] } },
{ "type": "Feature", "properties": { "element": "way", "id": 1373166493, "estimated_height": 12.0 }, "geometry": { "type": "Polygon", "coordinates": [ [ [ 105.8542729, 21.0242286 ], [ 105.8542742, 21.0242029 ], [ 105.8542923, 21.0242023 ], [ 105.8543044, 21.0242217 ], [ 105.8542729, 21.0242286 ] ] ] } },
{ "type": "Feature", "properties": { "element": "way", "id": 1373166494, "estimated_height": 12.0 }, "geometry": { "type": "Polygon", "coordinates": [ [ [ 105.8540195, 21.0241076 ], [ 105.8540693, 21.0240982 ], [ 105.854051, 21.0240223 ], [ 105.853983900000017, 21.0240365 ], [ 105.8540195, 21.0241076 ] ] ] } },
{ "type": "Feature", "properties": { "element": "way", "id": 1374490291, "estimated_height": 12.0 }, "geometry": { "type": "Polygon", "coordinates": [ [ [ 105.8575204, 21.0308547 ], [ 105.8575366, 21.0308235 ], [ 105.8574375, 21.0307826 ], [ 105.8574001, 21.0308347 ], [ 105.857453100000015, 21.0308553 ], [ 105.8574731, 21.0308371 ], [ 105.8575204, 21.0308547 ] ] ] } },
{ "type": "Feature", "properties": { "element": "way", "id": 1374490292, "estimated_height": 12.0 }, "geometry": { "type": "Polygon", "coordinates": [ [ [ 105.8580772, 21.029742 ], [ 105.858188500000011, 21.0295028 ], [ 105.8581114, 21.0294772 ], [ 105.8579874, 21.0296938 ], [ 105.8580772, 21.029742 ] ] ] } },
{ "type": "Feature", "properties": { "element": "way", "id": 1376147616, "estimated_height": 12.0 }, "geometry": { "type": "Polygon", "coordinates": [ [ [ 105.8564038, 21.0301658 ], [ 105.856347600000021, 21.0302687 ], [ 105.8560998, 21.0301509 ], [ 105.8561179, 21.0301178 ], [ 105.8561784, 21.0301466 ], [ 105.8561871, 21.0301308 ], [ 105.8562281, 21.0301503 ], [ 105.85623750000002, 21.030133 ], [ 105.8562604, 21.0301327 ], [ 105.8562951, 21.0301492 ], [ 105.8563103, 21.0301214 ], [ 105.8564038, 21.0301658 ] ] ] } },
{ "type": "Feature", "properties": { "element": "way", "id": 1376147617, "estimated_height": 12.0 }, "geometry": { "type": "Polygon", "coordinates": [ [ [ 105.8556567, 21.0310195 ], [ 105.8557101, 21.0310177 ], [ 105.8557173, 21.0312058 ], [ 105.8556639, 21.0312075 ], [ 105.8556585, 21.0310663 ], [ 105.8556567, 21.0310195 ] ] ] } },
{ "type": "Feature", "properties": { "element": "way", "id": 1376147618, "estimated_height": 12.0 }, "geometry": { "type": "Polygon", "coordinates": [ [ [ 105.8555915, 21.0311177 ], [ 105.8555996, 21.0312336 ], [ 105.855551100000014, 21.0312365 ], [ 105.8555359, 21.0310188 ], [ 105.8555723, 21.0310166 ], [ 105.8555737, 21.0310367 ], [ 105.8556097, 21.0310345 ], [ 105.8556154, 21.0311162 ], [ 105.8555915, 21.0311177 ] ] ] } },
{ "type": "Feature", "properties": { "element": "way", "id": 1376147619, "estimated_height": 12.0 }, "geometry": { "type": "Polygon", "coordinates": [ [ [ 105.855265, 21.0306798 ], [ 105.8552563, 21.0307073 ], [ 105.8553215, 21.0307254 ], [ 105.8553566, 21.0306149 ], [ 105.855074, 21.0305366 ], [ 105.8550674, 21.0305575 ], [ 105.8550846, 21.0305623 ], [ 105.8550759, 21.0305894 ], [ 105.8550932, 21.0305941 ], [ 105.855082, 21.0306292 ], [ 105.855265, 21.0306798 ] ] ] } },
{ "type": "Feature", "properties": { "element": "way", "id": 1376147620, "estimated_height": 12.0 }, "geometry": { "type": "Polygon", "coordinates": [ [ [ 105.8550763, 21.0305662 ], [ 105.8550694, 21.030588 ], [ 105.855093, 21.0305945 ], [ 105.8550869, 21.0306136 ], [ 105.8550669, 21.030608 ], [ 105.855063, 21.0306202 ], [ 105.854998, 21.030602 ], [ 105.85500260000002, 21.0305878 ], [ 105.854989, 21.030584 ], [ 105.8549987, 21.0305539 ], [ 105.8550269, 21.0305618 ], [ 105.8550296, 21.0305532 ], [ 105.8550763, 21.0305662 ] ] ] } },
{ "type": "Feature", "properties": { "element": "way", "id": 1376149996, "estimated_height": 12.0 }, "geometry": { "type": "Polygon", "coordinates": [ [ [ 105.8548357, 21.0312646 ], [ 105.8548443, 21.0313459 ], [ 105.8548746, 21.0313431 ], [ 105.8548753, 21.0313495 ], [ 105.854896900000014, 21.031347599999989 ], [ 105.8548938, 21.0313182 ], [ 105.8548846, 21.031319 ], [ 105.8548785, 21.0312607 ], [ 105.8548357, 21.0312646 ] ] ] } },
{ "type": "Feature", "properties": { "element": "way", "id": 1376149997, "estimated_height": 12.0 }, "geometry": { "type": "Polygon", "coordinates": [ [ [ 105.854923, 21.0313258 ], [ 105.8549236, 21.0313488 ], [ 105.8549001, 21.0313494 ], [ 105.8548994, 21.0313264 ], [ 105.854923, 21.0313258 ] ] ] } },
{ "type": "Feature", "properties": { "element": "way", "id": 1376149998, "estimated_height": 12.0 }, "geometry": { "type": "Polygon", "coordinates": [ [ [ 105.8552082, 21.0312299 ], [ 105.8552024, 21.0311445 ], [ 105.8551671, 21.0311466 ], [ 105.8551729, 21.031232 ], [ 105.8552082, 21.0312299 ] ] ] } },
{ "type": "Feature", "properties": { "element": "way", "id": 1376149999, "estimated_height": 12.0 }, "geometry": { "type": "Polygon", "coordinates": [ [ [ 105.8552499, 21.031193 ], [ 105.8552415, 21.0310557 ], [ 105.8552016, 21.0310578 ], [ 105.85521, 21.0311952 ], [ 105.8552499, 21.031193 ] ] ] } },
{ "type": "Feature", "properties": { "element": "way", "id": 1376150000, "estimated_height": 12.0 }, "geometry": { "type": "Polygon", "coordinates": [ [ [ 105.8552391, 21.0310447 ], [ 105.8551946, 21.0310452 ], [ 105.8551934, 21.030946 ], [ 105.8552379, 21.0309455 ], [ 105.8552391, 21.0310447 ] ] ] } },
{ "type": "Feature", "properties": { "element": "way", "id": 1376150001, "estimated_height": 12.0 }, "geometry": { "type": "Polygon", "coordinates": [ [ [ 105.8551944, 21.031128 ], [ 105.8551666, 21.0311288 ], [ 105.85516290000001, 21.0310179 ], [ 105.8551907, 21.0310171 ], [ 105.8551944, 21.031128 ] ] ] } },
{ "type": "Feature", "properties": { "element": "way", "id": 1376150002, "estimated_height": 12.0 }, "geometry": { "type": "Polygon", "coordinates": [ [ [ 105.8552161, 21.0312902 ], [ 105.8552124, 21.0312123 ], [ 105.855254, 21.0312105 ], [ 105.8552577, 21.0312885 ], [ 105.8552161, 21.0312902 ] ] ] } },
{ "type": "Feature", "properties": { "element": "way", "id": 1376150003, "estimated_height": 12.0 }, "geometry": { "type": "Polygon", "coordinates": [ [ [ 105.85526, 21.0312612 ], [ 105.8552891, 21.0312592 ], [ 105.8552802, 21.0311482 ], [ 105.8552512, 21.0311502 ], [ 105.85526, 21.0312612 ] ] ] } },
{ "type": "Feature", "properties": { "element": "way", "id": 1376150004, "estimated_height": 12.0 }, "geometry": { "type": "Polygon", "coordinates": [ [ [ 105.8552836, 21.0311018 ], [ 105.8553418, 21.0311006 ], [ 105.8553433, 21.031163 ], [ 105.855285100000017, 21.0311641 ], [ 105.8552836, 21.0311018 ] ] ] } },
{ "type": "Feature", "properties": { "element": "way", "id": 1376150005, "estimated_height": 12.0 }, "geometry": { "type": "Polygon", "coordinates": [ [ [ 105.8553275, 21.0309397 ], [ 105.855246, 21.0309402 ], [ 105.8552468, 21.0310488 ], [ 105.8553283, 21.0310483 ], [ 105.8553275, 21.0309397 ] ] ] } },
{ "type": "Feature", "properties": { "element": "way", "id": 1376150006, "estimated_height": 12.0 }, "geometry": { "type": "Polygon", "coordinates": [ [ [ 105.8553053, 21.0308878 ], [ 105.8552677, 21.0308871 ], [ 105.8552667, 21.0309322 ], [ 105.8553044, 21.0309329 ], [ 105.8553053, 21.0308878 ] ] ] } },
{ "type": "Feature", "properties": { "element": "way", "id": 1376150007, "estimated_height": 12.0 }, "geometry": { "type": "Polygon", "coordinates": [ [ [ 105.855299, 21.0307871 ], [ 105.8553032, 21.0307273 ], [ 105.8553586, 21.0307306 ], [ 105.8553544, 21.0307904 ], [ 105.855299, 21.0307871 ] ] ] } },
{ "type": "Feature", "properties": { "element": "way", "id": 1376150008, "estimated_height": 12.0 }, "geometry": { "type": "Polygon", "coordinates": [ [ [ 105.8555515, 21.0307812 ], [ 105.855567600000015, 21.030735 ], [ 105.855630300000016, 21.030754 ], [ 105.8556143, 21.0308002 ], [ 105.8555515, 21.0307812 ] ] ] } },
{ "type": "Feature", "properties": { "element": "way", "id": 1376150009, "estimated_height": 12.0 }, "geometry": { "type": "Polygon", "coordinates": [ [ [ 105.8559476, 21.0308518 ], [ 105.8559664, 21.0308149 ], [ 105.8560395, 21.0308474 ], [ 105.8560206, 21.0308843 ], [ 105.8559476, 21.0308518 ] ] ] } },
{ "type": "Feature", "properties": { "element": "way", "id": 1376150010, "estimated_height": 12.0 }, "geometry": { "type": "Polygon", "coordinates": [ [ [ 105.8558643, 21.030661 ], [ 105.8559081, 21.0305831 ], [ 105.85610370000002, 21.0306789 ], [ 105.8561104, 21.030701 ], [ 105.856075, 21.0307641 ], [ 105.8558643, 21.030661 ] ] ] } },
{ "type": "Feature", "properties": { "element": "way", "id": 1376150011, "estimated_height": 12.0 }, "geometry": { "type": "Polygon", "coordinates": [ [ [ 105.8560765, 21.0305933 ], [ 105.8560998, 21.0305509 ], [ 105.8561644, 21.0305818 ], [ 105.8561411, 21.0306242 ], [ 105.8560765, 21.0305933 ] ] ] } },
{ "type": "Feature", "properties": { "element": "way", "id": 1376150012, "estimated_height": 12.0 }, "geometry": { "type": "Polygon", "coordinates": [ [ [ 105.8560705, 21.0305907 ], [ 105.8560617, 21.0306049 ], [ 105.8560754, 21.0306124 ], [ 105.8560665, 21.0306267 ], [ 105.8560543, 21.03062 ], [ 105.8560447, 21.0306354 ], [ 105.856000400000013, 21.0306112 ], [ 105.8560279, 21.030567499999989 ], [ 105.8560705, 21.0305907 ] ] ] } },
{ "type": "Feature", "properties": { "element": "way", "id": 1376150013, "estimated_height": 12.0 }, "geometry": { "type": "Polygon", "coordinates": [ [ [ 105.8559274, 21.0304761 ], [ 105.855903, 21.0305173 ], [ 105.8558157, 21.0304723 ], [ 105.8558401, 21.030431 ], [ 105.8559274, 21.0304761 ] ] ] } },
{ "type": "Feature", "properties": { "element": "way", "id": 1376150014, "estimated_height": 12.0 }, "geometry": { "type": "Polygon", "coordinates": [ [ [ 105.8560146, 21.0305277 ], [ 105.8559886, 21.0305138 ], [ 105.8560539, 21.0304069 ], [ 105.8560799, 21.0304208 ], [ 105.8560146, 21.0305277 ] ] ] } },
{ "type": "Feature", "properties": { "element": "way", "id": 1376150015, "estimated_height": 12.0 }, "geometry": { "type": "Polygon", "coordinates": [ [ [ 105.8559046, 21.0308088 ], [ 105.8559264, 21.0307629 ], [ 105.8559674, 21.0307799 ], [ 105.8559455, 21.0308258 ], [ 105.8559046, 21.0308088 ] ] ] } },
{ "type": "Feature", "properties": { "element": "way", "id": 1376150016, "estimated_height": 12.0 }, "geometry": { "type": "Polygon", "coordinates": [ [ [ 105.8558165, 21.0307951 ], [ 105.8558325, 21.0308024 ], [ 105.8558625, 21.0307448 ], [ 105.8558465, 21.0307376 ], [ 105.8558165, 21.0307951 ] ] ] } },
{ "type": "Feature", "properties": { "element": "way", "id": 1376150017, "estimated_height": 12.0 }, "geometry": { "type": "Polygon", "coordinates": [ [ [ 105.8558374, 21.0308172 ], [ 105.855856, 21.0308251 ], [ 105.855892700000012, 21.03075 ], [ 105.8558741, 21.0307421 ], [ 105.8558374, 21.0308172 ] ] ] } },
{ "type": "Feature", "properties": { "element": "way", "id": 1376150018, "estimated_height": 12.0 }, "geometry": { "type": "Polygon", "coordinates": [ [ [ 105.8558727, 21.030803 ], [ 105.8558948, 21.0308124 ], [ 105.855914, 21.0307729 ], [ 105.8558918, 21.0307636 ], [ 105.8558727, 21.030803 ] ] ] } },
{ "type": "Feature", "properties": { "element": "way", "id": 1376151760, "estimated_height": 12.0 }, "geometry": { "type": "Polygon", "coordinates": [ [ [ 105.8557734, 21.030404 ], [ 105.8558203, 21.0304278 ], [ 105.8558647, 21.0303515 ], [ 105.8558177, 21.0303277 ], [ 105.8557734, 21.030404 ] ] ] } },
{ "type": "Feature", "properties": { "element": "way", "id": 1376151761, "estimated_height": 12.0 }, "geometry": { "type": "Polygon", "coordinates": [ [ [ 105.8558459, 21.0302613 ], [ 105.8557901, 21.0302356 ], [ 105.8558207, 21.0301779 ], [ 105.8558765, 21.0302036 ], [ 105.8558459, 21.0302613 ] ] ] } },
{ "type": "Feature", "properties": { "element": "way", "id": 1376151762, "estimated_height": 12.0 }, "geometry": { "type": "Polygon", "coordinates": [ [ [ 105.8559764, 21.0302512 ], [ 105.8559557, 21.0302906 ], [ 105.8558626, 21.0302478 ], [ 105.8558833, 21.0302085 ], [ 105.8559764, 21.0302512 ] ] ] } },
{ "type": "Feature", "properties": { "element": "way", "id": 1376151763, "estimated_height": 12.0 }, "geometry": { "type": "Polygon", "coordinates": [ [ [ 105.8560365, 21.0302464 ], [ 105.8561536, 21.0303024 ], [ 105.8561287, 21.0303478 ], [ 105.8560116, 21.0302918 ], [ 105.8560365, 21.0302464 ] ] ] } },
{ "type": "Feature", "properties": { "element": "way", "id": 1376151764, "estimated_height": 12.0 }, "geometry": { "type": "Polygon", "coordinates": [ [ [ 105.8561644, 21.0302297 ], [ 105.8563385, 21.0303035 ], [ 105.8563219, 21.0303376 ], [ 105.8561477, 21.0302639 ], [ 105.8561644, 21.0302297 ] ] ] } },
{ "type": "Feature", "properties": { "element": "way", "id": 1376151765, "estimated_height": 12.0 }, "geometry": { "type": "Polygon", "coordinates": [ [ [ 105.856056, 21.0300403 ], [ 105.856036, 21.0300778 ], [ 105.85608, 21.0300983 ], [ 105.8561, 21.0300608 ], [ 105.856056, 21.0300403 ] ] ] } },
{ "type": "Feature", "properties": { "element": "way", "id": 1387780073, "estimated_height": 12.0 }, "geometry": { "type": "Polygon", "coordinates": [ [ [ 105.8575635, 21.0311324 ], [ 105.8575796, 21.0310723 ], [ 105.857668100000012, 21.0310974 ], [ 105.8576399, 21.0311637 ], [ 105.8575635, 21.0311324 ] ] ] } },
{ "type": "Feature", "properties": { "element": "way", "id": 1387780074, "estimated_height": 12.0 }, "geometry": { "type": "Polygon", "coordinates": [ [ [ 105.8576292, 21.0312801 ], [ 105.8576547, 21.0312063 ], [ 105.8576815, 21.031215 ], [ 105.8576619, 21.0312904 ], [ 105.8576292, 21.0312801 ] ] ] } },
{ "type": "Feature", "properties": { "element": "way", "id": 1387780075, "estimated_height": 12.0 }, "geometry": { "type": "Polygon", "coordinates": [ [ [ 105.8576688, 21.0311649 ], [ 105.8576983, 21.0310953 ], [ 105.8577382, 21.031105 ], [ 105.8577122, 21.0311778 ], [ 105.8576688, 21.0311649 ] ] ] } },
{ "type": "Feature", "properties": { "element": "way", "id": 1387780076, "estimated_height": 12.0 }, "geometry": { "type": "Polygon", "coordinates": [ [ [ 105.857582100000016, 21.0310443 ], [ 105.8575943, 21.0310127 ], [ 105.8576688, 21.0310394 ], [ 105.8576541, 21.0310767 ], [ 105.857582100000016, 21.0310443 ] ] ] } },
{ "type": "Feature", "properties": { "element": "way", "id": 1387780077, "estimated_height": 12.0 }, "geometry": { "type": "Polygon", "coordinates": [ [ [ 105.8577001, 21.0310499 ], [ 105.8577538, 21.0309204 ], [ 105.8578093, 21.0309488 ], [ 105.8577443, 21.0310686 ], [ 105.8577001, 21.0310499 ] ] ] } },
{ "type": "Feature", "properties": { "element": "way", "id": 1387780078, "estimated_height": 12.0 }, "geometry": { "type": "Polygon", "coordinates": [ [ [ 105.8576792, 21.0308484 ], [ 105.8577339, 21.0307278 ], [ 105.8577859, 21.0307537 ], [ 105.8577339, 21.0308597 ], [ 105.8576792, 21.0308484 ] ] ] } },
{ "type": "Feature", "properties": { "element": "way", "id": 1387780079, "estimated_height": 12.0 }, "geometry": { "type": "Polygon", "coordinates": [ [ [ 105.8577694, 21.0308686 ], [ 105.8578249, 21.0307626 ], [ 105.8578787, 21.030782 ], [ 105.8578093, 21.0308792 ], [ 105.8577694, 21.0308686 ] ] ] } },
{ "type": "Feature", "properties": { "element": "way", "id": 1387780080, "estimated_height": 12.0 }, "geometry": { "type": "Polygon", "coordinates": [ [ [ 105.8578666, 21.0308929 ], [ 105.8579169, 21.0307934 ], [ 105.8579628, 21.0308168 ], [ 105.857910800000013, 21.0309164 ], [ 105.8578666, 21.0308929 ] ] ] } },
{ "type": "Feature", "properties": { "element": "way", "id": 1387780081, "estimated_height": 12.0 }, "geometry": { "type": "Polygon", "coordinates": [ [ [ 105.8579637, 21.0309123 ], [ 105.8579897, 21.0308363 ], [ 105.8580487, 21.0308403 ], [ 105.8580114, 21.0309229 ], [ 105.8579637, 21.0309123 ] ] ] } },
{ "type": "Feature", "properties": { "element": "way", "id": 1387780082, "estimated_height": 12.0 }, "geometry": { "type": "Polygon", "coordinates": [ [ [ 105.8580018, 21.0310321 ], [ 105.858037400000015, 21.0309601 ], [ 105.858105, 21.030982 ], [ 105.8580703, 21.031058 ], [ 105.8580018, 21.0310321 ] ] ] } },
{ "type": "Feature", "properties": { "element": "way", "id": 1387780083, "estimated_height": 12.0 }, "geometry": { "type": "Polygon", "coordinates": [ [ [ 105.8576376, 21.0315275 ], [ 105.8576931, 21.0314344 ], [ 105.8578076, 21.0314668 ], [ 105.8577634, 21.0315583 ], [ 105.8576376, 21.0315275 ] ] ] } },
{ "type": "Feature", "properties": { "element": "way", "id": 1387780084, "estimated_height": 12.0 }, "geometry": { "type": "Polygon", "coordinates": [ [ [ 105.857883, 21.0312143 ], [ 105.8579645, 21.0310645 ], [ 105.8580487, 21.0311034 ], [ 105.8578813, 21.0313972 ], [ 105.857818, 21.0313697 ], [ 105.857883, 21.0312143 ] ] ] } },
{ "type": "Feature", "properties": { "element": "way", "id": 1387786487, "estimated_height": 12.0 }, "geometry": { "type": "Polygon", "coordinates": [ [ [ 105.8588252, 21.0317264 ], [ 105.858888900000011, 21.0316463 ], [ 105.8589419, 21.0316544 ], [ 105.8588916, 21.0317545 ], [ 105.8588252, 21.0317264 ] ] ] } },
{ "type": "Feature", "properties": { "element": "way", "id": 1387786488, "estimated_height": 12.0 }, "geometry": { "type": "Polygon", "coordinates": [ [ [ 105.8584562, 21.032055 ], [ 105.8584865, 21.0320044 ], [ 105.858546, 21.0320354 ], [ 105.8585157, 21.032086 ], [ 105.8584562, 21.032055 ] ] ] } },
{ "type": "Feature", "properties": { "element": "way", "id": 1388649494, "estimated_height": 12.0 }, "geometry": { "type": "Polygon", "coordinates": [ [ [ 105.853935, 21.0320217 ], [ 105.853933, 21.0320459 ], [ 105.8539557, 21.0320475 ], [ 105.8539545, 21.0320617 ], [ 105.8541063, 21.0320723 ], [ 105.8541094, 21.032034 ], [ 105.853935, 21.0320217 ] ] ] } },
{ "type": "Feature", "properties": { "element": "way", "id": 1388649495, "estimated_height": 12.0 }, "geometry": { "type": "Polygon", "coordinates": [ [ [ 105.8540562, 21.0319849 ], [ 105.8540542, 21.0320079 ], [ 105.854117300000013, 21.0320125 ], [ 105.8541296, 21.0319902 ], [ 105.8540562, 21.0319849 ] ] ] } },
{ "type": "Feature", "properties": { "element": "way", "id": 1388649496, "estimated_height": 12.0 }, "geometry": { "type": "Polygon", "coordinates": [ [ [ 105.8539283, 21.0320542 ], [ 105.853925600000011, 21.0320861 ], [ 105.853941, 21.0320872 ], [ 105.8539491, 21.0321024 ], [ 105.8540817, 21.032112 ], [ 105.8540848, 21.0320742 ], [ 105.8539488, 21.0320643 ], [ 105.8539496, 21.0320558 ], [ 105.8539283, 21.0320542 ] ] ] } },
{ "type": "Feature", "properties": { "element": "way", "id": 1388649497, "estimated_height": 12.0 }, "geometry": { "type": "Polygon", "coordinates": [ [ [ 105.8539319, 21.032128 ], [ 105.8539295, 21.0321577 ], [ 105.8539971, 21.0321624 ], [ 105.8540005, 21.0321204 ], [ 105.8539624, 21.0321177 ], [ 105.853961400000017, 21.0321301 ], [ 105.8539319, 21.032128 ] ] ] } },
{ "type": "Feature", "properties": { "element": "way", "id": 1388649498, "estimated_height": 12.0 }, "geometry": { "type": "Polygon", "coordinates": [ [ [ 105.8540057, 21.0321224 ], [ 105.854005, 21.0321652 ], [ 105.8540748, 21.0321662 ], [ 105.8540756, 21.0321235 ], [ 105.8540057, 21.0321224 ] ] ] } },
{ "type": "Feature", "properties": { "element": "way", "id": 1388649499, "estimated_height": 12.0 }, "geometry": { "type": "Polygon", "coordinates": [ [ [ 105.8542168, 21.0320112 ], [ 105.8542533, 21.0320136 ], [ 105.854243900000014, 21.0321397 ], [ 105.8542074, 21.0321373 ], [ 105.8542168, 21.0320112 ] ] ] } },
{ "type": "Feature", "properties": { "element": "way", "id": 1388649500, "estimated_height": 12.0 }, "geometry": { "type": "Polygon", "coordinates": [ [ [ 105.8542321, 21.0318503 ], [ 105.8542225, 21.0319516 ], [ 105.8542899, 21.0319562 ], [ 105.8543309, 21.0318756 ], [ 105.8543014, 21.0318535 ], [ 105.8542321, 21.0318503 ] ] ] } },
{ "type": "Feature", "properties": { "element": "way", "id": 1388649501, "estimated_height": 12.0 }, "geometry": { "type": "Polygon", "coordinates": [ [ [ 105.8543189, 21.0318431 ], [ 105.8543321, 21.0318531 ], [ 105.8543479, 21.0318539 ], [ 105.854349, 21.0318335 ], [ 105.85442350000001, 21.0318371 ], [ 105.8544243, 21.0318225 ], [ 105.8543203, 21.0318175 ], [ 105.8543189, 21.0318431 ] ] ] } },
{ "type": "Feature", "properties": { "element": "way", "id": 1388649502, "estimated_height": 12.0 }, "geometry": { "type": "Polygon", "coordinates": [ [ [ 105.8543479, 21.0318709 ], [ 105.8543419, 21.0319197 ], [ 105.8544033, 21.0319263 ], [ 105.8544044, 21.0319172 ], [ 105.8544293, 21.0319199 ], [ 105.8544367, 21.0318594 ], [ 105.8543479, 21.0318709 ] ] ] } },
{ "type": "Feature", "properties": { "element": "way", "id": 1388649503, "estimated_height": 12.0 }, "geometry": { "type": "Polygon", "coordinates": [ [ [ 105.8543217, 21.0316572 ], [ 105.8543167, 21.0316977 ], [ 105.8543798, 21.0317046 ], [ 105.8543849, 21.0316641 ], [ 105.8543217, 21.0316572 ] ] ] } },
{ "type": "Feature", "properties": { "element": "way", "id": 1388649504, "estimated_height": 12.0 }, "geometry": { "type": "Polygon", "coordinates": [ [ [ 105.8543661, 21.0316213 ], [ 105.8543827, 21.0316224 ], [ 105.8543805, 21.0316514 ], [ 105.8544426, 21.0316555 ], [ 105.8544493, 21.0315662 ], [ 105.8544114, 21.031528 ], [ 105.85437330000002, 21.0315255 ], [ 105.8543661, 21.0316213 ] ] ] } },
{ "type": "Feature", "properties": { "element": "way", "id": 1388649505, "estimated_height": 12.0 }, "geometry": { "type": "Polygon", "coordinates": [ [ [ 105.8543427, 21.0320906 ], [ 105.8543394, 21.0321398 ], [ 105.8544145, 21.0321442 ], [ 105.8544178, 21.032095 ], [ 105.8543427, 21.0320906 ] ] ] } },
{ "type": "Feature", "properties": { "element": "way", "id": 1388649506, "estimated_height": 12.0 }, "geometry": { "type": "Polygon", "coordinates": [ [ [ 105.854078, 21.0317834 ], [ 105.8540702, 21.0318204 ], [ 105.8541317, 21.0318317 ], [ 105.8541396, 21.0317948 ], [ 105.854078, 21.0317834 ] ] ] } },
{ "type": "Feature", "properties": { "element": "way", "id": 1388649507, "estimated_height": 12.0 }, "geometry": { "type": "Polygon", "coordinates": [ [ [ 105.8541539, 21.0318013 ], [ 105.854151, 21.0318445 ], [ 105.854202, 21.0318474 ], [ 105.8542048, 21.0318042 ], [ 105.8541539, 21.0318013 ] ] ] } },
{ "type": "Feature", "properties": { "element": "way", "id": 1388649508, "estimated_height": 12.0 }, "geometry": { "type": "Polygon", "coordinates": [ [ [ 105.8541416, 21.0316539 ], [ 105.8541304, 21.031709 ], [ 105.8542177, 21.0317244 ], [ 105.8542289, 21.0316692 ], [ 105.8541416, 21.0316539 ] ] ] } },
{ "type": "Feature", "properties": { "element": "way", "id": 1388649509, "estimated_height": 12.0 }, "geometry": { "type": "Polygon", "coordinates": [ [ [ 105.8541408, 21.0315635 ], [ 105.8541315, 21.0316171 ], [ 105.8541799, 21.0316244 ], [ 105.8541892, 21.0315708 ], [ 105.8541408, 21.0315635 ] ] ] } },
{ "type": "Feature", "properties": { "element": "way", "id": 1390296450, "estimated_height": 12.0 }, "geometry": { "type": "Polygon", "coordinates": [ [ [ 105.8561336, 21.0329527 ], [ 105.8561753, 21.0328629 ], [ 105.8562098, 21.0328769 ], [ 105.8562048, 21.0328876 ], [ 105.8562662, 21.0329125 ], [ 105.8562645, 21.0329239 ], [ 105.8562771, 21.032929 ], [ 105.8562386, 21.0330118 ], [ 105.85617360000002, 21.0329854 ], [ 105.85618, 21.0329715 ], [ 105.8561336, 21.0329527 ] ] ] } },
{ "type": "Feature", "properties": { "element": "way", "id": 1396803220, "estimated_height": 12.0 }, "geometry": { "type": "Polygon", "coordinates": [ [ [ 105.8493952, 21.0323349 ], [ 105.8492793, 21.032268 ], [ 105.8493771, 21.0321204 ], [ 105.849456, 21.032166 ], [ 105.849395900000019, 21.0322566 ], [ 105.8494329, 21.032278 ], [ 105.8493952, 21.0323349 ] ] ] } },
{ "type": "Feature", "properties": { "element": "way", "id": 1414390799, "estimated_height": 12.0 }, "geometry": { "type": "Polygon", "coordinates": [ [ [ 105.8557568, 21.0324808 ], [ 105.8557829, 21.0323933 ], [ 105.8558556, 21.0324099 ], [ 105.855804, 21.0324885 ], [ 105.8557568, 21.0324808 ] ] ] } },
{ "type": "Feature", "properties": { "element": "way", "id": 1414390800, "estimated_height": 12.0 }, "geometry": { "type": "Polygon", "coordinates": [ [ [ 105.8556458, 21.0323457 ], [ 105.8556688, 21.0322909 ], [ 105.8558155, 21.0323242 ], [ 105.8558129, 21.0323582 ], [ 105.8557657, 21.0323778 ], [ 105.8556458, 21.0323457 ] ] ] } },
{ "type": "Feature", "properties": { "element": "way", "id": 1418823256, "estimated_height": 12.0 }, "geometry": { "type": "Polygon", "coordinates": [ [ [ 105.855551, 21.0315715 ], [ 105.855544, 21.0316149 ], [ 105.8555935, 21.0316218 ], [ 105.8556005, 21.0315784 ], [ 105.855551, 21.0315715 ] ] ] } },
{ "type": "Feature", "properties": { "element": "way", "id": 1418823413, "estimated_height": 12.0 }, "geometry": { "type": "Polygon", "coordinates": [ [ [ 105.8552483, 21.0327792 ], [ 105.8551266, 21.0329826 ], [ 105.8550205, 21.0329273 ], [ 105.8551354, 21.0327353 ], [ 105.8550829, 21.0327079 ], [ 105.8551036, 21.0326734 ], [ 105.855173, 21.0327095 ], [ 105.8551591, 21.0327327 ], [ 105.8552483, 21.0327792 ] ] ] } },
{ "type": "Feature", "properties": { "element": "way", "id": 1418823612, "estimated_height": 12.0 }, "geometry": { "type": "Polygon", "coordinates": [ [ [ 105.854989, 21.0328638 ], [ 105.854896, 21.0330329 ], [ 105.8548189, 21.0329959 ], [ 105.8549119, 21.0328269 ], [ 105.854989, 21.0328638 ] ] ] } },
{ "type": "Feature", "properties": { "element": "way", "id": 1418824280, "estimated_height": 12.0 }, "geometry": { "type": "Polygon", "coordinates": [ [ [ 105.8550311, 21.0329926 ], [ 105.854956, 21.0329543 ], [ 105.8549246, 21.033008 ], [ 105.8549997, 21.0330463 ], [ 105.8550311, 21.0329926 ] ] ] } },
{ "type": "Feature", "properties": { "element": "way", "id": 1418825179, "estimated_height": 12.0 }, "geometry": { "type": "Polygon", "coordinates": [ [ [ 105.855628300000021, 21.0316765 ], [ 105.8556215, 21.0317175 ], [ 105.8555404, 21.0317057 ], [ 105.8555472, 21.0316648 ], [ 105.855628300000021, 21.0316765 ] ] ] } },
{ "type": "Feature", "properties": { "element": "way", "id": 1418825203, "estimated_height": 12.0 }, "geometry": { "type": "Polygon", "coordinates": [ [ [ 105.8555179, 21.0317365 ], [ 105.8554831, 21.0317323 ], [ 105.8554787, 21.0317648 ], [ 105.8555134, 21.0317689 ], [ 105.8555179, 21.0317365 ] ] ] } },
{ "type": "Feature", "properties": { "element": "way", "id": 1418825342, "estimated_height": 12.0 }, "geometry": { "type": "Polygon", "coordinates": [ [ [ 105.8554779, 21.0316811 ], [ 105.8554284, 21.0316751 ], [ 105.8554352, 21.0316265 ], [ 105.8554847, 21.0316324 ], [ 105.8554779, 21.0316811 ] ] ] } },
{ "type": "Feature", "properties": { "element": "way", "id": 1418825403, "estimated_height": 12.0 }, "geometry": { "type": "Polygon", "coordinates": [ [ [ 105.855502, 21.0316556 ], [ 105.8555081, 21.0316109 ], [ 105.8555413, 21.0316148 ], [ 105.8555389, 21.0316319 ], [ 105.8555883, 21.0316378 ], [ 105.85558450000002, 21.0316655 ], [ 105.855502, 21.0316556 ] ] ] } },
{ "type": "Feature", "properties": { "element": "way", "id": 1418825470, "estimated_height": 12.0 }, "geometry": { "type": "Polygon", "coordinates": [ [ [ 105.8555299, 21.0316637 ], [ 105.8554948, 21.03166 ], [ 105.8554897, 21.031702599999988 ], [ 105.8555248, 21.0317063 ], [ 105.8555299, 21.0316637 ] ] ] } },
{ "type": "Feature", "properties": { "element": "way", "id": 1418825489, "estimated_height": 12.0 }, "geometry": { "type": "Polygon", "coordinates": [ [ [ 105.8556239, 21.0316429 ], [ 105.8556567, 21.0316472 ], [ 105.8556634, 21.0316031 ], [ 105.8556032, 21.0315952 ], [ 105.8556011, 21.0316095 ], [ 105.8556284, 21.0316131 ], [ 105.8556239, 21.0316429 ] ] ] } },
{ "type": "Feature", "properties": { "element": "way", "id": 1418825605, "estimated_height": 12.0 }, "geometry": { "type": "Polygon", "coordinates": [ [ [ 105.8554862, 21.0315978 ], [ 105.855494, 21.0315451 ], [ 105.8555507, 21.0315525 ], [ 105.8555429, 21.0316051 ], [ 105.8554862, 21.0315978 ] ] ] } },
{ "type": "Feature", "properties": { "element": "way", "id": 1418825636, "estimated_height": 12.0 }, "geometry": { "type": "Polygon", "coordinates": [ [ [ 105.8556285, 21.0315792 ], [ 105.8556899, 21.0315858 ], [ 105.8556945, 21.0315487 ], [ 105.85563310000002, 21.0315421 ], [ 105.8556285, 21.0315792 ] ] ] } },
{ "type": "Feature", "properties": { "element": "way", "id": 1418826430, "estimated_height": 12.0 }, "geometry": { "type": "Polygon", "coordinates": [ [ [ 105.8550189, 21.0322584 ], [ 105.8550091, 21.0323032 ], [ 105.8549639, 21.0322946 ], [ 105.8549737, 21.0322498 ], [ 105.8550189, 21.0322584 ] ] ] } },
{ "type": "Feature", "properties": { "element": "way", "id": 1418828033, "estimated_height": 12.0 }, "geometry": { "type": "Polygon", "coordinates": [ [ [ 105.8553758, 21.0319895 ], [ 105.8553881, 21.0319342 ], [ 105.855289, 21.031915 ], [ 105.8552767, 21.0319703 ], [ 105.8553758, 21.0319895 ] ] ] } },
{ "type": "Feature", "properties": { "element": "way", "id": 1428301215, "estimated_height": 12.0 }, "geometry": { "type": "Polygon", "coordinates": [ [ [ 105.8518787, 21.03205 ], [ 105.8518814, 21.0321342 ], [ 105.851884, 21.0322142 ], [ 105.8520257, 21.0322076 ], [ 105.8520394, 21.0320283 ], [ 105.8518787, 21.03205 ] ] ] } },
{ "type": "Feature", "properties": { "element": "way", "id": 1428301216, "estimated_height": 12.0 }, "geometry": { "type": "Polygon", "coordinates": [ [ [ 105.8520257, 21.0322076 ], [ 105.8520886, 21.0322046 ], [ 105.852113, 21.0320184 ], [ 105.8520394, 21.0320283 ], [ 105.8520257, 21.0322076 ] ] ] } },
{ "type": "Feature", "properties": { "element": "way", "id": 1428301217, "estimated_height": 12.0 }, "geometry": { "type": "Polygon", "coordinates": [ [ [ 105.8530822, 21.0318875 ], [ 105.8530921, 21.0320493 ], [ 105.8530045, 21.032059 ], [ 105.8529831, 21.0319009 ], [ 105.8530822, 21.0318875 ] ] ] } },
{ "type": "Feature", "properties": { "element": "way", "id": 1428301218, "estimated_height": 12.0 }, "geometry": { "type": "Polygon", "coordinates": [ [ [ 105.8520886, 21.0322046 ], [ 105.8521184, 21.0322032 ], [ 105.8521457, 21.032014 ], [ 105.852113, 21.0320184 ], [ 105.8520886, 21.0322046 ] ] ] } },
{ "type": "Feature", "properties": { "element": "way", "id": 1428301219, "estimated_height": 12.0 }, "geometry": { "type": "Polygon", "coordinates": [ [ [ 105.8521184, 21.0322032 ], [ 105.852168, 21.0322009 ], [ 105.8521897, 21.032008 ], [ 105.8521457, 21.032014 ], [ 105.8521184, 21.0322032 ] ] ] } },
{ "type": "Feature", "properties": { "element": "way", "id": 1428301220, "estimated_height": 12.0 }, "geometry": { "type": "Polygon", "coordinates": [ [ [ 105.8521971, 21.0321996 ], [ 105.852168, 21.0322009 ], [ 105.8521897, 21.032008 ], [ 105.8522206, 21.0320039 ], [ 105.8521971, 21.0321996 ] ] ] } },
{ "type": "Feature", "properties": { "element": "way", "id": 1428301221, "estimated_height": 12.0 }, "geometry": { "type": "Polygon", "coordinates": [ [ [ 105.8521971, 21.0321996 ], [ 105.8522206, 21.0320039 ], [ 105.852257900000012, 21.0319988 ], [ 105.8522327, 21.0321979 ], [ 105.8521971, 21.0321996 ] ] ] } },
{ "type": "Feature", "properties": { "element": "way", "id": 1428301222, "estimated_height": 12.0 }, "geometry": { "type": "Polygon", "coordinates": [ [ [ 105.85236, 21.032192 ], [ 105.8522327, 21.0321979 ], [ 105.852257900000012, 21.0319988 ], [ 105.8523755, 21.031983 ], [ 105.85236, 21.032192 ] ] ] } },
{ "type": "Feature", "properties": { "element": "way", "id": 1428301223, "estimated_height": 12.0 }, "geometry": { "type": "Polygon", "coordinates": [ [ [ 105.85236, 21.032192 ], [ 105.8524116, 21.0321895 ], [ 105.8524269, 21.031976 ], [ 105.8523979, 21.0319799 ], [ 105.8523755, 21.031983 ], [ 105.85236, 21.032192 ] ] ] } },
{ "type": "Feature", "properties": { "element": "way", "id": 1428301224, "estimated_height": 12.0 }, "geometry": { "type": "Polygon", "coordinates": [ [ [ 105.8524116, 21.0321895 ], [ 105.8524269, 21.031976 ], [ 105.8524687, 21.0319704 ], [ 105.8524533, 21.0321876 ], [ 105.8524116, 21.0321895 ] ] ] } },
{ "type": "Feature", "properties": { "element": "way", "id": 1428301225, "estimated_height": 12.0 }, "geometry": { "type": "Polygon", "coordinates": [ [ [ 105.8524533, 21.0321876 ], [ 105.852497, 21.0321856 ], [ 105.8525132, 21.0319643 ], [ 105.8524687, 21.0319704 ], [ 105.8524533, 21.0321876 ] ] ] } },
{ "type": "Feature", "properties": { "element": "way", "id": 1428301226, "estimated_height": 12.0 }, "geometry": { "type": "Polygon", "coordinates": [ [ [ 105.8525132, 21.0319643 ], [ 105.8525831, 21.0319549 ], [ 105.8525681, 21.0321822 ], [ 105.852497, 21.0321856 ], [ 105.8525132, 21.0319643 ] ] ] } },
{ "type": "Feature", "properties": { "element": "way", "id": 1428301227, "estimated_height": 12.0 }, "geometry": { "type": "Polygon", "coordinates": [ [ [ 105.8525681, 21.0321822 ], [ 105.8525831, 21.0319549 ], [ 105.8526602, 21.0319445 ], [ 105.8526423, 21.0321788 ], [ 105.8525681, 21.0321822 ] ] ] } },
{ "type": "Feature", "properties": { "element": "way", "id": 1428301228, "estimated_height": 12.0 }, "geometry": { "type": "Polygon", "coordinates": [ [ [ 105.8526423, 21.0321788 ], [ 105.8526628, 21.0321778 ], [ 105.8526826, 21.0321769 ], [ 105.8527004, 21.0319391 ], [ 105.8526602, 21.0319445 ], [ 105.8526423, 21.0321788 ] ] ] } },
{ "type": "Feature", "properties": { "element": "way", "id": 1428301229, "estimated_height": 12.0 }, "geometry": { "type": "Polygon", "coordinates": [ [ [ 105.8527004, 21.0319391 ], [ 105.8527346, 21.0319344 ], [ 105.8527336, 21.0320633 ], [ 105.8527323, 21.0321746 ], [ 105.8526826, 21.0321769 ], [ 105.8527004, 21.0319391 ] ] ] } },
{ "type": "Feature", "properties": { "element": "way", "id": 1428301230, "estimated_height": 12.0 }, "geometry": { "type": "Polygon", "coordinates": [ [ [ 105.8527726, 21.0319293 ], [ 105.8527734, 21.0320598 ], [ 105.8527336, 21.0320633 ], [ 105.8527346, 21.0319344 ], [ 105.8527726, 21.0319293 ] ] ] } },
{ "type": "Feature", "properties": { "element": "way", "id": 1428301231, "estimated_height": 12.0 }, "geometry": { "type": "Polygon", "coordinates": [ [ [ 105.8528088, 21.0319244 ], [ 105.852817, 21.0320563 ], [ 105.8527734, 21.0320598 ], [ 105.8527726, 21.0319293 ], [ 105.8528088, 21.0319244 ] ] ] } },
{ "type": "Feature", "properties": { "element": "way", "id": 1428301232, "estimated_height": 12.0 }, "geometry": { "type": "Polygon", "coordinates": [ [ [ 105.8527734, 21.0320598 ], [ 105.8527733, 21.0321727 ], [ 105.8527323, 21.0321746 ], [ 105.8527336, 21.0320633 ], [ 105.8527734, 21.0320598 ] ] ] } },
{ "type": "Feature", "properties": { "element": "way", "id": 1428301233, "estimated_height": 12.0 }, "geometry": { "type": "Polygon", "coordinates": [ [ [ 105.852817, 21.0320563 ], [ 105.852824, 21.0321703 ], [ 105.8527733, 21.0321727 ], [ 105.8527734, 21.0320598 ], [ 105.852817, 21.0320563 ] ] ] } },
{ "type": "Feature", "properties": { "element": "way", "id": 1428301234, "estimated_height": 12.0 }, "geometry": { "type": "Polygon", "coordinates": [ [ [ 105.8530045, 21.032059 ], [ 105.8529627, 21.0320636 ], [ 105.8529395, 21.0320661 ], [ 105.852916, 21.0319099 ], [ 105.8529831, 21.0319009 ], [ 105.8530045, 21.032059 ] ] ] } },
{ "type": "Feature", "properties": { "element": "way", "id": 1428301235, "estimated_height": 12.0 }, "geometry": { "type": "Polygon", "coordinates": [ [ [ 105.8529395, 21.0320661 ], [ 105.8529253, 21.0320677 ], [ 105.8529074, 21.0320697 ], [ 105.852885, 21.0319141 ], [ 105.852916, 21.0319099 ], [ 105.8529395, 21.0320661 ] ] ] } },
{ "type": "Feature", "properties": { "element": "way", "id": 1428301236, "estimated_height": 12.0 }, "geometry": { "type": "Polygon", "coordinates": [ [ [ 105.852885, 21.0319141 ], [ 105.8528526, 21.0319185 ], [ 105.8528692, 21.0320739 ], [ 105.8529074, 21.0320697 ], [ 105.852885, 21.0319141 ] ] ] } },
{ "type": "Feature", "properties": { "element": "way", "id": 1428301237, "estimated_height": 12.0 }, "geometry": { "type": "Polygon", "coordinates": [ [ [ 105.8528692, 21.0320739 ], [ 105.852879200000018, 21.0321677 ], [ 105.852824, 21.0321703 ], [ 105.852817, 21.0320563 ], [ 105.8528088, 21.0319244 ], [ 105.8528526, 21.0319185 ], [ 105.8528692, 21.0320739 ] ] ] } },
{ "type": "Feature", "properties": { "element": "way", "id": 1428301238, "estimated_height": 12.0 }, "geometry": { "type": "Polygon", "coordinates": [ [ [ 105.8529253, 21.0320677 ], [ 105.8529353, 21.0321651 ], [ 105.8528983, 21.0321668 ], [ 105.852879200000018, 21.0321677 ], [ 105.8528692, 21.0320739 ], [ 105.8529074, 21.0320697 ], [ 105.8529253, 21.0320677 ] ] ] } },
{ "type": "Feature", "properties": { "element": "way", "id": 1428301239, "estimated_height": 12.0 }, "geometry": { "type": "Polygon", "coordinates": [ [ [ 105.8529353, 21.0321651 ], [ 105.8529731, 21.0321633 ], [ 105.8529627, 21.0320636 ], [ 105.8529395, 21.0320661 ], [ 105.8529253, 21.0320677 ], [ 105.8529353, 21.0321651 ] ] ] } },
{ "type": "Feature", "properties": { "element": "way", "id": 1428301240, "estimated_height": 12.0 }, "geometry": { "type": "Polygon", "coordinates": [ [ [ 105.8530166, 21.0321613 ], [ 105.8530662, 21.032159 ], [ 105.8530973, 21.0321353 ], [ 105.8530921, 21.0320493 ], [ 105.8530045, 21.032059 ], [ 105.8530166, 21.0321613 ] ] ] } },
{ "type": "Feature", "properties": { "element": "way", "id": 1428301242, "estimated_height": 12.0 }, "geometry": { "type": "Polygon", "coordinates": [ [ [ 105.8530045, 21.032059 ], [ 105.8529627, 21.0320636 ], [ 105.8529731, 21.0321633 ], [ 105.8530166, 21.0321613 ], [ 105.8530045, 21.032059 ] ] ] } },
{ "type": "Feature", "properties": { "element": "way", "id": 1444826704, "estimated_height": 12.0 }, "geometry": { "type": "Polygon", "coordinates": [ [ [ 105.8494688, 21.0314668 ], [ 105.84950880000001, 21.0314921 ], [ 105.8495684, 21.0314101 ], [ 105.8495285, 21.0313848 ], [ 105.8494688, 21.0314668 ] ] ] } },
{ "type": "Feature", "properties": { "element": "way", "id": 1444826714, "estimated_height": 12.0 }, "geometry": { "type": "Polygon", "coordinates": [ [ [ 105.8504337, 21.0320698 ], [ 105.8504526, 21.0320839 ], [ 105.8505076, 21.0320196 ], [ 105.8504887, 21.0320055 ], [ 105.8504337, 21.0320698 ] ] ] } },
{ "type": "Feature", "properties": { "element": "way", "id": 1444826715, "estimated_height": 12.0 }, "geometry": { "type": "Polygon", "coordinates": [ [ [ 105.8505154, 21.0319648 ], [ 105.8505334, 21.0319785 ], [ 105.8505648, 21.0319427 ], [ 105.8505468, 21.031929 ], [ 105.8505154, 21.0319648 ] ] ] } },
{ "type": "Feature", "properties": { "element": "way", "id": 1473565784, "estimated_height": 12.0 }, "geometry": { "type": "Polygon", "coordinates": [ [ [ 105.8544584, 21.0257797 ], [ 105.8544835, 21.025842 ], [ 105.8545372, 21.0258534 ], [ 105.854656600000013, 21.0258114 ], [ 105.8546653, 21.0258328 ], [ 105.8547322, 21.0258092 ], [ 105.8546877, 21.025699 ], [ 105.8544584, 21.0257797 ] ] ] } },
{ "type": "Feature", "properties": { "element": "way", "id": 1473565785, "estimated_height": 12.0 }, "geometry": { "type": "Polygon", "coordinates": [ [ [ 105.8545797, 21.0260889 ], [ 105.8546202, 21.0262123 ], [ 105.8546352, 21.026208 ], [ 105.8546444, 21.0262358 ], [ 105.8546656, 21.0262298 ], [ 105.8546897, 21.0263034 ], [ 105.8547969, 21.0262728 ], [ 105.8548084, 21.0262689 ], [ 105.8548152, 21.0262568 ], [ 105.8548151, 21.0262423 ], [ 105.8548071, 21.0262274 ], [ 105.854746, 21.0260414 ], [ 105.8545797, 21.0260889 ] ] ] } },
{ "type": "Feature", "properties": { "element": "way", "id": 1473565786, "estimated_height": 28.0 }, "geometry": { "type": "Polygon", "coordinates": [ [ [ 105.8555813, 21.0298534 ], [ 105.8556573, 21.0296353 ], [ 105.85569820000002, 21.0295527 ], [ 105.855718300000021, 21.0294932 ], [ 105.855732, 21.0294222 ], [ 105.855752, 21.0293654 ], [ 105.8559092, 21.0293783 ], [ 105.855905, 21.029422 ], [ 105.8558974, 21.0294419 ], [ 105.8558893, 21.0294732 ], [ 105.855892, 21.029502 ], [ 105.8558942, 21.0295338 ], [ 105.8558816, 21.0296648 ], [ 105.8561039, 21.0296835 ], [ 105.8561441, 21.0292654 ], [ 105.8560363, 21.0292563 ], [ 105.8560448, 21.0291662 ], [ 105.855904, 21.0291546 ], [ 105.8559028, 21.0291675 ], [ 105.8555849, 21.0291415 ], [ 105.8552898, 21.0300365 ], [ 105.855719, 21.0302568 ], [ 105.8558848, 21.0299754 ], [ 105.8557205, 21.029891 ], [ 105.8555813, 21.0298534 ] ] ] } }
]
}
