{
"type": "FeatureCollection",
"name": "buildings",
"crs": { "type": "name", "properties": { "name": "urn:ogc:def:crs:OGC:1.3:CRS84" } },
"features": [
{ "type": "Feature", "properties": { "element": "node", "id": 12557825095, "estimated_height": 12.0 }, "geometry": { "type": "Point", "coordinates": [ 105.7828533, 21.0158984 ] } },
{ "type": "Feature", "properties": { "element": "relation", "id": 17139534, "estimated_height": 12.0 }, "geometry": { "type": "MultiPolygon", "coordinates": [ [ [ [ 105.7769875, 21.0221098 ], [ 105.777028, 21.022138 ], [ 105.777223, 21.0222736 ], [ 105.777265, 21.0222211 ], [ 105.7772952, 21.0221832 ], [ 105.7773296, 21.0221401 ], [ 105.7773657, 21.0220947 ], [ 105.7772923, 21.0220447 ], [ 105.7771431, 21.021939 ], [ 105.7770649, 21.0218856 ], [ 105.7769222, 21.0220645 ], [ 105.7769875, 21.0221098 ] ] ], [ [ [ 105.7769848, 21.0221136 ], [ 105.7768348, 21.0223173 ], [ 105.7768765, 21.022344 ], [ 105.7770253, 21.0221418 ], [ 105.7769848, 21.0221136 ] ] ] ] } },
{ "type": "Feature", "properties": { "element": "relation", "id": 18581531, "estimated_height": 12.0 }, "geometry": { "type": "Polygon", "coordinates": [ [ [ 105.7890703, 21.0194969 ], [ 105.7891462, 21.0195421 ], [ 105.7891312, 21.0195642 ], [ 105.7892855, 21.0196561 ], [ 105.7893263, 21.0196512 ], [ 105.7894372, 21.0196402 ], [ 105.7894687, 21.0195924 ], [ 105.789638, 21.0193346 ], [ 105.7895944, 21.0193097 ], [ 105.7896271, 21.0192599 ], [ 105.7896901, 21.0192958 ], [ 105.7897679, 21.0191771 ], [ 105.7895065, 21.0190278 ], [ 105.7893789, 21.0190381 ], [ 105.7893419, 21.0190412 ], [ 105.7893528, 21.0191586 ], [ 105.7892507, 21.0193078 ], [ 105.7891374, 21.0192402 ], [ 105.7889781, 21.0194731 ], [ 105.7890552, 21.019519 ], [ 105.7890703, 21.0194969 ] ], [ [ 105.7893108, 21.0194849 ], [ 105.7893284, 21.0194585 ], [ 105.7892611, 21.0194193 ], [ 105.7892806, 21.0193902 ], [ 105.7892606, 21.0193785 ], [ 105.7893925, 21.0191837 ], [ 105.7894813, 21.0191766 ], [ 105.7895495, 21.0192155 ], [ 105.7893551, 21.0195116 ], [ 105.7893108, 21.0194849 ] ] ] } },
{ "type": "Feature", "properties": { "element": "way", "id": 208255133, "estimated_height": 12.0 }, "geometry": { "type": "Polygon", "coordinates": [ [ [ 105.7859126, 21.0100646 ], [ 105.7863586, 21.0103838 ], [ 105.7867055, 21.0099615 ], [ 105.7862594, 21.0096423 ], [ 105.7859126, 21.0100646 ] ] ] } },
{ "type": "Feature", "properties": { "element": "way", "id": 412784309, "estimated_height": 12.0 }, "geometry": { "type": "Polygon", "coordinates": [ [ [ 105.7793111, 21.0109611 ], [ 105.779184, 21.011065 ], [ 105.7793309, 21.0111941 ], [ 105.7794582, 21.011088 ], [ 105.7793111, 21.0109611 ] ] ] } },
{ "type": "Feature", "properties": { "element": "way", "id": 463580599, "estimated_height": 12.0 }, "geometry": { "type": "Polygon", "coordinates": [ [ [ 105.7781006, 21.0157649 ], [ 105.7784172, 21.0153814 ], [ 105.778339, 21.0153252 ], [ 105.7782723, 21.0152772 ], [ 105.777857, 21.0149786 ], [ 105.7777855, 21.0149271 ], [ 105.7776905, 21.0148588 ], [ 105.7775211, 21.014737 ], [ 105.7773336, 21.0146021 ], [ 105.7772747, 21.0145598 ], [ 105.7769582, 21.0149433 ], [ 105.777017, 21.0149856 ], [ 105.7772046, 21.0151205 ], [ 105.7773739, 21.0152423 ], [ 105.7774736, 21.0153139 ], [ 105.7775451, 21.0153653 ], [ 105.7779597, 21.0156636 ], [ 105.7780264, 21.0157115 ], [ 105.7781006, 21.0157649 ] ] ] } },
{ "type": "Feature", "properties": { "element": "way", "id": 570583310, "estimated_height": 77.0 }, "geometry": { "type": "Polygon", "coordinates": [ [ [ 105.7889481, 21.0165897 ], [ 105.7890968, 21.0163752 ], [ 105.7895781, 21.0166661 ], [ 105.7894294, 21.0168805 ], [ 105.7889481, 21.0165897 ] ] ] } },
{ "type": "Feature", "properties": { "element": "way", "id": 755357365, "estimated_height": 7.0 }, "geometry": { "type": "Polygon", "coordinates": [ [ [ 105.7827963, 21.0104643 ], [ 105.7828874, 21.0105289 ], [ 105.7833348, 21.0099788 ], [ 105.7832679, 21.0099314 ], [ 105.7832438, 21.0099143 ], [ 105.7827963, 21.0104643 ] ] ] } },
{ "type": "Feature", "properties": { "element": "way", "id": 841154652, "estimated_height": 134.0 }, "geometry": { "type": "Polygon", "coordinates": [ [ [ 105.7806061, 21.0203838 ], [ 105.7808498, 21.0200914 ], [ 105.7813342, 21.020443 ], [ 105.7812836, 21.0205039 ], [ 105.7812242, 21.0204607 ], [ 105.7811459, 21.0205547 ], [ 105.7808905, 21.0203692 ], [ 105.7808424, 21.0204269 ], [ 105.7808787, 21.0204533 ], [ 105.7808121, 21.0205333 ], [ 105.7806061, 21.0203838 ] ] ] } },
{ "type": "Feature", "properties": { "element": "way", "id": 841154653, "estimated_height": 151.0 }, "geometry": { "type": "Polygon", "coordinates": [ [ [ 105.7811419, 21.0200683 ], [ 105.7809719, 21.0199448 ], [ 105.7812882, 21.0195653 ], [ 105.7819764, 21.020065 ], [ 105.7819229, 21.0201291 ], [ 105.7819484, 21.0201661 ], [ 105.78187, 21.0202603 ], [ 105.7817098, 21.020144 ], [ 105.7813166, 21.0198586 ], [ 105.7811419, 21.0200683 ] ] ] } },
{ "type": "Feature", "properties": { "element": "way", "id": 841154654, "estimated_height": 151.0 }, "geometry": { "type": "Polygon", "coordinates": [ [ [ 105.7821702, 21.0199292 ], [ 105.7825548, 21.019471 ], [ 105.7831453, 21.0199029 ], [ 105.7830106, 21.0200633 ], [ 105.7825799, 21.0197481 ], [ 105.7823298, 21.020046 ], [ 105.7821702, 21.0199292 ] ] ] } },
{ "type": "Feature", "properties": { "element": "way", "id": 841154656, "estimated_height": 12.0 }, "geometry": { "type": "Polygon", "coordinates": [ [ [ 105.7827084, 21.0191432 ], [ 105.782265, 21.0188346 ], [ 105.7825655, 21.0184585 ], [ 105.7830088, 21.0187672 ], [ 105.7827084, 21.0191432 ] ] ] } },
{ "type": "Feature", "properties": { "element": "way", "id": 841154657, "estimated_height": 12.0 }, "geometry": { "type": "Polygon", "coordinates": [ [ [ 105.7861516, 21.0184477 ], [ 105.7861432, 21.0182125 ], [ 105.7863106, 21.0182073 ], [ 105.786319, 21.0184425 ], [ 105.7861516, 21.0184477 ] ] ] } },
{ "type": "Feature", "properties": { "element": "way", "id": 841154658, "estimated_height": 12.0 }, "geometry": { "type": "Polygon", "coordinates": [ [ [ 105.7856592, 21.0183177 ], [ 105.7856561, 21.0182225 ], [ 105.7860201, 21.0182121 ], [ 105.7860192, 21.0181848 ], [ 105.7859799, 21.018186 ], [ 105.7859772, 21.0181051 ], [ 105.7859986, 21.0181045 ], [ 105.7859961, 21.01803 ], [ 105.7859747, 21.0180307 ], [ 105.785972, 21.0179513 ], [ 105.7860126, 21.0179501 ], [ 105.7860113, 21.0179116 ], [ 105.785358, 21.0179307 ], [ 105.7853548, 21.0178332 ], [ 105.786058, 21.0178126 ], [ 105.7860612, 21.0179081 ], [ 105.7860324, 21.0179089 ], [ 105.7860338, 21.0179513 ], [ 105.7861014, 21.0179493 ], [ 105.7861092, 21.0181819 ], [ 105.7860575, 21.0181834 ], [ 105.7860585, 21.0182129 ], [ 105.7860746, 21.0182124 ], [ 105.7860776, 21.0183057 ], [ 105.7856592, 21.0183177 ] ] ] } },
{ "type": "Feature", "properties": { "element": "way", "id": 841154660, "estimated_height": 38.5 }, "geometry": { "type": "Polygon", "coordinates": [ [ [ 105.78436, 21.0200254 ], [ 105.7839883, 21.0197586 ], [ 105.7841097, 21.0196139 ], [ 105.7841378, 21.0196226 ], [ 105.7841639, 21.0195982 ], [ 105.7841975, 21.0195808 ], [ 105.7842349, 21.0195738 ], [ 105.7842741, 21.0195773 ], [ 105.7843021, 21.019586 ], [ 105.784332, 21.0195965 ], [ 105.78436, 21.0195756 ], [ 105.7845954, 21.0197395 ], [ 105.78436, 21.0200254 ] ] ] } },
{ "type": "Feature", "properties": { "element": "way", "id": 841154661, "estimated_height": 98.0 }, "geometry": { "type": "Polygon", "coordinates": [ [ [ 105.7845171, 21.0201677 ], [ 105.7845767, 21.0200931 ], [ 105.7846297, 21.0201299 ], [ 105.7846788, 21.0200684 ], [ 105.7846122, 21.0200221 ], [ 105.7846794, 21.0199378 ], [ 105.7847191, 21.0199654 ], [ 105.7847495, 21.0199273 ], [ 105.7850807, 21.0201575 ], [ 105.7850543, 21.0201905 ], [ 105.7851158, 21.0202332 ], [ 105.7850381, 21.0203307 ], [ 105.784983, 21.0202924 ], [ 105.7849459, 21.0203389 ], [ 105.7849787, 21.0203616 ], [ 105.7849118, 21.0204456 ], [ 105.7848715, 21.0204176 ], [ 105.7848553, 21.0204379 ], [ 105.7845471, 21.0202239 ], [ 105.7845652, 21.0202012 ], [ 105.7845171, 21.0201677 ] ] ] } },
{ "type": "Feature", "properties": { "element": "way", "id": 841154665, "estimated_height": 122.5 }, "geometry": { "type": "Polygon", "coordinates": [ [ [ 105.7847491, 21.011507 ], [ 105.7845694, 21.0113801 ], [ 105.7850089, 21.0108376 ], [ 105.7851887, 21.0109646 ], [ 105.7847491, 21.011507 ] ] ] } },
{ "type": "Feature", "properties": { "element": "way", "id": 841154667, "estimated_height": 139.5 }, "geometry": { "type": "Polygon", "coordinates": [ [ [ 105.7817858, 21.0167888 ], [ 105.781856, 21.0167831 ], [ 105.7819374, 21.0168417 ], [ 105.7819768, 21.0168406 ], [ 105.7820396, 21.0167676 ], [ 105.7820249, 21.0167566 ], [ 105.7820249, 21.0167255 ], [ 105.7820679, 21.0166797 ], [ 105.7819595, 21.0165909 ], [ 105.781628, 21.0166278 ], [ 105.7815354, 21.0167451 ], [ 105.7815972, 21.0167877 ], [ 105.7816039, 21.0168163 ], [ 105.7815861, 21.0168199 ], [ 105.7816724, 21.0168786 ], [ 105.781718, 21.0168751 ], [ 105.7817858, 21.0167888 ] ] ] } },
{ "type": "Feature", "properties": { "element": "way", "id": 841154668, "estimated_height": 42.0 }, "geometry": { "type": "Polygon", "coordinates": [ [ [ 105.7803757, 21.0172743 ], [ 105.7805069, 21.0173672 ], [ 105.7803138, 21.0176016 ], [ 105.7799125, 21.0176577 ], [ 105.7798975, 21.0174974 ], [ 105.7798567, 21.0173412 ], [ 105.7798052, 21.017205 ], [ 105.7796722, 21.0169746 ], [ 105.7800103, 21.0165413 ], [ 105.7808175, 21.0171063 ], [ 105.7807108, 21.0172437 ], [ 105.7800311, 21.0167773 ], [ 105.7798653, 21.0169846 ], [ 105.7799576, 21.0171649 ], [ 105.7800112, 21.0173552 ], [ 105.7800327, 21.0174954 ], [ 105.780243, 21.0174754 ], [ 105.7803757, 21.0172743 ] ] ] } },
{ "type": "Feature", "properties": { "element": "way", "id": 841154669, "estimated_height": 12.0 }, "geometry": { "type": "Polygon", "coordinates": [ [ [ 105.7803907, 21.0182037 ], [ 105.7804784, 21.0181032 ], [ 105.7803023, 21.0179694 ], [ 105.7798586, 21.0180039 ], [ 105.7797354, 21.018326 ], [ 105.7805966, 21.0189402 ], [ 105.7807181, 21.0187917 ], [ 105.7809755, 21.0184772 ], [ 105.7806943, 21.0182767 ], [ 105.780606, 21.0183844 ], [ 105.7807874, 21.0185139 ], [ 105.7806168, 21.0187221 ], [ 105.7805821, 21.0187645 ], [ 105.7799128, 21.0182869 ], [ 105.7799704, 21.0181292 ], [ 105.7802579, 21.0181028 ], [ 105.7803907, 21.0182037 ] ] ] } },
{ "type": "Feature", "properties": { "element": "way", "id": 841154670, "estimated_height": 126.0 }, "geometry": { "type": "Polygon", "coordinates": [ [ [ 105.7800444, 21.0157019 ], [ 105.7802323, 21.0154553 ], [ 105.780531, 21.0156535 ], [ 105.7803431, 21.0159002 ], [ 105.7800444, 21.0157019 ] ] ] } },
{ "type": "Feature", "properties": { "element": "way", "id": 845002109, "estimated_height": 31.5 }, "geometry": { "type": "Polygon", "coordinates": [ [ [ 105.7819222, 21.0159004 ], [ 105.7824887, 21.0162959 ], [ 105.7826694, 21.0160704 ], [ 105.7825383, 21.0159789 ], [ 105.7824601, 21.0160766 ], [ 105.782161, 21.0158678 ], [ 105.7822815, 21.0157174 ], [ 105.7821451, 21.0156222 ], [ 105.7819222, 21.0159004 ] ] ] } },
{ "type": "Feature", "properties": { "element": "way", "id": 845002110, "estimated_height": 94.5 }, "geometry": { "type": "Polygon", "coordinates": [ [ [ 105.7825906, 21.0158064 ], [ 105.782774, 21.015934 ], [ 105.7830847, 21.0155446 ], [ 105.7829014, 21.0154171 ], [ 105.7825906, 21.0158064 ] ] ] } },
{ "type": "Feature", "properties": { "element": "way", "id": 845002111, "estimated_height": 31.5 }, "geometry": { "type": "Polygon", "coordinates": [ [ [ 105.7822419, 21.0155033 ], [ 105.7825498, 21.0151181 ], [ 105.7826665, 21.0151994 ], [ 105.7823587, 21.0155846 ], [ 105.7822419, 21.0155033 ] ] ] } },
{ "type": "Feature", "properties": { "element": "way", "id": 845002112, "estimated_height": 42.0 }, "geometry": { "type": "Polygon", "coordinates": [ [ [ 105.7840042, 21.0140045 ], [ 105.7841678, 21.0137895 ], [ 105.7843239, 21.0138929 ], [ 105.7841603, 21.014108 ], [ 105.7840042, 21.0140045 ] ] ] } },
{ "type": "Feature", "properties": { "element": "way", "id": 845002113, "estimated_height": 31.5 }, "geometry": { "type": "Polygon", "coordinates": [ [ [ 105.7839406, 21.0144497 ], [ 105.7834064, 21.0140687 ], [ 105.7836058, 21.0138251 ], [ 105.7837323, 21.0139154 ], [ 105.7836313, 21.0140388 ], [ 105.7840391, 21.0143294 ], [ 105.7839406, 21.0144497 ] ] ] } },
{ "type": "Feature", "properties": { "element": "way", "id": 845002114, "estimated_height": 31.5 }, "geometry": { "type": "Polygon", "coordinates": [ [ [ 105.783789, 21.013876 ], [ 105.7839871, 21.0136405 ], [ 105.7839685, 21.0136269 ], [ 105.7839941, 21.0135966 ], [ 105.7838975, 21.0135257 ], [ 105.7838681, 21.0135606 ], [ 105.7838431, 21.0135422 ], [ 105.7836762, 21.0137405 ], [ 105.7837037, 21.0137607 ], [ 105.7836762, 21.0137934 ], [ 105.783789, 21.013876 ] ] ] } },
{ "type": "Feature", "properties": { "element": "way", "id": 845002115, "estimated_height": 31.5 }, "geometry": { "type": "Polygon", "coordinates": [ [ [ 105.7829934, 21.0150411 ], [ 105.7828131, 21.0149119 ], [ 105.7828674, 21.0148458 ], [ 105.7828345, 21.0148222 ], [ 105.783123, 21.0144714 ], [ 105.7832547, 21.0145658 ], [ 105.7829878, 21.0148904 ], [ 105.7830693, 21.0149488 ], [ 105.7829934, 21.0150411 ] ] ] } },
{ "type": "Feature", "properties": { "element": "way", "id": 845002116, "estimated_height": 31.5 }, "geometry": { "type": "Polygon", "coordinates": [ [ [ 105.7836892, 21.0147175 ], [ 105.783212, 21.0143756 ], [ 105.7833019, 21.0142662 ], [ 105.7837791, 21.0146081 ], [ 105.7836892, 21.0147175 ] ] ] } },
{ "type": "Feature", "properties": { "element": "way", "id": 845002117, "estimated_height": 101.5 }, "geometry": { "type": "Polygon", "coordinates": [ [ [ 105.7832932, 21.0152585 ], [ 105.7830925, 21.0151094 ], [ 105.7831365, 21.0150578 ], [ 105.7834074, 21.0147399 ], [ 105.7836081, 21.014889 ], [ 105.7832932, 21.0152585 ] ] ] } },
{ "type": "Feature", "properties": { "element": "way", "id": 847053732, "estimated_height": 129.5 }, "geometry": { "type": "Polygon", "coordinates": [ [ [ 105.7877575, 21.0181609 ], [ 105.7879054, 21.0182641 ], [ 105.7879649, 21.0181899 ], [ 105.7880281, 21.0182341 ], [ 105.7879745, 21.0183009 ], [ 105.7881236, 21.018405 ], [ 105.7882777, 21.0182127 ], [ 105.7879174, 21.0179612 ], [ 105.7877575, 21.0181609 ] ] ] } },
{ "type": "Feature", "properties": { "element": "way", "id": 847053733, "estimated_height": 129.5 }, "geometry": { "type": "Polygon", "coordinates": [ [ [ 105.7884682, 21.0186504 ], [ 105.7886161, 21.0187536 ], [ 105.7886756, 21.0186794 ], [ 105.7887388, 21.0187235 ], [ 105.7886853, 21.0187904 ], [ 105.7888344, 21.0188945 ], [ 105.7889884, 21.0187022 ], [ 105.7886282, 21.0184507 ], [ 105.7884682, 21.0186504 ] ] ] } },
{ "type": "Feature", "properties": { "element": "way", "id": 847053734, "estimated_height": 73.5 }, "geometry": { "type": "Polygon", "coordinates": [ [ [ 105.788093, 21.0175704 ], [ 105.7882967, 21.0177069 ], [ 105.7882362, 21.0177857 ], [ 105.788347, 21.0178599 ], [ 105.7884556, 21.0179326 ], [ 105.7886315, 21.0177037 ], [ 105.7884413, 21.0175762 ], [ 105.7885133, 21.0174826 ], [ 105.7883895, 21.0173997 ], [ 105.7882804, 21.0173266 ], [ 105.788093, 21.0175704 ] ] ] } },
{ "type": "Feature", "properties": { "element": "way", "id": 847053735, "estimated_height": 73.5 }, "geometry": { "type": "Polygon", "coordinates": [ [ [ 105.789073, 21.0179925 ], [ 105.7892767, 21.018129 ], [ 105.7893373, 21.0180503 ], [ 105.7894639, 21.0181352 ], [ 105.7895566, 21.0181973 ], [ 105.7893805, 21.0184262 ], [ 105.7891903, 21.0182987 ], [ 105.7891183, 21.0183924 ], [ 105.7890003, 21.0183134 ], [ 105.7888855, 21.0182364 ], [ 105.789073, 21.0179925 ] ] ] } },
{ "type": "Feature", "properties": { "element": "way", "id": 847053738, "estimated_height": 105.0 }, "geometry": { "type": "Polygon", "coordinates": [ [ [ 105.7886414, 21.0174104 ], [ 105.7886721, 21.0173718 ], [ 105.7886505, 21.0173568 ], [ 105.7886983, 21.0172968 ], [ 105.7887093, 21.0173044 ], [ 105.7887564, 21.0172453 ], [ 105.7887343, 21.01723 ], [ 105.7887823, 21.0171698 ], [ 105.7888175, 21.0171942 ], [ 105.7888532, 21.0171494 ], [ 105.7891098, 21.0173275 ], [ 105.7890764, 21.0173694 ], [ 105.7891048, 21.0173891 ], [ 105.789041, 21.0174691 ], [ 105.7890174, 21.0174527 ], [ 105.7889826, 21.0174964 ], [ 105.788994, 21.0175043 ], [ 105.7889512, 21.0175579 ], [ 105.7889189, 21.0175355 ], [ 105.7888841, 21.0175791 ], [ 105.7886414, 21.0174104 ] ] ] } },
{ "type": "Feature", "properties": { "element": "way", "id": 847053739, "estimated_height": 105.0 }, "geometry": { "type": "Polygon", "coordinates": [ [ [ 105.7891233, 21.0177376 ], [ 105.7891542, 21.0176989 ], [ 105.7891326, 21.0176839 ], [ 105.789178, 21.0176271 ], [ 105.7891981, 21.017641 ], [ 105.7892546, 21.0175701 ], [ 105.7892325, 21.0175548 ], [ 105.7892709, 21.0175067 ], [ 105.789306, 21.0175312 ], [ 105.7893397, 21.017489 ], [ 105.7895836, 21.0176586 ], [ 105.7895527, 21.0176974 ], [ 105.7895811, 21.0177171 ], [ 105.7895262, 21.0177859 ], [ 105.7895026, 21.0177695 ], [ 105.7894586, 21.0178247 ], [ 105.7894789, 21.0178389 ], [ 105.7894388, 21.0178892 ], [ 105.7894065, 21.0178668 ], [ 105.7893718, 21.0179104 ], [ 105.7891233, 21.0177376 ] ] ] } },
{ "type": "Feature", "properties": { "element": "way", "id": 847053741, "estimated_height": 12.0 }, "geometry": { "type": "Polygon", "coordinates": [ [ [ 105.7856435, 21.0172364 ], [ 105.7859848, 21.0174711 ], [ 105.7862376, 21.0171506 ], [ 105.7857463, 21.0168129 ], [ 105.7856773, 21.0169005 ], [ 105.7856859, 21.0169406 ], [ 105.7858097, 21.0170258 ], [ 105.7856435, 21.0172364 ] ] ] } },
{ "type": "Feature", "properties": { "element": "way", "id": 847053743, "estimated_height": 45.5 }, "geometry": { "type": "Polygon", "coordinates": [ [ [ 105.7872535, 21.0153936 ], [ 105.7873635, 21.0154713 ], [ 105.7874444, 21.0153715 ], [ 105.7875477, 21.0154445 ], [ 105.7876319, 21.0153406 ], [ 105.7875106, 21.0152549 ], [ 105.7874923, 21.015127 ], [ 105.7873261, 21.0151477 ], [ 105.7873451, 21.0152806 ], [ 105.7872535, 21.0153936 ] ] ] } },
{ "type": "Feature", "properties": { "element": "way", "id": 847053744, "estimated_height": 45.5 }, "geometry": { "type": "Polygon", "coordinates": [ [ [ 105.7876495, 21.0148817 ], [ 105.7876326, 21.0147467 ], [ 105.7876579, 21.014744 ], [ 105.7876545, 21.0147167 ], [ 105.7877582, 21.0147055 ], [ 105.7877613, 21.0147306 ], [ 105.787798, 21.0147266 ], [ 105.787847, 21.0146672 ], [ 105.7878261, 21.0146522 ], [ 105.7878884, 21.0145768 ], [ 105.7879199, 21.0145994 ], [ 105.7879238, 21.0145946 ], [ 105.7880099, 21.0146566 ], [ 105.7880059, 21.0146615 ], [ 105.7880314, 21.0146799 ], [ 105.7879667, 21.0147581 ], [ 105.7879506, 21.0147464 ], [ 105.7879299, 21.0147713 ], [ 105.7879576, 21.0147913 ], [ 105.7879761, 21.0147691 ], [ 105.7880542, 21.0148255 ], [ 105.7880321, 21.0148522 ], [ 105.7880451, 21.0148616 ], [ 105.7879795, 21.0149407 ], [ 105.7879695, 21.0149335 ], [ 105.7879463, 21.0149614 ], [ 105.7878724, 21.0149081 ], [ 105.7878805, 21.0148984 ], [ 105.7878265, 21.0148593 ], [ 105.7877813, 21.0148642 ], [ 105.7877832, 21.0148795 ], [ 105.7876797, 21.0148907 ], [ 105.7876782, 21.0148786 ], [ 105.7876495, 21.0148817 ] ] ] } },
{ "type": "Feature", "properties": { "element": "way", "id": 847053745, "estimated_height": 45.5 }, "geometry": { "type": "Polygon", "coordinates": [ [ [ 105.7873519, 21.0146393 ], [ 105.787356, 21.01467 ], [ 105.7874953, 21.0146541 ], [ 105.7874914, 21.014624 ], [ 105.7875151, 21.0146213 ], [ 105.7875021, 21.0145221 ], [ 105.7874785, 21.0145248 ], [ 105.7874738, 21.0144888 ], [ 105.7875144, 21.0144383 ], [ 105.7875304, 21.0144496 ], [ 105.7875972, 21.0143665 ], [ 105.7874511, 21.0142641 ], [ 105.7873869, 21.0143439 ], [ 105.7874069, 21.0143579 ], [ 105.787384, 21.0143864 ], [ 105.7873506, 21.0143631 ], [ 105.7873689, 21.0143403 ], [ 105.7872885, 21.014284 ], [ 105.7871764, 21.0144234 ], [ 105.7872625, 21.0144837 ], [ 105.7872751, 21.014468 ], [ 105.787336, 21.0145106 ], [ 105.7873405, 21.0145449 ], [ 105.7873165, 21.0145476 ], [ 105.7873289, 21.0146419 ], [ 105.7873519, 21.0146393 ] ] ] } },
{ "type": "Feature", "properties": { "element": "way", "id": 847053746, "estimated_height": 45.5 }, "geometry": { "type": "Polygon", "coordinates": [ [ [ 105.7868057, 21.0150827 ], [ 105.78693, 21.0151693 ], [ 105.7870258, 21.0150494 ], [ 105.7871543, 21.0150327 ], [ 105.7871307, 21.0148737 ], [ 105.7870066, 21.0148898 ], [ 105.7868773, 21.0147998 ], [ 105.7867934, 21.0149048 ], [ 105.7868926, 21.0149738 ], [ 105.7868057, 21.0150827 ] ] ] } },
{ "type": "Feature", "properties": { "element": "way", "id": 847053748, "estimated_height": 63.0 }, "geometry": { "type": "Polygon", "coordinates": [ [ [ 105.7893172, 21.0142058 ], [ 105.789345, 21.0141714 ], [ 105.7893041, 21.0141425 ], [ 105.7893677, 21.0140641 ], [ 105.7894009, 21.0140875 ], [ 105.7894371, 21.0140427 ], [ 105.7895269, 21.014106 ], [ 105.7895041, 21.0141342 ], [ 105.7895561, 21.0141709 ], [ 105.7895783, 21.0141435 ], [ 105.789751, 21.0142653 ], [ 105.789732, 21.0142887 ], [ 105.7897831, 21.0143247 ], [ 105.7898066, 21.0142956 ], [ 105.7899013, 21.0143625 ], [ 105.7898662, 21.0144059 ], [ 105.7898956, 21.0144266 ], [ 105.7898303, 21.0145072 ], [ 105.789793, 21.0144809 ], [ 105.7897616, 21.0145197 ], [ 105.7893172, 21.0142058 ] ] ] } },
{ "type": "Feature", "properties": { "element": "way", "id": 847053749, "estimated_height": 63.0 }, "geometry": { "type": "Polygon", "coordinates": [ [ [ 105.7886803, 21.0147366 ], [ 105.7888139, 21.0148283 ], [ 105.7888424, 21.0147922 ], [ 105.78889, 21.0148248 ], [ 105.7890018, 21.0146828 ], [ 105.7888948, 21.0146093 ], [ 105.7889132, 21.014586 ], [ 105.7887825, 21.0144963 ], [ 105.7886817, 21.0146243 ], [ 105.7887382, 21.0146631 ], [ 105.7886803, 21.0147366 ] ] ] } },
{ "type": "Feature", "properties": { "element": "way", "id": 847053750, "estimated_height": 63.0 }, "geometry": { "type": "Polygon", "coordinates": [ [ [ 105.7893479, 21.0152009 ], [ 105.7892143, 21.0151091 ], [ 105.7892427, 21.015073 ], [ 105.7891951, 21.0150404 ], [ 105.7893071, 21.0148983 ], [ 105.7894141, 21.0149718 ], [ 105.7894324, 21.0149485 ], [ 105.7895631, 21.0150382 ], [ 105.7894623, 21.0151661 ], [ 105.7894058, 21.0151273 ], [ 105.7893479, 21.0152009 ] ] ] } },
{ "type": "Feature", "properties": { "element": "way", "id": 847053751, "estimated_height": 59.5 }, "geometry": { "type": "Polygon", "coordinates": [ [ [ 105.7898637, 21.0134386 ], [ 105.7903252, 21.0137737 ], [ 105.7903448, 21.0137502 ], [ 105.7903796, 21.0137754 ], [ 105.7904565, 21.0136831 ], [ 105.7904182, 21.0136553 ], [ 105.7904385, 21.013631 ], [ 105.7899784, 21.0132967 ], [ 105.7899567, 21.0133228 ], [ 105.7899244, 21.0132993 ], [ 105.789853, 21.0133849 ], [ 105.7898876, 21.0134099 ], [ 105.7898637, 21.0134386 ] ] ] } },
{ "type": "Feature", "properties": { "element": "way", "id": 847053752, "estimated_height": 59.5 }, "geometry": { "type": "Polygon", "coordinates": [ [ [ 105.7907149, 21.0131133 ], [ 105.7908068, 21.0131753 ], [ 105.7907878, 21.0132 ], [ 105.7909478, 21.0133078 ], [ 105.7910414, 21.0131868 ], [ 105.7909851, 21.0131488 ], [ 105.7910316, 21.0130887 ], [ 105.7909002, 21.0130002 ], [ 105.7908669, 21.0130433 ], [ 105.7908026, 21.0129999 ], [ 105.7907149, 21.0131133 ] ] ] } },
{ "type": "Feature", "properties": { "element": "way", "id": 847053753, "estimated_height": 59.5 }, "geometry": { "type": "Polygon", "coordinates": [ [ [ 105.7904372, 21.0129141 ], [ 105.7903452, 21.0128521 ], [ 105.7903261, 21.0128768 ], [ 105.7901661, 21.012769 ], [ 105.7902597, 21.0126479 ], [ 105.790316, 21.0126858 ], [ 105.7903625, 21.0126257 ], [ 105.7904939, 21.0127142 ], [ 105.7904605, 21.0127574 ], [ 105.7905249, 21.0128007 ], [ 105.7904372, 21.0129141 ] ] ] } },
{ "type": "Feature", "properties": { "element": "way", "id": 847053755, "estimated_height": 45.5 }, "geometry": { "type": "Polygon", "coordinates": [ [ [ 105.7900205, 21.011915 ], [ 105.7900515, 21.0119371 ], [ 105.7900416, 21.0119492 ], [ 105.7901524, 21.0120285 ], [ 105.7901621, 21.0120167 ], [ 105.7901784, 21.0120284 ], [ 105.7902472, 21.0119447 ], [ 105.7902195, 21.0119249 ], [ 105.7902425, 21.011897 ], [ 105.7902641, 21.0119125 ], [ 105.7902441, 21.0119368 ], [ 105.7903348, 21.0120019 ], [ 105.7903591, 21.0119723 ], [ 105.7903743, 21.0119832 ], [ 105.7904442, 21.0118983 ], [ 105.7904249, 21.0118845 ], [ 105.790447, 21.0118576 ], [ 105.7903658, 21.0117993 ], [ 105.7903521, 21.0118158 ], [ 105.7902985, 21.0117773 ], [ 105.7902938, 21.0117402 ], [ 105.7903151, 21.0117378 ], [ 105.790303, 21.0116416 ], [ 105.790278, 21.0116444 ], [ 105.7902744, 21.0116154 ], [ 105.7901331, 21.0116309 ], [ 105.7901368, 21.0116608 ], [ 105.7901208, 21.0116625 ], [ 105.7901328, 21.0117582 ], [ 105.7901648, 21.0117547 ], [ 105.7901698, 21.0117944 ], [ 105.79016, 21.0118063 ], [ 105.7901443, 21.0117951 ], [ 105.7901101, 21.0118367 ], [ 105.7900941, 21.0118253 ], [ 105.7900205, 21.011915 ] ] ] } },
{ "type": "Feature", "properties": { "element": "way", "id": 847053756, "estimated_height": 45.5 }, "geometry": { "type": "Polygon", "coordinates": [ [ [ 105.7904769, 21.0113748 ], [ 105.790599, 21.0113582 ], [ 105.7905947, 21.0113303 ], [ 105.7906401, 21.0113241 ], [ 105.7906656, 21.0113423 ], [ 105.7906482, 21.0113635 ], [ 105.7906743, 21.0113822 ], [ 105.7906603, 21.0113993 ], [ 105.7907403, 21.0114564 ], [ 105.7907547, 21.0114387 ], [ 105.7907844, 21.0114599 ], [ 105.7908686, 21.0113567 ], [ 105.7908403, 21.0113366 ], [ 105.7908528, 21.0113213 ], [ 105.7907791, 21.0112691 ], [ 105.790765, 21.0112864 ], [ 105.7907339, 21.0112644 ], [ 105.7907624, 21.0112292 ], [ 105.7907739, 21.0112373 ], [ 105.7908256, 21.0111731 ], [ 105.79081, 21.0111621 ], [ 105.7908293, 21.0111381 ], [ 105.7907205, 21.0110621 ], [ 105.7907036, 21.0110832 ], [ 105.790687, 21.0110715 ], [ 105.7906312, 21.0111413 ], [ 105.7906469, 21.0111522 ], [ 105.790623, 21.0111822 ], [ 105.7906409, 21.0111946 ], [ 105.7906207, 21.0112199 ], [ 105.7905756, 21.011226 ], [ 105.7905711, 21.0111972 ], [ 105.7904517, 21.0112134 ], [ 105.7904769, 21.0113748 ] ] ] } },
{ "type": "Feature", "properties": { "element": "way", "id": 847053757, "estimated_height": 45.5 }, "geometry": { "type": "Polygon", "coordinates": [ [ [ 105.7904412, 21.0108555 ], [ 105.7903349, 21.0107787 ], [ 105.7903198, 21.010797 ], [ 105.7902991, 21.010782 ], [ 105.7902307, 21.0108643 ], [ 105.7902502, 21.0108784 ], [ 105.7902313, 21.0109011 ], [ 105.7902041, 21.0108813 ], [ 105.7902231, 21.0108585 ], [ 105.790143, 21.0108005 ], [ 105.7901271, 21.0108196 ], [ 105.7901036, 21.0108026 ], [ 105.7900202, 21.0109029 ], [ 105.7900437, 21.0109199 ], [ 105.7900282, 21.0109385 ], [ 105.7901107, 21.0109983 ], [ 105.7901249, 21.0109813 ], [ 105.7901537, 21.0110021 ], [ 105.7901718, 21.0109804 ], [ 105.7901956, 21.0109977 ], [ 105.7902007, 21.0110386 ], [ 105.7901685, 21.0110421 ], [ 105.7901843, 21.0111691 ], [ 105.7903613, 21.0111498 ], [ 105.7903455, 21.0110234 ], [ 105.7903103, 21.0110272 ], [ 105.7903048, 21.0109832 ], [ 105.7903259, 21.0109576 ], [ 105.7903471, 21.010973 ], [ 105.7903677, 21.0109481 ], [ 105.7903819, 21.0109584 ], [ 105.790445, 21.0108823 ], [ 105.7904287, 21.0108705 ], [ 105.7904412, 21.0108555 ] ] ] } },
{ "type": "Feature", "properties": { "element": "way", "id": 847053758, "estimated_height": 45.5 }, "geometry": { "type": "Polygon", "coordinates": [ [ [ 105.7895889, 21.0116043 ], [ 105.7897395, 21.0117117 ], [ 105.7898077, 21.0116284 ], [ 105.7897862, 21.011613 ], [ 105.7898294, 21.0115602 ], [ 105.7898658, 21.011557 ], [ 105.7898683, 21.0115814 ], [ 105.7899758, 21.0115718 ], [ 105.7899745, 21.0115592 ], [ 105.790015, 21.0115555 ], [ 105.7899994, 21.011404 ], [ 105.7899538, 21.0114081 ], [ 105.7899523, 21.0113937 ], [ 105.7898443, 21.0114034 ], [ 105.7898481, 21.011441 ], [ 105.7898046, 21.0114449 ], [ 105.7897936, 21.0114371 ], [ 105.7898006, 21.0114285 ], [ 105.7897504, 21.0113929 ], [ 105.789766, 21.0113737 ], [ 105.7896841, 21.0113155 ], [ 105.7895694, 21.011456 ], [ 105.7896526, 21.0115151 ], [ 105.7896762, 21.0114862 ], [ 105.7897018, 21.0115044 ], [ 105.7897033, 21.0115225 ], [ 105.789684, 21.011546 ], [ 105.7896541, 21.0115247 ], [ 105.7895889, 21.0116043 ] ] ] } },
{ "type": "Feature", "properties": { "element": "way", "id": 847595192, "estimated_height": 17.5 }, "geometry": { "type": "Polygon", "coordinates": [ [ [ 105.7889434, 21.0110274 ], [ 105.7891752, 21.0107368 ], [ 105.7894776, 21.010947 ], [ 105.7892457, 21.0112376 ], [ 105.7889434, 21.0110274 ] ] ] } },
{ "type": "Feature", "properties": { "element": "way", "id": 847595193, "estimated_height": 14.0 }, "geometry": { "type": "Polygon", "coordinates": [ [ [ 105.7897749, 21.0104478 ], [ 105.7898182, 21.0103969 ], [ 105.7898867, 21.0103136 ], [ 105.7894505, 21.0100013 ], [ 105.7893405, 21.0101352 ], [ 105.7897749, 21.0104478 ] ] ] } },
{ "type": "Feature", "properties": { "element": "way", "id": 847595194, "estimated_height": 7.0 }, "geometry": { "type": "Polygon", "coordinates": [ [ [ 105.7897749, 21.0104478 ], [ 105.7898922, 21.0105349 ], [ 105.7899355, 21.010484 ], [ 105.7898182, 21.0103969 ], [ 105.7897749, 21.0104478 ] ] ] } },
{ "type": "Feature", "properties": { "element": "way", "id": 847595197, "estimated_height": 7.0 }, "geometry": { "type": "Polygon", "coordinates": [ [ [ 105.7890902, 21.0102687 ], [ 105.7888241, 21.0100804 ], [ 105.7890308, 21.0098258 ], [ 105.7891553, 21.0098073 ], [ 105.7893519, 21.0099462 ], [ 105.7890902, 21.0102687 ] ] ] } },
{ "type": "Feature", "properties": { "element": "way", "id": 847595200, "estimated_height": 14.0 }, "geometry": { "type": "Polygon", "coordinates": [ [ [ 105.7873583, 21.011968 ], [ 105.7876541, 21.011592 ], [ 105.7879385, 21.0117869 ], [ 105.7876428, 21.012163 ], [ 105.7873583, 21.011968 ] ] ] } },
{ "type": "Feature", "properties": { "element": "way", "id": 847595201, "estimated_height": 12.0 }, "geometry": { "type": "Polygon", "coordinates": [ [ [ 105.7878664, 21.0122655 ], [ 105.787763, 21.0121883 ], [ 105.788042, 21.011863 ], [ 105.7881444, 21.0119396 ], [ 105.7880671, 21.0120299 ], [ 105.7881485, 21.0120907 ], [ 105.7880355, 21.0122225 ], [ 105.7879549, 21.0121623 ], [ 105.7878664, 21.0122655 ] ] ] } },
{ "type": "Feature", "properties": { "element": "way", "id": 847595202, "estimated_height": 12.0 }, "geometry": { "type": "Polygon", "coordinates": [ [ [ 105.788166, 21.0120864 ], [ 105.788231, 21.0120045 ], [ 105.7884943, 21.0121866 ], [ 105.7884294, 21.0122685 ], [ 105.788166, 21.0120864 ] ] ] } },
{ "type": "Feature", "properties": { "element": "way", "id": 847595203, "estimated_height": 12.0 }, "geometry": { "type": "Polygon", "coordinates": [ [ [ 105.7884485, 21.0120464 ], [ 105.7886178, 21.0118254 ], [ 105.7887176, 21.011892 ], [ 105.7885483, 21.012113 ], [ 105.7884485, 21.0120464 ] ] ] } },
{ "type": "Feature", "properties": { "element": "way", "id": 847595204, "estimated_height": 12.0 }, "geometry": { "type": "Polygon", "coordinates": [ [ [ 105.7883305, 21.0119721 ], [ 105.7880846, 21.0117905 ], [ 105.7881403, 21.0117248 ], [ 105.7881817, 21.0117553 ], [ 105.7885435, 21.0113286 ], [ 105.7884829, 21.0112838 ], [ 105.7885467, 21.0112086 ], [ 105.7888102, 21.0114033 ], [ 105.7887467, 21.0114782 ], [ 105.7886224, 21.0113864 ], [ 105.7885627, 21.0114569 ], [ 105.7887004, 21.0115585 ], [ 105.7884848, 21.011813 ], [ 105.788342, 21.0117075 ], [ 105.7882644, 21.0117991 ], [ 105.7883952, 21.0118957 ], [ 105.7883305, 21.0119721 ] ] ] } },
{ "type": "Feature", "properties": { "element": "way", "id": 847595205, "estimated_height": 12.0 }, "geometry": { "type": "Polygon", "coordinates": [ [ [ 105.7886102, 21.0108469 ], [ 105.7883164, 21.0106383 ], [ 105.7887441, 21.0101134 ], [ 105.7890378, 21.010322 ], [ 105.7886102, 21.0108469 ] ] ] } },
{ "type": "Feature", "properties": { "element": "way", "id": 847595207, "estimated_height": 12.0 }, "geometry": { "type": "Polygon", "coordinates": [ [ [ 105.7886209, 21.0216303 ], [ 105.788164, 21.0213096 ], [ 105.7879025, 21.0211261 ], [ 105.7879747, 21.0210338 ], [ 105.7882061, 21.0207484 ], [ 105.7882591, 21.0206836 ], [ 105.7885191, 21.0208661 ], [ 105.7882915, 21.0211486 ], [ 105.7884226, 21.0212407 ], [ 105.7886152, 21.0210018 ], [ 105.7886888, 21.0210533 ], [ 105.7887343, 21.020999 ], [ 105.7889868, 21.021177 ], [ 105.7886209, 21.0216303 ] ] ] } },
{ "type": "Feature", "properties": { "element": "way", "id": 849828001, "estimated_height": 63.0 }, "geometry": { "type": "Polygon", "coordinates": [ [ [ 105.7792352, 21.0165316 ], [ 105.7794812, 21.0162176 ], [ 105.7796864, 21.0163576 ], [ 105.7794405, 21.0166716 ], [ 105.7792352, 21.0165316 ] ] ] } },
{ "type": "Feature", "properties": { "element": "way", "id": 849828002, "estimated_height": 21.0 }, "geometry": { "type": "Polygon", "coordinates": [ [ [ 105.7785433, 21.016055 ], [ 105.7787043, 21.0158554 ], [ 105.7792077, 21.0162095 ], [ 105.7793107, 21.0160819 ], [ 105.7786554, 21.0156212 ], [ 105.7783915, 21.0159482 ], [ 105.7785433, 21.016055 ] ] ] } },
{ "type": "Feature", "properties": { "element": "way", "id": 850152411, "estimated_height": 17.5 }, "geometry": { "type": "Polygon", "coordinates": [ [ [ 105.7847241, 21.0154483 ], [ 105.7849199, 21.0152016 ], [ 105.7852515, 21.0154309 ], [ 105.7855062, 21.0156129 ], [ 105.785309, 21.0158586 ], [ 105.7850559, 21.0156776 ], [ 105.7847241, 21.0154483 ] ] ] } },
{ "type": "Feature", "properties": { "element": "way", "id": 851742901, "estimated_height": 31.5 }, "geometry": { "type": "Polygon", "coordinates": [ [ [ 105.7830885, 21.0129774 ], [ 105.7829397, 21.0131615 ], [ 105.7829773, 21.013188 ], [ 105.78295, 21.0132218 ], [ 105.783435, 21.0135633 ], [ 105.7834611, 21.0135309 ], [ 105.7834926, 21.0135531 ], [ 105.7836356, 21.0133761 ], [ 105.7836043, 21.013354 ], [ 105.7836322, 21.0133195 ], [ 105.7835323, 21.0132491 ], [ 105.7834318, 21.0133734 ], [ 105.7831482, 21.0131735 ], [ 105.7832478, 21.0130504 ], [ 105.7831442, 21.0129774 ], [ 105.783124, 21.0130024 ], [ 105.7830885, 21.0129774 ] ] ] } },
{ "type": "Feature", "properties": { "element": "way", "id": 852052703, "estimated_height": 35.0 }, "geometry": { "type": "Polygon", "coordinates": [ [ [ 105.7807107, 21.0158867 ], [ 105.7806382, 21.0159734 ], [ 105.7806682, 21.0159953 ], [ 105.7806204, 21.0160526 ], [ 105.7806504, 21.0160744 ], [ 105.7806206, 21.01611 ], [ 105.7808522, 21.0162789 ], [ 105.7808792, 21.0162467 ], [ 105.7809183, 21.0162752 ], [ 105.7809731, 21.0162097 ], [ 105.7809999, 21.0162292 ], [ 105.7810657, 21.0161505 ], [ 105.78095, 21.0160662 ], [ 105.7808973, 21.0161292 ], [ 105.7807727, 21.0160385 ], [ 105.7808281, 21.0159722 ], [ 105.7807107, 21.0158867 ] ] ] } },
{ "type": "Feature", "properties": { "element": "way", "id": 852052704, "estimated_height": 35.0 }, "geometry": { "type": "Polygon", "coordinates": [ [ [ 105.7811495, 21.0162106 ], [ 105.781077, 21.0162973 ], [ 105.781107, 21.0163192 ], [ 105.7810591, 21.0163765 ], [ 105.7810891, 21.0163984 ], [ 105.7810594, 21.0164339 ], [ 105.781291, 21.0166028 ], [ 105.7813179, 21.0165707 ], [ 105.781357, 21.0165992 ], [ 105.7814119, 21.0165336 ], [ 105.7814387, 21.0165531 ], [ 105.7815045, 21.0164744 ], [ 105.7813888, 21.0163901 ], [ 105.7813361, 21.0164531 ], [ 105.7812115, 21.0163624 ], [ 105.7812669, 21.0162961 ], [ 105.7811495, 21.0162106 ] ] ] } },
{ "type": "Feature", "properties": { "element": "way", "id": 853340539, "estimated_height": 17.5 }, "geometry": { "type": "Polygon", "coordinates": [ [ [ 105.7886217, 21.02285 ], [ 105.788718, 21.0227292 ], [ 105.7882929, 21.0224337 ], [ 105.7881966, 21.0225546 ], [ 105.7886217, 21.02285 ] ] ] } },
{ "type": "Feature", "properties": { "element": "way", "id": 853340541, "estimated_height": 42.0 }, "geometry": { "type": "Polygon", "coordinates": [ [ [ 105.7877744, 21.0224139 ], [ 105.7879008, 21.0225033 ], [ 105.7879506, 21.022442 ], [ 105.7879945, 21.0224731 ], [ 105.7881356, 21.0222994 ], [ 105.7880822, 21.0222616 ], [ 105.7881247, 21.0222093 ], [ 105.7880061, 21.0221253 ], [ 105.78796, 21.0221822 ], [ 105.7879176, 21.0221522 ], [ 105.787789, 21.0223105 ], [ 105.787833, 21.0223417 ], [ 105.7877744, 21.0224139 ] ] ] } },
{ "type": "Feature", "properties": { "element": "way", "id": 853340542, "estimated_height": 42.0 }, "geometry": { "type": "Polygon", "coordinates": [ [ [ 105.7874943, 21.0220887 ], [ 105.7875171, 21.0221048 ], [ 105.7875035, 21.0221217 ], [ 105.7876923, 21.0222545 ], [ 105.7877056, 21.022238 ], [ 105.7877278, 21.0222536 ], [ 105.7878791, 21.0220664 ], [ 105.7878468, 21.0220437 ], [ 105.7878601, 21.0220273 ], [ 105.7876788, 21.0218997 ], [ 105.7876652, 21.0219164 ], [ 105.7876449, 21.0219021 ], [ 105.7875228, 21.0220534 ], [ 105.7874943, 21.0220887 ] ] ] } },
{ "type": "Feature", "properties": { "element": "way", "id": 853340547, "estimated_height": 12.0 }, "geometry": { "type": "Polygon", "coordinates": [ [ [ 105.7866752, 21.0223309 ], [ 105.7867697, 21.0222107 ], [ 105.7868975, 21.0220483 ], [ 105.7869215, 21.0220178 ], [ 105.7869626, 21.022046 ], [ 105.7871561, 21.0221785 ], [ 105.7871946, 21.0222049 ], [ 105.7871745, 21.0222305 ], [ 105.7870364, 21.0224061 ], [ 105.7869523, 21.0225131 ], [ 105.7868142, 21.0226887 ], [ 105.7867913, 21.0227178 ], [ 105.7867273, 21.022674 ], [ 105.7865542, 21.0225554 ], [ 105.7865181, 21.0225306 ], [ 105.7865475, 21.0224933 ], [ 105.7866752, 21.0223309 ] ] ] } },
{ "type": "Feature", "properties": { "element": "way", "id": 853340549, "estimated_height": 38.5 }, "geometry": { "type": "Polygon", "coordinates": [ [ [ 105.7858867, 21.0212964 ], [ 105.7860329, 21.0213933 ], [ 105.7862083, 21.021163 ], [ 105.786272, 21.0211525 ], [ 105.786445, 21.0212743 ], [ 105.7865559, 21.0211371 ], [ 105.7863191, 21.0209703 ], [ 105.7862893, 21.0210071 ], [ 105.7862536, 21.020982 ], [ 105.78618, 21.0209873 ], [ 105.7861459, 21.0210321 ], [ 105.7861075, 21.0210066 ], [ 105.7858867, 21.0212964 ] ] ] } },
{ "type": "Feature", "properties": { "element": "way", "id": 853340553, "estimated_height": 28.0 }, "geometry": { "type": "Polygon", "coordinates": [ [ [ 105.7856372, 21.0208416 ], [ 105.7857878, 21.0209445 ], [ 105.785941, 21.0207492 ], [ 105.7857903, 21.0206463 ], [ 105.7856372, 21.0208416 ] ] ] } },
{ "type": "Feature", "properties": { "element": "way", "id": 860575448, "estimated_height": 12.0 }, "geometry": { "type": "Polygon", "coordinates": [ [ [ 105.7789927, 21.0178815 ], [ 105.7790889, 21.0177527 ], [ 105.7794475, 21.0180161 ], [ 105.7795264, 21.0180161 ], [ 105.7795695, 21.017885 ], [ 105.7795954, 21.0176572 ], [ 105.7795757, 21.0174823 ], [ 105.7795412, 21.0173523 ], [ 105.7793908, 21.0171165 ], [ 105.7795017, 21.0170325 ], [ 105.7796361, 21.017227 ], [ 105.7796891, 21.017327 ], [ 105.7797196, 21.017471 ], [ 105.7797336, 21.0175655 ], [ 105.779739, 21.017665 ], [ 105.7797244, 21.0177947 ], [ 105.7796969, 21.0179184 ], [ 105.7796497, 21.0180543 ], [ 105.7795588, 21.0181858 ], [ 105.7794308, 21.018188 ], [ 105.7789927, 21.0178815 ] ] ] } },
{ "type": "Feature", "properties": { "element": "way", "id": 860575449, "estimated_height": 12.0 }, "geometry": { "type": "Polygon", "coordinates": [ [ [ 105.7789316, 21.0178386 ], [ 105.7790292, 21.0177215 ], [ 105.7778029, 21.0168652 ], [ 105.7777954, 21.0168131 ], [ 105.7779596, 21.0166068 ], [ 105.7778652, 21.0165417 ], [ 105.7776699, 21.016768 ], [ 105.7776935, 21.0169453 ], [ 105.7789316, 21.0178386 ] ] ] } },
{ "type": "Feature", "properties": { "element": "way", "id": 860575451, "estimated_height": 12.0 }, "geometry": { "type": "Polygon", "coordinates": [ [ [ 105.7768159, 21.0163126 ], [ 105.7768961, 21.0162142 ], [ 105.7773066, 21.0165056 ], [ 105.7774453, 21.0164832 ], [ 105.7774852, 21.0164324 ], [ 105.7774182, 21.0163865 ], [ 105.7774963, 21.016287 ], [ 105.7776432, 21.0163876 ], [ 105.7774623, 21.0166179 ], [ 105.7772924, 21.016651 ], [ 105.7768159, 21.0163126 ] ] ] } },
{ "type": "Feature", "properties": { "element": "way", "id": 860575453, "estimated_height": 12.0 }, "geometry": { "type": "Polygon", "coordinates": [ [ [ 105.7765294, 21.0153883 ], [ 105.7766282, 21.0154535 ], [ 105.776758, 21.0152819 ], [ 105.7768384, 21.0152627 ], [ 105.7775439, 21.0157809 ], [ 105.7776312, 21.0156774 ], [ 105.7768645, 21.0151145 ], [ 105.77673, 21.0151232 ], [ 105.7765294, 21.0153883 ] ] ] } },
{ "type": "Feature", "properties": { "element": "way", "id": 863036068, "estimated_height": 12.0 }, "geometry": { "type": "Polygon", "coordinates": [ [ [ 105.7807816, 21.0181061 ], [ 105.7810115, 21.018267 ], [ 105.7812303, 21.0179944 ], [ 105.7811798, 21.0179591 ], [ 105.7812793, 21.0178352 ], [ 105.7812606, 21.0175423 ], [ 105.7811511, 21.0174634 ], [ 105.7811928, 21.0174158 ], [ 105.7808785, 21.0171755 ], [ 105.7806966, 21.0173828 ], [ 105.7810109, 21.0176231 ], [ 105.7810005, 21.0178336 ], [ 105.7807816, 21.0181061 ] ] ] } },
{ "type": "Feature", "properties": { "element": "way", "id": 864632961, "estimated_height": 12.0 }, "geometry": { "type": "Polygon", "coordinates": [ [ [ 105.7796184, 21.0191857 ], [ 105.7798451, 21.018906 ], [ 105.7800541, 21.0190341 ], [ 105.7800837, 21.019013 ], [ 105.7801089, 21.0190073 ], [ 105.7801394, 21.0190171 ], [ 105.7801559, 21.0190333 ], [ 105.7801568, 21.0190609 ], [ 105.7801507, 21.0190885 ], [ 105.7801324, 21.0191064 ], [ 105.7801411, 21.0191421 ], [ 105.7801997, 21.0191754 ], [ 105.779987, 21.0194421 ], [ 105.7799056, 21.0193856 ], [ 105.779895, 21.0193896 ], [ 105.7798889, 21.0193994 ], [ 105.7798733, 21.0194156 ], [ 105.7798481, 21.0194197 ], [ 105.7798272, 21.0194156 ], [ 105.7798055, 21.0194018 ], [ 105.7797933, 21.0193815 ], [ 105.7797933, 21.0193588 ], [ 105.7798019, 21.0193387 ], [ 105.7797924, 21.019319 ], [ 105.7796184, 21.0191857 ] ] ] } },
{ "type": "Feature", "properties": { "element": "way", "id": 864632962, "estimated_height": 35.0 }, "geometry": { "type": "Polygon", "coordinates": [ [ [ 105.7794154, 21.0200647 ], [ 105.7794635, 21.0200068 ], [ 105.7794425, 21.0199916 ], [ 105.779491, 21.0199332 ], [ 105.7795147, 21.0199503 ], [ 105.7795708, 21.0198829 ], [ 105.7796729, 21.0199568 ], [ 105.7795203, 21.0201406 ], [ 105.7794154, 21.0200647 ] ] ] } },
{ "type": "Feature", "properties": { "element": "way", "id": 888643947, "estimated_height": 94.5 }, "geometry": { "type": "Polygon", "coordinates": [ [ [ 105.7905961, 21.0172515 ], [ 105.7905115, 21.017379 ], [ 105.790638, 21.0174552 ], [ 105.7905931, 21.0175201 ], [ 105.7906146, 21.0175673 ], [ 105.7909586, 21.0177958 ], [ 105.7909816, 21.0177655 ], [ 105.7910435, 21.0177867 ], [ 105.7910827, 21.0177372 ], [ 105.7910713, 21.0177065 ], [ 105.791046, 21.0176806 ], [ 105.7909896, 21.0176466 ], [ 105.791014, 21.0176114 ], [ 105.7908902, 21.0175368 ], [ 105.7909114, 21.0175061 ], [ 105.7908172, 21.0174493 ], [ 105.7908505, 21.0174012 ], [ 105.7907261, 21.0173251 ], [ 105.7905961, 21.0172515 ] ] ] } },
{ "type": "Feature", "properties": { "element": "way", "id": 901113584, "estimated_height": 12.0 }, "geometry": { "type": "Polygon", "coordinates": [ [ [ 105.7772057, 21.0157542 ], [ 105.7772211, 21.015765 ], [ 105.7772564, 21.0157213 ], [ 105.7773351, 21.0157766 ], [ 105.7772983, 21.0158223 ], [ 105.7773187, 21.0158366 ], [ 105.7772454, 21.0159276 ], [ 105.7771308, 21.015847 ], [ 105.7772057, 21.0157542 ] ] ] } },
{ "type": "Feature", "properties": { "element": "way", "id": 901113585, "estimated_height": 12.0 }, "geometry": { "type": "Polygon", "coordinates": [ [ [ 105.7772818, 21.0159195 ], [ 105.7773863, 21.0157913 ], [ 105.7774699, 21.0158507 ], [ 105.7773654, 21.0159789 ], [ 105.7772818, 21.0159195 ] ] ] } },
{ "type": "Feature", "properties": { "element": "way", "id": 901113586, "estimated_height": 12.0 }, "geometry": { "type": "Polygon", "coordinates": [ [ [ 105.7775856, 21.0158043 ], [ 105.7776007, 21.015815 ], [ 105.7775858, 21.0158334 ], [ 105.7776148, 21.015854 ], [ 105.7776296, 21.0158358 ], [ 105.7777817, 21.0159433 ], [ 105.7778402, 21.0158712 ], [ 105.7778129, 21.0158519 ], [ 105.7778253, 21.0158366 ], [ 105.7777722, 21.0157991 ], [ 105.7777639, 21.0158093 ], [ 105.7777164, 21.0157757 ], [ 105.7777273, 21.0157623 ], [ 105.777659, 21.0157139 ], [ 105.7775856, 21.0158043 ] ] ] } },
{ "type": "Feature", "properties": { "element": "way", "id": 901113587, "estimated_height": 12.0 }, "geometry": { "type": "Polygon", "coordinates": [ [ [ 105.7774045, 21.0159853 ], [ 105.7774242, 21.0159989 ], [ 105.7774049, 21.0160233 ], [ 105.77753, 21.0161099 ], [ 105.7776101, 21.0160091 ], [ 105.7775323, 21.0159553 ], [ 105.777567, 21.0159116 ], [ 105.7774998, 21.0158652 ], [ 105.7774045, 21.0159853 ] ] ] } },
{ "type": "Feature", "properties": { "element": "way", "id": 901113588, "estimated_height": 12.0 }, "geometry": { "type": "Polygon", "coordinates": [ [ [ 105.7775902, 21.0161606 ], [ 105.7776674, 21.0160631 ], [ 105.7777377, 21.0161115 ], [ 105.7777242, 21.0161285 ], [ 105.7778043, 21.0161836 ], [ 105.7777538, 21.0162475 ], [ 105.7776582, 21.0161818 ], [ 105.7776451, 21.0161984 ], [ 105.7775902, 21.0161606 ] ] ] } },
{ "type": "Feature", "properties": { "element": "way", "id": 901113589, "estimated_height": 12.0 }, "geometry": { "type": "Polygon", "coordinates": [ [ [ 105.7777393, 21.0160849 ], [ 105.7778375, 21.0159513 ], [ 105.7779223, 21.0160057 ], [ 105.7778242, 21.0161392 ], [ 105.7777393, 21.0160849 ] ] ] } },
{ "type": "Feature", "properties": { "element": "way", "id": 901113594, "estimated_height": 12.0 }, "geometry": { "type": "Polygon", "coordinates": [ [ [ 105.7771786, 21.0161999 ], [ 105.7772473, 21.016114 ], [ 105.7773502, 21.0161858 ], [ 105.7772815, 21.0162717 ], [ 105.7771786, 21.0161999 ] ] ] } },
{ "type": "Feature", "properties": { "element": "way", "id": 901113595, "estimated_height": 12.0 }, "geometry": { "type": "Polygon", "coordinates": [ [ [ 105.7773024, 21.0162769 ], [ 105.7773661, 21.016324 ], [ 105.7774534, 21.016221 ], [ 105.7773896, 21.016174 ], [ 105.7773024, 21.0162769 ] ] ] } },
{ "type": "Feature", "properties": { "element": "way", "id": 901113599, "estimated_height": 12.0 }, "geometry": { "type": "Polygon", "coordinates": [ [ [ 105.77736, 21.0172345 ], [ 105.7774639, 21.017307 ], [ 105.7775049, 21.0172559 ], [ 105.7777269, 21.0174108 ], [ 105.7777139, 21.017427 ], [ 105.7780393, 21.0176545 ], [ 105.7781271, 21.0175449 ], [ 105.7778051, 21.0173199 ], [ 105.7778225, 21.0172982 ], [ 105.7775474, 21.0171059 ], [ 105.777536, 21.0170923 ], [ 105.7775204, 21.0170829 ], [ 105.7775023, 21.0170788 ], [ 105.7774838, 21.0170805 ], [ 105.7774669, 21.0170877 ], [ 105.7774535, 21.0170997 ], [ 105.7774452, 21.0171147 ], [ 105.7774424, 21.0171315 ], [ 105.77736, 21.0172345 ] ] ] } },
{ "type": "Feature", "properties": { "element": "way", "id": 901113638, "estimated_height": 38.5 }, "geometry": { "type": "Polygon", "coordinates": [ [ [ 105.7858968, 21.0161036 ], [ 105.7859254, 21.0160689 ], [ 105.7859084, 21.0160568 ], [ 105.7859751, 21.0159757 ], [ 105.7859914, 21.0159874 ], [ 105.7860148, 21.0159589 ], [ 105.7859905, 21.0159415 ], [ 105.786074, 21.0158399 ], [ 105.7860934, 21.0158538 ], [ 105.7861366, 21.0158012 ], [ 105.7862064, 21.0158512 ], [ 105.7862777, 21.0159023 ], [ 105.7862705, 21.0159111 ], [ 105.7862768, 21.0159156 ], [ 105.7862142, 21.0159917 ], [ 105.7861872, 21.0159724 ], [ 105.7861556, 21.0160109 ], [ 105.7861746, 21.0160245 ], [ 105.786142, 21.0160641 ], [ 105.7861261, 21.0160527 ], [ 105.7861147, 21.0160666 ], [ 105.7861383, 21.0160835 ], [ 105.7860695, 21.0161671 ], [ 105.7860449, 21.0161495 ], [ 105.7860137, 21.0161874 ], [ 105.7858968, 21.0161036 ] ] ] } },
{ "type": "Feature", "properties": { "element": "way", "id": 901113639, "estimated_height": 38.5 }, "geometry": { "type": "Polygon", "coordinates": [ [ [ 105.7863718, 21.015636 ], [ 105.786431, 21.0156782 ], [ 105.786413, 21.0157001 ], [ 105.7865645, 21.015808 ], [ 105.7865802, 21.0157889 ], [ 105.7866214, 21.0158182 ], [ 105.7866085, 21.015834 ], [ 105.7866952, 21.0158958 ], [ 105.7867613, 21.0158149 ], [ 105.7867977, 21.0157705 ], [ 105.786733, 21.0157244 ], [ 105.7867435, 21.0157115 ], [ 105.7866495, 21.0156445 ], [ 105.7866373, 21.0156594 ], [ 105.7865978, 21.0156313 ], [ 105.7866127, 21.0156132 ], [ 105.7865917, 21.0155982 ], [ 105.7865983, 21.0155901 ], [ 105.786537, 21.0155465 ], [ 105.7865221, 21.0155648 ], [ 105.7864859, 21.0155389 ], [ 105.7864478, 21.0155855 ], [ 105.7864259, 21.0155699 ], [ 105.7863718, 21.015636 ] ] ] } },
{ "type": "Feature", "properties": { "element": "way", "id": 901113640, "estimated_height": 38.5 }, "geometry": { "type": "Polygon", "coordinates": [ [ [ 105.7866675, 21.0159294 ], [ 105.7866898, 21.0159451 ], [ 105.7866719, 21.0159672 ], [ 105.7867564, 21.0160268 ], [ 105.7867737, 21.0160054 ], [ 105.7867975, 21.0160222 ], [ 105.7867819, 21.0160415 ], [ 105.7869448, 21.0161564 ], [ 105.7869628, 21.0161342 ], [ 105.7870011, 21.0161611 ], [ 105.7870231, 21.0161339 ], [ 105.7870308, 21.0161393 ], [ 105.7870694, 21.0160917 ], [ 105.7870595, 21.0160847 ], [ 105.7870825, 21.0160563 ], [ 105.7870452, 21.01603 ], [ 105.7870679, 21.016002 ], [ 105.787009, 21.0159604 ], [ 105.7870017, 21.0159694 ], [ 105.7869732, 21.0159493 ], [ 105.7869634, 21.0159614 ], [ 105.7869408, 21.0159455 ], [ 105.7869547, 21.0159284 ], [ 105.7868427, 21.0158494 ], [ 105.7868309, 21.015864 ], [ 105.7867613, 21.0158149 ], [ 105.7866952, 21.0158958 ], [ 105.7866675, 21.0159294 ] ] ] } },
{ "type": "Feature", "properties": { "element": "way", "id": 901113641, "estimated_height": 12.0 }, "geometry": { "type": "Polygon", "coordinates": [ [ [ 105.7867891, 21.0192084 ], [ 105.7867695, 21.0190604 ], [ 105.7868273, 21.0189913 ], [ 105.7868777, 21.0189852 ], [ 105.7871726, 21.019197 ], [ 105.7870241, 21.0193772 ], [ 105.7867891, 21.0192084 ] ] ] } },
{ "type": "Feature", "properties": { "element": "way", "id": 901113642, "estimated_height": 12.0 }, "geometry": { "type": "Polygon", "coordinates": [ [ [ 105.7870676, 21.019396 ], [ 105.7872146, 21.0192197 ], [ 105.7874905, 21.0194202 ], [ 105.7873435, 21.0195964 ], [ 105.7870676, 21.019396 ] ] ] } },
{ "type": "Feature", "properties": { "element": "way", "id": 901113643, "estimated_height": 12.0 }, "geometry": { "type": "Polygon", "coordinates": [ [ [ 105.7874761, 21.0196497 ], [ 105.7874789, 21.0196919 ], [ 105.7877403, 21.0198823 ], [ 105.7878821, 21.0197126 ], [ 105.7876311, 21.0195298 ], [ 105.7875779, 21.0195298 ], [ 105.7874761, 21.0196497 ] ] ] } },
{ "type": "Feature", "properties": { "element": "way", "id": 901113644, "estimated_height": 12.0 }, "geometry": { "type": "Polygon", "coordinates": [ [ [ 105.7877698, 21.0199048 ], [ 105.7879851, 21.0200638 ], [ 105.7881224, 21.0200585 ], [ 105.788198, 21.0199591 ], [ 105.7881924, 21.019926 ], [ 105.7879214, 21.0197259 ], [ 105.7877698, 21.0199048 ] ] ] } },
{ "type": "Feature", "properties": { "element": "way", "id": 901113645, "estimated_height": 12.0 }, "geometry": { "type": "Polygon", "coordinates": [ [ [ 105.7872303, 21.0185496 ], [ 105.7874099, 21.0186771 ], [ 105.7871252, 21.0190265 ], [ 105.7869457, 21.0188991 ], [ 105.7872303, 21.0185496 ] ] ] } },
{ "type": "Feature", "properties": { "element": "way", "id": 901113646, "estimated_height": 12.0 }, "geometry": { "type": "Polygon", "coordinates": [ [ [ 105.7875, 21.018213 ], [ 105.7876773, 21.0183364 ], [ 105.7874334, 21.0186418 ], [ 105.7872561, 21.0185184 ], [ 105.7875, 21.018213 ] ] ] } },
{ "type": "Feature", "properties": { "element": "way", "id": 901113647, "estimated_height": 12.0 }, "geometry": { "type": "Polygon", "coordinates": [ [ [ 105.7875156, 21.018748 ], [ 105.7876952, 21.0188754 ], [ 105.7874105, 21.0192248 ], [ 105.787231, 21.0190974 ], [ 105.7875156, 21.018748 ] ] ] } },
{ "type": "Feature", "properties": { "element": "way", "id": 901113648, "estimated_height": 12.0 }, "geometry": { "type": "Polygon", "coordinates": [ [ [ 105.7877753, 21.0184075 ], [ 105.7879526, 21.0185308 ], [ 105.7877088, 21.0188362 ], [ 105.7875314, 21.0187128 ], [ 105.7877753, 21.0184075 ] ] ] } },
{ "type": "Feature", "properties": { "element": "way", "id": 901113649, "estimated_height": 12.0 }, "geometry": { "type": "Polygon", "coordinates": [ [ [ 105.7881141, 21.0191643 ], [ 105.7882937, 21.0192917 ], [ 105.788009, 21.0196411 ], [ 105.7878295, 21.0195137 ], [ 105.7881141, 21.0191643 ] ] ] } },
{ "type": "Feature", "properties": { "element": "way", "id": 901113650, "estimated_height": 12.0 }, "geometry": { "type": "Polygon", "coordinates": [ [ [ 105.7883775, 21.0193634 ], [ 105.7885571, 21.0194909 ], [ 105.7882724, 21.0198403 ], [ 105.7880929, 21.0197129 ], [ 105.7883775, 21.0193634 ] ] ] } },
{ "type": "Feature", "properties": { "element": "way", "id": 901113651, "estimated_height": 12.0 }, "geometry": { "type": "Polygon", "coordinates": [ [ [ 105.7883838, 21.0188277 ], [ 105.7885611, 21.018951 ], [ 105.7883172, 21.0192564 ], [ 105.7881399, 21.019133 ], [ 105.7883838, 21.0188277 ] ] ] } },
{ "type": "Feature", "properties": { "element": "way", "id": 901113652, "estimated_height": 12.0 }, "geometry": { "type": "Polygon", "coordinates": [ [ [ 105.7886372, 21.019023 ], [ 105.7888145, 21.0191463 ], [ 105.7885707, 21.0194517 ], [ 105.7883933, 21.0193283 ], [ 105.7886372, 21.019023 ] ] ] } },
{ "type": "Feature", "properties": { "element": "way", "id": 941188194, "estimated_height": 12.0 }, "geometry": { "type": "Polygon", "coordinates": [ [ [ 105.7893626, 21.0214403 ], [ 105.7889753, 21.0218907 ], [ 105.7890212, 21.0219652 ], [ 105.7893083, 21.0217797 ], [ 105.7895368, 21.021936 ], [ 105.7898689, 21.021516 ], [ 105.7898075, 21.021443 ], [ 105.7896261, 21.0215673 ], [ 105.7897141, 21.0212716 ], [ 105.7895987, 21.0212415 ], [ 105.7894017, 21.021485 ], [ 105.7893626, 21.0214403 ] ] ] } },
{ "type": "Feature", "properties": { "element": "way", "id": 953738003, "estimated_height": 12.0 }, "geometry": { "type": "Polygon", "coordinates": [ [ [ 105.7877851, 21.0137697 ], [ 105.7882021, 21.0140833 ], [ 105.7882325, 21.014048 ], [ 105.7882023, 21.0140253 ], [ 105.7883519, 21.0138517 ], [ 105.7883878, 21.0138787 ], [ 105.7884456, 21.0138116 ], [ 105.7880253, 21.013496 ], [ 105.788076, 21.0134372 ], [ 105.7885343, 21.0137813 ], [ 105.788485, 21.0138386 ], [ 105.7884628, 21.0138218 ], [ 105.7884041, 21.0138899 ], [ 105.7884466, 21.0139218 ], [ 105.7882989, 21.014093 ], [ 105.7882652, 21.0140677 ], [ 105.7882256, 21.0141136 ], [ 105.7882578, 21.0141378 ], [ 105.7881975, 21.0142077 ], [ 105.7877182, 21.0138472 ], [ 105.7877851, 21.0137697 ] ] ] } },
{ "type": "Feature", "properties": { "element": "way", "id": 953738004, "estimated_height": 12.0 }, "geometry": { "type": "Polygon", "coordinates": [ [ [ 105.7878665, 21.0142213 ], [ 105.7879195, 21.0141589 ], [ 105.7877555, 21.0140375 ], [ 105.7877024, 21.0140999 ], [ 105.7878665, 21.0142213 ] ] ] } },
{ "type": "Feature", "properties": { "element": "way", "id": 953738005, "estimated_height": 12.0 }, "geometry": { "type": "Polygon", "coordinates": [ [ [ 105.7886712, 21.0139827 ], [ 105.7887629, 21.0140455 ], [ 105.788914, 21.0138533 ], [ 105.7888223, 21.0137905 ], [ 105.7886712, 21.0139827 ] ] ] } },
{ "type": "Feature", "properties": { "element": "way", "id": 983234506, "estimated_height": 12.0 }, "geometry": { "type": "Polygon", "coordinates": [ [ [ 105.7778587, 21.0221764 ], [ 105.7779882, 21.0220159 ], [ 105.7783294, 21.0222558 ], [ 105.7781989, 21.0224175 ], [ 105.7780744, 21.0223299 ], [ 105.7780649, 21.0223416 ], [ 105.7780354, 21.0223209 ], [ 105.7779666, 21.0222725 ], [ 105.777977, 21.0222596 ], [ 105.7778676, 21.0221827 ], [ 105.7778587, 21.0221764 ] ] ] } },
{ "type": "Feature", "properties": { "element": "way", "id": 983234508, "estimated_height": 12.0 }, "geometry": { "type": "Polygon", "coordinates": [ [ [ 105.7771431, 21.021939 ], [ 105.7772254, 21.0218379 ], [ 105.7773746, 21.0219436 ], [ 105.7772923, 21.0220447 ], [ 105.7771431, 21.021939 ] ] ] } },
{ "type": "Feature", "properties": { "element": "way", "id": 983234509, "estimated_height": 12.0 }, "geometry": { "type": "Polygon", "coordinates": [ [ [ 105.7776343, 21.0219414 ], [ 105.7776575, 21.0219111 ], [ 105.7777066, 21.0218469 ], [ 105.7778865, 21.0219667 ], [ 105.7777964, 21.0220846 ], [ 105.7777247, 21.0220368 ], [ 105.7777426, 21.0220135 ], [ 105.7776343, 21.0219414 ] ] ] } },
{ "type": "Feature", "properties": { "element": "way", "id": 983234510, "estimated_height": 12.0 }, "geometry": { "type": "Polygon", "coordinates": [ [ [ 105.7772921, 21.021658 ], [ 105.777365, 21.0215691 ], [ 105.777677, 21.021792 ], [ 105.7776041, 21.0218809 ], [ 105.7772921, 21.021658 ] ] ] } },
{ "type": "Feature", "properties": { "element": "way", "id": 1008340674, "estimated_height": 16.0 }, "geometry": { "type": "Polygon", "coordinates": [ [ [ 105.7898709, 21.0168524 ], [ 105.7903014, 21.017084 ], [ 105.7902495, 21.0171691 ], [ 105.7898659, 21.0169627 ], [ 105.7898191, 21.0169375 ], [ 105.7898709, 21.0168524 ] ] ] } },
{ "type": "Feature", "properties": { "element": "way", "id": 1008340675, "estimated_height": 16.0 }, "geometry": { "type": "Polygon", "coordinates": [ [ [ 105.7900915, 21.0164787 ], [ 105.7902524, 21.0165655 ], [ 105.7905087, 21.0166987 ], [ 105.7905266, 21.016708 ], [ 105.7904733, 21.0167974 ], [ 105.7900382, 21.016568 ], [ 105.7900915, 21.0164787 ] ] ] } },
{ "type": "Feature", "properties": { "element": "way", "id": 1008340676, "estimated_height": 16.0 }, "geometry": { "type": "Polygon", "coordinates": [ [ [ 105.7898109, 21.0170553 ], [ 105.7901995, 21.017255 ], [ 105.7901421, 21.0173426 ], [ 105.789758, 21.0171406 ], [ 105.7897798, 21.0171029 ], [ 105.7898109, 21.0170553 ] ] ] } },
{ "type": "Feature", "properties": { "element": "way", "id": 1008340677, "estimated_height": 22.0 }, "geometry": { "type": "Polygon", "coordinates": [ [ [ 105.7899238, 21.0163925 ], [ 105.7900915, 21.0164787 ], [ 105.7900382, 21.016568 ], [ 105.7900071, 21.0166238 ], [ 105.7900178, 21.0166332 ], [ 105.7899969, 21.0166675 ], [ 105.789986, 21.0166617 ], [ 105.7899334, 21.016748 ], [ 105.7899504, 21.0167571 ], [ 105.7899218, 21.0168042 ], [ 105.7899055, 21.0167955 ], [ 105.7898709, 21.0168524 ], [ 105.7898191, 21.0169375 ], [ 105.7897827, 21.016918 ], [ 105.7897576, 21.0169607 ], [ 105.7897493, 21.0169561 ], [ 105.7896135, 21.0168798 ], [ 105.7899238, 21.0163925 ] ] ] } },
{ "type": "Feature", "properties": { "element": "way", "id": 1008340678, "estimated_height": 10.0 }, "geometry": { "type": "Polygon", "coordinates": [ [ [ 105.7903836, 21.0163518 ], [ 105.7904756, 21.0164004 ], [ 105.790429, 21.0164775 ], [ 105.7905027, 21.0165164 ], [ 105.7905477, 21.0164421 ], [ 105.7906318, 21.0164865 ], [ 105.7905364, 21.0166443 ], [ 105.7902838, 21.0165129 ], [ 105.7903836, 21.0163518 ] ] ] } },
{ "type": "Feature", "properties": { "element": "way", "id": 1008340680, "estimated_height": 16.0 }, "geometry": { "type": "Polygon", "coordinates": [ [ [ 105.7901248, 21.0164212 ], [ 105.7902606, 21.0161962 ], [ 105.7901171, 21.0161208 ], [ 105.7899813, 21.0163458 ], [ 105.7901248, 21.0164212 ] ] ] } },
{ "type": "Feature", "properties": { "element": "way", "id": 1008377636, "estimated_height": 12.0 }, "geometry": { "type": "Polygon", "coordinates": [ [ [ 105.7895202, 21.0170252 ], [ 105.7895863, 21.0169211 ], [ 105.7897251, 21.0169979 ], [ 105.7896884, 21.0170556 ], [ 105.789659, 21.017102 ], [ 105.7895202, 21.0170252 ] ] ] } },
{ "type": "Feature", "properties": { "element": "way", "id": 1017278302, "estimated_height": 12.0 }, "geometry": { "type": "Polygon", "coordinates": [ [ [ 105.7859512, 21.0221367 ], [ 105.7860361, 21.0220129 ], [ 105.7862775, 21.0219778 ], [ 105.7864063, 21.0220682 ], [ 105.7864891, 21.0219653 ], [ 105.7863177, 21.0218451 ], [ 105.7859476, 21.0218952 ], [ 105.7858312, 21.0220651 ], [ 105.7859512, 21.0221367 ] ] ] } },
{ "type": "Feature", "properties": { "element": "way", "id": 1040519043, "estimated_height": 12.0 }, "geometry": { "type": "Polygon", "coordinates": [ [ [ 105.7862026, 21.0176199 ], [ 105.7867514, 21.0179972 ], [ 105.78681, 21.017989 ], [ 105.7869885, 21.0177367 ], [ 105.7869869, 21.0176757 ], [ 105.7864686, 21.0173003 ], [ 105.7863863, 21.0173094 ], [ 105.7861962, 21.0175522 ], [ 105.7862026, 21.0176199 ] ] ] } },
{ "type": "Feature", "properties": { "element": "way", "id": 1040519044, "estimated_height": 12.0 }, "geometry": { "type": "Polygon", "coordinates": [ [ [ 105.7865028, 21.0185489 ], [ 105.7867228, 21.0187131 ], [ 105.7869105, 21.0184941 ], [ 105.7866906, 21.0183298 ], [ 105.7865028, 21.0185489 ] ] ] } },
{ "type": "Feature", "properties": { "element": "way", "id": 1040519045, "estimated_height": 12.0 }, "geometry": { "type": "Polygon", "coordinates": [ [ [ 105.7864107, 21.018658 ], [ 105.7866343, 21.018833 ], [ 105.7867153, 21.0187429 ], [ 105.7864916, 21.0185679 ], [ 105.7864107, 21.018658 ] ] ] } },
{ "type": "Feature", "properties": { "element": "way", "id": 1040519046, "estimated_height": 12.0 }, "geometry": { "type": "Polygon", "coordinates": [ [ [ 105.7774965, 21.0203712 ], [ 105.7775366, 21.0203421 ], [ 105.7775017, 21.0203002 ], [ 105.7773804, 21.0203881 ], [ 105.7774153, 21.02043 ], [ 105.777453, 21.0204027 ], [ 105.7774729, 21.0204338 ], [ 105.7775199, 21.0204075 ], [ 105.7774965, 21.0203712 ] ] ] } },
{ "type": "Feature", "properties": { "element": "way", "id": 1040519049, "estimated_height": 12.0 }, "geometry": { "type": "Polygon", "coordinates": [ [ [ 105.7781053, 21.0197108 ], [ 105.7781831, 21.0197903 ], [ 105.7782146, 21.0197633 ], [ 105.7781368, 21.0196839 ], [ 105.7781053, 21.0197108 ] ] ] } },
{ "type": "Feature", "properties": { "element": "way", "id": 1040519057, "estimated_height": 12.0 }, "geometry": { "type": "Polygon", "coordinates": [ [ [ 105.7860674, 21.0186458 ], [ 105.7861404, 21.0186952 ], [ 105.7862314, 21.018578 ], [ 105.7861584, 21.0185286 ], [ 105.7860674, 21.0186458 ] ] ] } },
{ "type": "Feature", "properties": { "element": "way", "id": 1040519058, "estimated_height": 12.0 }, "geometry": { "type": "Polygon", "coordinates": [ [ [ 105.7867053, 21.0183248 ], [ 105.7869279, 21.01847 ], [ 105.7869848, 21.0183941 ], [ 105.7867621, 21.0182489 ], [ 105.7867053, 21.0183248 ] ] ] } },
{ "type": "Feature", "properties": { "element": "way", "id": 1040519059, "estimated_height": 12.0 }, "geometry": { "type": "Polygon", "coordinates": [ [ [ 105.7818358, 21.0190494 ], [ 105.7817662, 21.0191364 ], [ 105.7820346, 21.0193233 ], [ 105.7821042, 21.0192363 ], [ 105.7818358, 21.0190494 ] ] ] } },
{ "type": "Feature", "properties": { "element": "way", "id": 1040519060, "estimated_height": 12.0 }, "geometry": { "type": "Polygon", "coordinates": [ [ [ 105.7819053, 21.0189624 ], [ 105.7818358, 21.0190494 ], [ 105.7821042, 21.0192363 ], [ 105.7821737, 21.0191492 ], [ 105.7819053, 21.0189624 ] ] ] } },
{ "type": "Feature", "properties": { "element": "way", "id": 1040519061, "estimated_height": 12.0 }, "geometry": { "type": "Polygon", "coordinates": [ [ [ 105.7819749, 21.0188753 ], [ 105.7819053, 21.0189624 ], [ 105.7821737, 21.0191492 ], [ 105.7822433, 21.0190622 ], [ 105.7819749, 21.0188753 ] ] ] } },
{ "type": "Feature", "properties": { "element": "way", "id": 1040519066, "estimated_height": 12.0 }, "geometry": { "type": "Polygon", "coordinates": [ [ [ 105.7791623, 21.0198127 ], [ 105.7791145, 21.0198687 ], [ 105.7792929, 21.0200014 ], [ 105.7793407, 21.0199454 ], [ 105.7793364, 21.0199423 ], [ 105.7793465, 21.0199288 ], [ 105.7793063, 21.0199025 ], [ 105.7792979, 21.0199137 ], [ 105.7792344, 21.0198664 ], [ 105.7792594, 21.0198374 ], [ 105.7792111, 21.0198011 ], [ 105.779186, 21.0198302 ], [ 105.7791623, 21.0198127 ] ] ] } },
{ "type": "Feature", "properties": { "element": "way", "id": 1040519067, "estimated_height": 12.0 }, "geometry": { "type": "Polygon", "coordinates": [ [ [ 105.7780324, 21.0195152 ], [ 105.7780394, 21.0195081 ], [ 105.7780012, 21.019475 ], [ 105.7779302, 21.0195462 ], [ 105.7779685, 21.0195794 ], [ 105.7780028, 21.0195451 ], [ 105.7780355, 21.0195731 ], [ 105.778065, 21.0195431 ], [ 105.7780324, 21.0195152 ] ] ] } },
{ "type": "Feature", "properties": { "element": "way", "id": 1040519068, "estimated_height": 12.0 }, "geometry": { "type": "Polygon", "coordinates": [ [ [ 105.7779276, 21.0196708 ], [ 105.7779711, 21.0196382 ], [ 105.7779136, 21.0195711 ], [ 105.7778701, 21.0196037 ], [ 105.7779276, 21.0196708 ] ] ] } },
{ "type": "Feature", "properties": { "element": "way", "id": 1040519069, "estimated_height": 12.0 }, "geometry": { "type": "Polygon", "coordinates": [ [ [ 105.7781683, 21.019073 ], [ 105.7781274, 21.0191068 ], [ 105.778178, 21.0191602 ], [ 105.7782189, 21.0191264 ], [ 105.7781683, 21.019073 ] ] ] } },
{ "type": "Feature", "properties": { "element": "way", "id": 1040519078, "estimated_height": 12.0 }, "geometry": { "type": "Polygon", "coordinates": [ [ [ 105.7784497, 21.0215876 ], [ 105.7785198, 21.021501 ], [ 105.7784152, 21.0214098 ], [ 105.7783459, 21.0215102 ], [ 105.7784497, 21.0215876 ] ] ] } },
{ "type": "Feature", "properties": { "element": "way", "id": 1040519085, "estimated_height": 12.0 }, "geometry": { "type": "Polygon", "coordinates": [ [ [ 105.7793257, 21.0188101 ], [ 105.7795758, 21.0189941 ], [ 105.7796347, 21.0189243 ], [ 105.7793846, 21.0187403 ], [ 105.7793257, 21.0188101 ] ] ] } },
{ "type": "Feature", "properties": { "element": "way", "id": 1040519086, "estimated_height": 12.0 }, "geometry": { "type": "Polygon", "coordinates": [ [ [ 105.7792973, 21.018854 ], [ 105.7792406, 21.0189225 ], [ 105.7794916, 21.0191035 ], [ 105.7795483, 21.019035 ], [ 105.7792973, 21.018854 ] ] ] } },
{ "type": "Feature", "properties": { "element": "way", "id": 1040519088, "estimated_height": 12.0 }, "geometry": { "type": "Polygon", "coordinates": [ [ [ 105.7790111, 21.0194877 ], [ 105.7790361, 21.0194623 ], [ 105.7789464, 21.0193852 ], [ 105.7789159, 21.0194161 ], [ 105.7788774, 21.0193871 ], [ 105.7787828, 21.0194966 ], [ 105.7789625, 21.0196318 ], [ 105.7790571, 21.0195223 ], [ 105.7790111, 21.0194877 ] ] ] } },
{ "type": "Feature", "properties": { "element": "way", "id": 1040519089, "estimated_height": 12.0 }, "geometry": { "type": "Polygon", "coordinates": [ [ [ 105.7790446, 21.0198052 ], [ 105.779215, 21.0195999 ], [ 105.779137, 21.0195435 ], [ 105.7789667, 21.0197488 ], [ 105.7790446, 21.0198052 ] ] ] } },
{ "type": "Feature", "properties": { "element": "way", "id": 1040726644, "estimated_height": 12.0 }, "geometry": { "type": "Polygon", "coordinates": [ [ [ 105.7805732, 21.015224 ], [ 105.7807456, 21.0153484 ], [ 105.7807886, 21.0152965 ], [ 105.7806162, 21.015172 ], [ 105.7805732, 21.015224 ] ] ] } },
{ "type": "Feature", "properties": { "element": "way", "id": 1040726645, "estimated_height": 12.0 }, "geometry": { "type": "Polygon", "coordinates": [ [ [ 105.7804888, 21.0153265 ], [ 105.7806307, 21.0154235 ], [ 105.7806744, 21.0153678 ], [ 105.7806642, 21.0153608 ], [ 105.7806778, 21.0153435 ], [ 105.7805461, 21.0152535 ], [ 105.7804888, 21.0153265 ] ] ] } },
{ "type": "Feature", "properties": { "element": "way", "id": 1040726646, "estimated_height": 14.0 }, "geometry": { "type": "Polygon", "coordinates": [ [ [ 105.7809973, 21.0142509 ], [ 105.7806524, 21.0146692 ], [ 105.7807078, 21.014709 ], [ 105.7807379, 21.0147307 ], [ 105.7810958, 21.0149878 ], [ 105.7811606, 21.0149093 ], [ 105.7808026, 21.0146521 ], [ 105.7808412, 21.0146054 ], [ 105.7808919, 21.0146418 ], [ 105.780918, 21.01461 ], [ 105.7809376, 21.0146241 ], [ 105.7810384, 21.0145019 ], [ 105.7810159, 21.0144858 ], [ 105.7810305, 21.0144681 ], [ 105.7809827, 21.0144337 ], [ 105.7810156, 21.0143938 ], [ 105.7813774, 21.0146538 ], [ 105.7814446, 21.0145723 ], [ 105.7809973, 21.0142509 ] ] ] } },
{ "type": "Feature", "properties": { "element": "way", "id": 1040726647, "estimated_height": 12.0 }, "geometry": { "type": "Polygon", "coordinates": [ [ [ 105.7804658, 21.0132434 ], [ 105.7805158, 21.0132776 ], [ 105.7805743, 21.0132032 ], [ 105.7805243, 21.013169 ], [ 105.7804658, 21.0132434 ] ] ] } },
{ "type": "Feature", "properties": { "element": "way", "id": 1040726649, "estimated_height": 12.0 }, "geometry": { "type": "Polygon", "coordinates": [ [ [ 105.7772138, 21.013719 ], [ 105.7772574, 21.0137527 ], [ 105.7773492, 21.0136494 ], [ 105.7773056, 21.0136156 ], [ 105.7772138, 21.013719 ] ] ] } },
{ "type": "Feature", "properties": { "element": "way", "id": 1040726650, "estimated_height": 12.0 }, "geometry": { "type": "Polygon", "coordinates": [ [ [ 105.7780146, 21.0141257 ], [ 105.7780603, 21.0141071 ], [ 105.7780574, 21.0140648 ], [ 105.7780114, 21.0140661 ], [ 105.7780146, 21.0141257 ] ] ] } },
{ "type": "Feature", "properties": { "element": "way", "id": 1040726651, "estimated_height": 12.0 }, "geometry": { "type": "Polygon", "coordinates": [ [ [ 105.778112, 21.0139659 ], [ 105.778165, 21.0140101 ], [ 105.7782596, 21.0139112 ], [ 105.7782065, 21.013867 ], [ 105.778112, 21.0139659 ] ] ] } },
{ "type": "Feature", "properties": { "element": "way", "id": 1040726652, "estimated_height": 12.0 }, "geometry": { "type": "Polygon", "coordinates": [ [ [ 105.7783633, 21.0134949 ], [ 105.7784312, 21.0135502 ], [ 105.7784789, 21.0134991 ], [ 105.778411, 21.0134439 ], [ 105.7783633, 21.0134949 ] ] ] } },
{ "type": "Feature", "properties": { "element": "way", "id": 1040726653, "estimated_height": 12.0 }, "geometry": { "type": "Polygon", "coordinates": [ [ [ 105.7788878, 21.0119916 ], [ 105.7789132, 21.0120013 ], [ 105.7790017, 21.0120353 ], [ 105.7790222, 21.0120433 ], [ 105.779037, 21.0120098 ], [ 105.7789025, 21.0119582 ], [ 105.7788878, 21.0119916 ] ] ] } },
{ "type": "Feature", "properties": { "element": "way", "id": 1040726654, "estimated_height": 12.0 }, "geometry": { "type": "Polygon", "coordinates": [ [ [ 105.7788889, 21.0120565 ], [ 105.7789774, 21.0120905 ], [ 105.7790017, 21.0120353 ], [ 105.7789132, 21.0120013 ], [ 105.7788889, 21.0120565 ] ] ] } },
{ "type": "Feature", "properties": { "element": "way", "id": 1040726655, "estimated_height": 12.0 }, "geometry": { "type": "Polygon", "coordinates": [ [ [ 105.7798864, 21.014554 ], [ 105.7799141, 21.0145059 ], [ 105.7798311, 21.0144642 ], [ 105.7798034, 21.0145123 ], [ 105.7798864, 21.014554 ] ] ] } },
{ "type": "Feature", "properties": { "element": "way", "id": 1040726656, "estimated_height": 12.0 }, "geometry": { "type": "Polygon", "coordinates": [ [ [ 105.7796573, 21.0146005 ], [ 105.7797297, 21.0146446 ], [ 105.779776, 21.0145783 ], [ 105.7797036, 21.0145342 ], [ 105.7796573, 21.0146005 ] ] ] } },
{ "type": "Feature", "properties": { "element": "way", "id": 1040726657, "estimated_height": 12.0 }, "geometry": { "type": "Polygon", "coordinates": [ [ [ 105.7797602, 21.0140924 ], [ 105.7798076, 21.0141095 ], [ 105.779857, 21.0139905 ], [ 105.7798097, 21.0139733 ], [ 105.7797602, 21.0140924 ] ] ] } },
{ "type": "Feature", "properties": { "element": "way", "id": 1040726658, "estimated_height": 12.0 }, "geometry": { "type": "Polygon", "coordinates": [ [ [ 105.7803483, 21.0137919 ], [ 105.7803944, 21.0137392 ], [ 105.7802987, 21.0136662 ], [ 105.7802526, 21.0137188 ], [ 105.7803483, 21.0137919 ] ] ] } },
{ "type": "Feature", "properties": { "element": "way", "id": 1040726659, "estimated_height": 12.0 }, "geometry": { "type": "Polygon", "coordinates": [ [ [ 105.7819318, 21.0117948 ], [ 105.7820032, 21.0117182 ], [ 105.7819703, 21.0116914 ], [ 105.7818989, 21.0117681 ], [ 105.7819318, 21.0117948 ] ] ] } },
{ "type": "Feature", "properties": { "element": "way", "id": 1040726660, "estimated_height": 12.0 }, "geometry": { "type": "Polygon", "coordinates": [ [ [ 105.7818343, 21.011495 ], [ 105.7818758, 21.0114489 ], [ 105.7818496, 21.0114284 ], [ 105.7818305, 21.0114497 ], [ 105.7817716, 21.0114035 ], [ 105.7817492, 21.0114283 ], [ 105.7818343, 21.011495 ] ] ] } },
{ "type": "Feature", "properties": { "element": "way", "id": 1040726661, "estimated_height": 12.0 }, "geometry": { "type": "Polygon", "coordinates": [ [ [ 105.7814017, 21.0121376 ], [ 105.7814561, 21.012181 ], [ 105.7815261, 21.0121047 ], [ 105.7814717, 21.0120613 ], [ 105.7814017, 21.0121376 ] ] ] } },
{ "type": "Feature", "properties": { "element": "way", "id": 1040726662, "estimated_height": 12.0 }, "geometry": { "type": "Polygon", "coordinates": [ [ [ 105.7774413, 21.0135561 ], [ 105.7775223, 21.0135009 ], [ 105.7774748, 21.0134402 ], [ 105.7773938, 21.0134954 ], [ 105.7774413, 21.0135561 ] ] ] } },
{ "type": "Feature", "properties": { "element": "way", "id": 1040726663, "estimated_height": 12.0 }, "geometry": { "type": "Polygon", "coordinates": [ [ [ 105.778101, 21.0138083 ], [ 105.7781444, 21.0137701 ], [ 105.7780703, 21.0136967 ], [ 105.7780268, 21.0137348 ], [ 105.778101, 21.0138083 ] ] ] } },
{ "type": "Feature", "properties": { "element": "way", "id": 1040726664, "estimated_height": 12.0 }, "geometry": { "type": "Polygon", "coordinates": [ [ [ 105.7795142, 21.0141274 ], [ 105.7795806, 21.0140525 ], [ 105.7793515, 21.0138756 ], [ 105.7792851, 21.0139506 ], [ 105.7795142, 21.0141274 ] ] ] } },
{ "type": "Feature", "properties": { "element": "way", "id": 1040726665, "estimated_height": 12.0 }, "geometry": { "type": "Polygon", "coordinates": [ [ [ 105.7817374, 21.0133487 ], [ 105.7817862, 21.0133214 ], [ 105.7817335, 21.0132396 ], [ 105.7816848, 21.013267 ], [ 105.7817374, 21.0133487 ] ] ] } },
{ "type": "Feature", "properties": { "element": "way", "id": 1040726667, "estimated_height": 12.0 }, "geometry": { "type": "Polygon", "coordinates": [ [ [ 105.7842938, 21.014011 ], [ 105.7843378, 21.0140409 ], [ 105.7843861, 21.0139789 ], [ 105.7843421, 21.013949 ], [ 105.7842938, 21.014011 ] ] ] } },
{ "type": "Feature", "properties": { "element": "way", "id": 1040726670, "estimated_height": 14.0 }, "geometry": { "type": "Polygon", "coordinates": [ [ [ 105.7816928, 21.0147586 ], [ 105.7821462, 21.0150798 ], [ 105.7822445, 21.0149589 ], [ 105.7817911, 21.0146377 ], [ 105.7816928, 21.0147586 ] ] ] } },
{ "type": "Feature", "properties": { "element": "way", "id": 1040726671, "estimated_height": 12.0 }, "geometry": { "type": "Polygon", "coordinates": [ [ [ 105.7814915, 21.0132344 ], [ 105.7815608, 21.013233 ], [ 105.7815582, 21.0131231 ], [ 105.7814888, 21.0131246 ], [ 105.7814895, 21.0131528 ], [ 105.7814671, 21.0131532 ], [ 105.7814679, 21.0131864 ], [ 105.7814903, 21.0131859 ], [ 105.7814915, 21.0132344 ] ] ] } },
{ "type": "Feature", "properties": { "element": "way", "id": 1040726672, "estimated_height": 12.0 }, "geometry": { "type": "Polygon", "coordinates": [ [ [ 105.777827, 21.0126821 ], [ 105.7779003, 21.0127244 ], [ 105.7779403, 21.0126641 ], [ 105.777867, 21.0126217 ], [ 105.777827, 21.0126821 ] ] ] } },
{ "type": "Feature", "properties": { "element": "way", "id": 1040726673, "estimated_height": 12.0 }, "geometry": { "type": "Polygon", "coordinates": [ [ [ 105.7776167, 21.0123493 ], [ 105.7777026, 21.0122731 ], [ 105.7775882, 21.0121608 ], [ 105.7775023, 21.012237 ], [ 105.7776167, 21.0123493 ] ] ] } },
{ "type": "Feature", "properties": { "element": "way", "id": 1040732259, "estimated_height": 12.0 }, "geometry": { "type": "Polygon", "coordinates": [ [ [ 105.7870384, 21.0226596 ], [ 105.7870993, 21.0227053 ], [ 105.7871871, 21.0226033 ], [ 105.7871262, 21.0225575 ], [ 105.7870384, 21.0226596 ] ] ] } },
{ "type": "Feature", "properties": { "element": "way", "id": 1040735942, "estimated_height": 12.0 }, "geometry": { "type": "Polygon", "coordinates": [ [ [ 105.7793945, 21.0138297 ], [ 105.7794249, 21.0138026 ], [ 105.7793163, 21.0136965 ], [ 105.7792859, 21.0137236 ], [ 105.7793945, 21.0138297 ] ] ] } },
{ "type": "Feature", "properties": { "element": "way", "id": 1040735943, "estimated_height": 12.0 }, "geometry": { "type": "Polygon", "coordinates": [ [ [ 105.7774339, 21.0126685 ], [ 105.7774879, 21.0126247 ], [ 105.7774164, 21.0125478 ], [ 105.7773624, 21.0125916 ], [ 105.7774339, 21.0126685 ] ] ] } },
{ "type": "Feature", "properties": { "element": "way", "id": 1040735945, "estimated_height": 12.0 }, "geometry": { "type": "Polygon", "coordinates": [ [ [ 105.780251, 21.0132659 ], [ 105.7803198, 21.0133076 ], [ 105.7803412, 21.0132769 ], [ 105.7802724, 21.0132351 ], [ 105.780251, 21.0132659 ] ] ] } },
{ "type": "Feature", "properties": { "element": "way", "id": 1040735946, "estimated_height": 12.0 }, "geometry": { "type": "Polygon", "coordinates": [ [ [ 105.780347, 21.0132697 ], [ 105.7804083, 21.0131919 ], [ 105.7803647, 21.0131619 ], [ 105.7803033, 21.0132396 ], [ 105.780347, 21.0132697 ] ] ] } },
{ "type": "Feature", "properties": { "element": "way", "id": 1040735947, "estimated_height": 12.0 }, "geometry": { "type": "Polygon", "coordinates": [ [ [ 105.7800378, 21.0123891 ], [ 105.7801138, 21.012344 ], [ 105.7800718, 21.0122823 ], [ 105.7799958, 21.0123274 ], [ 105.7800378, 21.0123891 ] ] ] } },
{ "type": "Feature", "properties": { "element": "way", "id": 1040735949, "estimated_height": 12.0 }, "geometry": { "type": "Polygon", "coordinates": [ [ [ 105.7808869, 21.0127762 ], [ 105.7809975, 21.0126643 ], [ 105.7809434, 21.0126178 ], [ 105.7809037, 21.012658 ], [ 105.7808709, 21.0126297 ], [ 105.7808, 21.0127014 ], [ 105.7808869, 21.0127762 ] ] ] } },
{ "type": "Feature", "properties": { "element": "way", "id": 1040735951, "estimated_height": 12.0 }, "geometry": { "type": "Polygon", "coordinates": [ [ [ 105.7813619, 21.0152256 ], [ 105.7814486, 21.0152823 ], [ 105.781486, 21.0152324 ], [ 105.7813992, 21.0151757 ], [ 105.7813619, 21.0152256 ] ] ] } },
{ "type": "Feature", "properties": { "element": "way", "id": 1040735952, "estimated_height": 12.0 }, "geometry": { "type": "Polygon", "coordinates": [ [ [ 105.7813169, 21.0152856 ], [ 105.7813283, 21.0152931 ], [ 105.7813218, 21.0153017 ], [ 105.781359, 21.015326 ], [ 105.7813655, 21.0153173 ], [ 105.7814037, 21.0153423 ], [ 105.7814486, 21.0152823 ], [ 105.7813619, 21.0152256 ], [ 105.7813169, 21.0152856 ] ] ] } },
{ "type": "Feature", "properties": { "element": "way", "id": 1040735953, "estimated_height": 12.0 }, "geometry": { "type": "Polygon", "coordinates": [ [ [ 105.781116, 21.0156285 ], [ 105.781181, 21.0156737 ], [ 105.78124, 21.0155998 ], [ 105.781175, 21.0155546 ], [ 105.781116, 21.0156285 ] ] ] } },
{ "type": "Feature", "properties": { "element": "way", "id": 1040735954, "estimated_height": 12.0 }, "geometry": { "type": "Polygon", "coordinates": [ [ [ 105.781116, 21.0156285 ], [ 105.781175, 21.0155546 ], [ 105.7811068, 21.0155071 ], [ 105.7810478, 21.0155809 ], [ 105.781116, 21.0156285 ] ] ] } },
{ "type": "Feature", "properties": { "element": "way", "id": 1040735955, "estimated_height": 12.0 }, "geometry": { "type": "Polygon", "coordinates": [ [ [ 105.7815339, 21.015929 ], [ 105.7816144, 21.0159855 ], [ 105.7816767, 21.0159082 ], [ 105.7815962, 21.0158517 ], [ 105.7815339, 21.015929 ] ] ] } },
{ "type": "Feature", "properties": { "element": "way", "id": 1040735956, "estimated_height": 12.0 }, "geometry": { "type": "Polygon", "coordinates": [ [ [ 105.7814474, 21.01587 ], [ 105.7815084, 21.0159129 ], [ 105.781527, 21.0158898 ], [ 105.781534, 21.0158947 ], [ 105.7815549, 21.0158689 ], [ 105.7815452, 21.015862 ], [ 105.7815732, 21.0158272 ], [ 105.7815149, 21.0157863 ], [ 105.7814474, 21.01587 ] ] ] } },
{ "type": "Feature", "properties": { "element": "way", "id": 1040735957, "estimated_height": 12.0 }, "geometry": { "type": "Polygon", "coordinates": [ [ [ 105.7814474, 21.01587 ], [ 105.7815149, 21.0157863 ], [ 105.7814453, 21.0157375 ], [ 105.7814224, 21.0157659 ], [ 105.7814134, 21.0157596 ], [ 105.7813894, 21.0157894 ], [ 105.7813984, 21.0157957 ], [ 105.7813779, 21.0158212 ], [ 105.7814474, 21.01587 ] ] ] } },
{ "type": "Feature", "properties": { "element": "way", "id": 1040735958, "estimated_height": 12.0 }, "geometry": { "type": "Polygon", "coordinates": [ [ [ 105.7818574, 21.0153187 ], [ 105.7819377, 21.0153751 ], [ 105.7819818, 21.0153205 ], [ 105.7819643, 21.0153082 ], [ 105.7819754, 21.0152944 ], [ 105.781936, 21.0152667 ], [ 105.7819294, 21.0152748 ], [ 105.781906, 21.0152584 ], [ 105.7818574, 21.0153187 ] ] ] } },
{ "type": "Feature", "properties": { "element": "way", "id": 1040735959, "estimated_height": 12.0 }, "geometry": { "type": "Polygon", "coordinates": [ [ [ 105.7818141, 21.0153724 ], [ 105.7818386, 21.0153896 ], [ 105.7818294, 21.0154011 ], [ 105.78187, 21.0154296 ], [ 105.7818792, 21.0154182 ], [ 105.7818941, 21.0154287 ], [ 105.7819377, 21.0153751 ], [ 105.7818574, 21.0153187 ], [ 105.7818141, 21.0153724 ] ] ] } },
{ "type": "Feature", "properties": { "element": "way", "id": 1040735960, "estimated_height": 12.0 }, "geometry": { "type": "Polygon", "coordinates": [ [ [ 105.7818971, 21.0154481 ], [ 105.7819576, 21.0154907 ], [ 105.7819664, 21.0154798 ], [ 105.7819884, 21.0154953 ], [ 105.7820347, 21.0154379 ], [ 105.7819522, 21.01538 ], [ 105.7818971, 21.0154481 ] ] ] } },
{ "type": "Feature", "properties": { "element": "way", "id": 1040735961, "estimated_height": 12.0 }, "geometry": { "type": "Polygon", "coordinates": [ [ [ 105.7819522, 21.01538 ], [ 105.7820347, 21.0154379 ], [ 105.7820405, 21.015442 ], [ 105.782087, 21.0153843 ], [ 105.7819987, 21.0153223 ], [ 105.7819522, 21.01538 ] ] ] } },
{ "type": "Feature", "properties": { "element": "way", "id": 1040735962, "estimated_height": 12.0 }, "geometry": { "type": "Polygon", "coordinates": [ [ [ 105.7820268, 21.0152926 ], [ 105.782079, 21.0153293 ], [ 105.7820878, 21.0153183 ], [ 105.7821229, 21.0153429 ], [ 105.7821535, 21.015305 ], [ 105.7821184, 21.0152804 ], [ 105.7821293, 21.0152669 ], [ 105.7820771, 21.0152303 ], [ 105.7820268, 21.0152926 ] ] ] } },
{ "type": "Feature", "properties": { "element": "way", "id": 1040735963, "estimated_height": 12.0 }, "geometry": { "type": "Polygon", "coordinates": [ [ [ 105.7819296, 21.0152084 ], [ 105.7819567, 21.015226 ], [ 105.7819487, 21.0152366 ], [ 105.7820134, 21.0152787 ], [ 105.7820714, 21.0152012 ], [ 105.7819797, 21.0151414 ], [ 105.7819296, 21.0152084 ] ] ] } },
{ "type": "Feature", "properties": { "element": "way", "id": 1040739776, "estimated_height": 12.0 }, "geometry": { "type": "Polygon", "coordinates": [ [ [ 105.7791406, 21.0123184 ], [ 105.7792139, 21.0123773 ], [ 105.7792514, 21.0123366 ], [ 105.7791781, 21.0122777 ], [ 105.7791406, 21.0123184 ] ] ] } },
{ "type": "Feature", "properties": { "element": "way", "id": 1040739777, "estimated_height": 12.0 }, "geometry": { "type": "Polygon", "coordinates": [ [ [ 105.7792104, 21.0138501 ], [ 105.7792435, 21.0138225 ], [ 105.7791849, 21.0137613 ], [ 105.7791518, 21.0137889 ], [ 105.7792104, 21.0138501 ] ] ] } },
{ "type": "Feature", "properties": { "element": "way", "id": 1040739778, "estimated_height": 12.0 }, "geometry": { "type": "Polygon", "coordinates": [ [ [ 105.7794745, 21.0146351 ], [ 105.7795573, 21.0146952 ], [ 105.7795827, 21.0146647 ], [ 105.7795579, 21.0146467 ], [ 105.7795898, 21.0146084 ], [ 105.7795395, 21.0145719 ], [ 105.7795076, 21.0146102 ], [ 105.7794999, 21.0146046 ], [ 105.7794745, 21.0146351 ] ] ] } },
{ "type": "Feature", "properties": { "element": "way", "id": 1040739779, "estimated_height": 12.0 }, "geometry": { "type": "Polygon", "coordinates": [ [ [ 105.7814674, 21.0150321 ], [ 105.781497, 21.0149978 ], [ 105.7814666, 21.014975 ], [ 105.7814694, 21.0149717 ], [ 105.7814451, 21.0149534 ], [ 105.7814419, 21.0149572 ], [ 105.7814106, 21.0149337 ], [ 105.7813814, 21.0149675 ], [ 105.7814674, 21.0150321 ] ] ] } },
{ "type": "Feature", "properties": { "element": "way", "id": 1040739780, "estimated_height": 12.0 }, "geometry": { "type": "Polygon", "coordinates": [ [ [ 105.7773057, 21.0121392 ], [ 105.7773649, 21.0120992 ], [ 105.7773278, 21.0120515 ], [ 105.7773426, 21.0120415 ], [ 105.7773225, 21.0120155 ], [ 105.7773069, 21.0120261 ], [ 105.777272, 21.0119811 ], [ 105.7772136, 21.0120206 ], [ 105.7773057, 21.0121392 ] ] ] } },
{ "type": "Feature", "properties": { "element": "way", "id": 1040739781, "estimated_height": 12.0 }, "geometry": { "type": "Polygon", "coordinates": [ [ [ 105.7783734, 21.0137653 ], [ 105.7784219, 21.0137224 ], [ 105.7783533, 21.013655 ], [ 105.7783049, 21.0136979 ], [ 105.7783734, 21.0137653 ] ] ] } },
{ "type": "Feature", "properties": { "element": "way", "id": 1040739782, "estimated_height": 12.0 }, "geometry": { "type": "Polygon", "coordinates": [ [ [ 105.7818546, 21.0114177 ], [ 105.7819168, 21.0114625 ], [ 105.7819508, 21.0114215 ], [ 105.7818886, 21.0113766 ], [ 105.7818546, 21.0114177 ] ] ] } },
{ "type": "Feature", "properties": { "element": "way", "id": 1040739783, "estimated_height": 12.0 }, "geometry": { "type": "Polygon", "coordinates": [ [ [ 105.7827932, 21.0116719 ], [ 105.7828291, 21.0116862 ], [ 105.782818, 21.0117106 ], [ 105.7828402, 21.0117194 ], [ 105.7828513, 21.011695 ], [ 105.7829007, 21.0117146 ], [ 105.7829167, 21.0116794 ], [ 105.7828092, 21.0116367 ], [ 105.7827932, 21.0116719 ] ] ] } },
{ "type": "Feature", "properties": { "element": "way", "id": 1040739784, "estimated_height": 12.0 }, "geometry": { "type": "Polygon", "coordinates": [ [ [ 105.7829817, 21.0142498 ], [ 105.7830339, 21.0141892 ], [ 105.78296, 21.0141338 ], [ 105.7829339, 21.0141642 ], [ 105.7829766, 21.0141962 ], [ 105.7829506, 21.0142264 ], [ 105.7829817, 21.0142498 ] ] ] } },
{ "type": "Feature", "properties": { "element": "way", "id": 1040739785, "estimated_height": 12.0 }, "geometry": { "type": "Polygon", "coordinates": [ [ [ 105.783131, 21.0137036 ], [ 105.7832223, 21.0137678 ], [ 105.7832753, 21.013702 ], [ 105.783184, 21.0136379 ], [ 105.783131, 21.0137036 ] ] ] } },
{ "type": "Feature", "properties": { "element": "way", "id": 1042515879, "estimated_height": 12.0 }, "geometry": { "type": "Polygon", "coordinates": [ [ [ 105.7821252, 21.0163333 ], [ 105.7821849, 21.0162632 ], [ 105.7820762, 21.0161825 ], [ 105.7820165, 21.0162526 ], [ 105.7821252, 21.0163333 ] ] ] } },
{ "type": "Feature", "properties": { "element": "way", "id": 1042515880, "estimated_height": 12.0 }, "geometry": { "type": "Polygon", "coordinates": [ [ [ 105.7812823, 21.015748 ], [ 105.7813593, 21.0158013 ], [ 105.781421, 21.0157237 ], [ 105.781344, 21.0156704 ], [ 105.7812823, 21.015748 ] ] ] } },
{ "type": "Feature", "properties": { "element": "way", "id": 1042515881, "estimated_height": 12.0 }, "geometry": { "type": "Polygon", "coordinates": [ [ [ 105.7812823, 21.015748 ], [ 105.781344, 21.0156704 ], [ 105.7812628, 21.0156141 ], [ 105.7812011, 21.0156917 ], [ 105.7812823, 21.015748 ] ] ] } },
{ "type": "Feature", "properties": { "element": "way", "id": 1042515882, "estimated_height": 12.0 }, "geometry": { "type": "Polygon", "coordinates": [ [ [ 105.7809417, 21.0156673 ], [ 105.7810242, 21.015574 ], [ 105.7809488, 21.0155159 ], [ 105.7808663, 21.0156092 ], [ 105.7809417, 21.0156673 ] ] ] } },
{ "type": "Feature", "properties": { "element": "way", "id": 1042515883, "estimated_height": 12.0 }, "geometry": { "type": "Polygon", "coordinates": [ [ [ 105.7810376, 21.0155446 ], [ 105.7810845, 21.0154958 ], [ 105.7810174, 21.0154396 ], [ 105.7809705, 21.0154884 ], [ 105.7810376, 21.0155446 ] ] ] } },
{ "type": "Feature", "properties": { "element": "way", "id": 1042515884, "estimated_height": 12.0 }, "geometry": { "type": "Polygon", "coordinates": [ [ [ 105.7796797, 21.0143809 ], [ 105.7796543, 21.0144216 ], [ 105.7797476, 21.0144723 ], [ 105.7797729, 21.0144316 ], [ 105.7796797, 21.0143809 ] ] ] } },
{ "type": "Feature", "properties": { "element": "way", "id": 1042515885, "estimated_height": 12.0 }, "geometry": { "type": "Polygon", "coordinates": [ [ [ 105.7795983, 21.0142382 ], [ 105.7795573, 21.0143142 ], [ 105.7796625, 21.0143619 ], [ 105.7796947, 21.0142865 ], [ 105.7795983, 21.0142382 ] ] ] } },
{ "type": "Feature", "properties": { "element": "way", "id": 1042515886, "estimated_height": 12.0 }, "geometry": { "type": "Polygon", "coordinates": [ [ [ 105.7795583, 21.0141762 ], [ 105.7795398, 21.0142108 ], [ 105.7795983, 21.0142382 ], [ 105.7796947, 21.0142865 ], [ 105.7797052, 21.0142451 ], [ 105.7795583, 21.0141762 ] ] ] } },
{ "type": "Feature", "properties": { "element": "way", "id": 1042515887, "estimated_height": 12.0 }, "geometry": { "type": "Polygon", "coordinates": [ [ [ 105.7793364, 21.0142689 ], [ 105.7794175, 21.0142088 ], [ 105.7793915, 21.0141782 ], [ 105.7793104, 21.0142383 ], [ 105.7793364, 21.0142689 ] ] ] } },
{ "type": "Feature", "properties": { "element": "way", "id": 1042515888, "estimated_height": 12.0 }, "geometry": { "type": "Polygon", "coordinates": [ [ [ 105.7791439, 21.0140504 ], [ 105.7791802, 21.0141218 ], [ 105.7792271, 21.014101 ], [ 105.7791909, 21.0140297 ], [ 105.7791439, 21.0140504 ] ] ] } },
{ "type": "Feature", "properties": { "element": "way", "id": 1042515889, "estimated_height": 12.0 }, "geometry": { "type": "Polygon", "coordinates": [ [ [ 105.7790954, 21.0140722 ], [ 105.7791155, 21.0141435 ], [ 105.7791551, 21.0141338 ], [ 105.779135, 21.0140624 ], [ 105.7790954, 21.0140722 ] ] ] } },
{ "type": "Feature", "properties": { "element": "way", "id": 1042515890, "estimated_height": 12.0 }, "geometry": { "type": "Polygon", "coordinates": [ [ [ 105.7790514, 21.014083 ], [ 105.7790715, 21.0141543 ], [ 105.7791155, 21.0141435 ], [ 105.7790954, 21.0140722 ], [ 105.7790514, 21.014083 ] ] ] } },
{ "type": "Feature", "properties": { "element": "way", "id": 1042515891, "estimated_height": 12.0 }, "geometry": { "type": "Polygon", "coordinates": [ [ [ 105.7789562, 21.0141137 ], [ 105.7789751, 21.0141738 ], [ 105.7790482, 21.0141538 ], [ 105.7790293, 21.0140936 ], [ 105.7789562, 21.0141137 ] ] ] } },
{ "type": "Feature", "properties": { "element": "way", "id": 1042515892, "estimated_height": 12.0 }, "geometry": { "type": "Polygon", "coordinates": [ [ [ 105.7786806, 21.0141174 ], [ 105.7787003, 21.0141611 ], [ 105.7787512, 21.014141 ], [ 105.7787316, 21.0140974 ], [ 105.7786806, 21.0141174 ] ] ] } },
{ "type": "Feature", "properties": { "element": "way", "id": 1042515893, "estimated_height": 12.0 }, "geometry": { "type": "Polygon", "coordinates": [ [ [ 105.7785579, 21.0142063 ], [ 105.778522, 21.0142259 ], [ 105.7785763, 21.0143123 ], [ 105.7786122, 21.0142927 ], [ 105.7785579, 21.0142063 ] ] ] } },
{ "type": "Feature", "properties": { "element": "way", "id": 1042515894, "estimated_height": 12.0 }, "geometry": { "type": "Polygon", "coordinates": [ [ [ 105.7786256, 21.0141343 ], [ 105.7785882, 21.0141527 ], [ 105.778658, 21.014276 ], [ 105.7786953, 21.0142576 ], [ 105.7786256, 21.0141343 ] ] ] } },
{ "type": "Feature", "properties": { "element": "way", "id": 1042515895, "estimated_height": 12.0 }, "geometry": { "type": "Polygon", "coordinates": [ [ [ 105.7786256, 21.0139853 ], [ 105.7785773, 21.0140067 ], [ 105.7786283, 21.0141069 ], [ 105.7786766, 21.0140855 ], [ 105.7786256, 21.0139853 ] ] ] } },
{ "type": "Feature", "properties": { "element": "way", "id": 1042515896, "estimated_height": 12.0 }, "geometry": { "type": "Polygon", "coordinates": [ [ [ 105.7783936, 21.0142182 ], [ 105.7784821, 21.0141819 ], [ 105.7784237, 21.0140578 ], [ 105.7783352, 21.0140941 ], [ 105.7783936, 21.0142182 ] ] ] } },
{ "type": "Feature", "properties": { "element": "way", "id": 1042515897, "estimated_height": 12.0 }, "geometry": { "type": "Polygon", "coordinates": [ [ [ 105.7784325, 21.0143052 ], [ 105.7785324, 21.0142614 ], [ 105.778506, 21.0142089 ], [ 105.7784061, 21.0142527 ], [ 105.7784325, 21.0143052 ] ] ] } },
{ "type": "Feature", "properties": { "element": "way", "id": 1042515898, "estimated_height": 12.0 }, "geometry": { "type": "Polygon", "coordinates": [ [ [ 105.7778317, 21.0137637 ], [ 105.7777977, 21.0137964 ], [ 105.7778433, 21.0138377 ], [ 105.7778773, 21.0138051 ], [ 105.7778317, 21.0137637 ] ] ] } },
{ "type": "Feature", "properties": { "element": "way", "id": 1042515899, "estimated_height": 12.0 }, "geometry": { "type": "Polygon", "coordinates": [ [ [ 105.7776258, 21.013934 ], [ 105.7776715, 21.0139665 ], [ 105.777746, 21.0138751 ], [ 105.7777002, 21.0138426 ], [ 105.7776258, 21.013934 ] ] ] } },
{ "type": "Feature", "properties": { "element": "way", "id": 1042515900, "estimated_height": 12.0 }, "geometry": { "type": "Polygon", "coordinates": [ [ [ 105.7773858, 21.0123015 ], [ 105.7773476, 21.0123312 ], [ 105.7774717, 21.0124701 ], [ 105.7775098, 21.0124405 ], [ 105.7773858, 21.0123015 ] ] ] } },
{ "type": "Feature", "properties": { "element": "way", "id": 1042515901, "estimated_height": 12.0 }, "geometry": { "type": "Polygon", "coordinates": [ [ [ 105.7771853, 21.0114665 ], [ 105.7771588, 21.0114874 ], [ 105.7772386, 21.0115751 ], [ 105.7772651, 21.0115541 ], [ 105.7771853, 21.0114665 ] ] ] } },
{ "type": "Feature", "properties": { "element": "way", "id": 1042515902, "estimated_height": 12.0 }, "geometry": { "type": "Polygon", "coordinates": [ [ [ 105.7772382, 21.0115879 ], [ 105.7773214, 21.0116893 ], [ 105.7773553, 21.0116651 ], [ 105.7772721, 21.0115637 ], [ 105.7772382, 21.0115879 ] ] ] } },
{ "type": "Feature", "properties": { "element": "way", "id": 1042515903, "estimated_height": 12.0 }, "geometry": { "type": "Polygon", "coordinates": [ [ [ 105.7771705, 21.0116361 ], [ 105.7772584, 21.0117394 ], [ 105.7772907, 21.0117154 ], [ 105.7772028, 21.0116122 ], [ 105.7771705, 21.0116361 ] ] ] } },
{ "type": "Feature", "properties": { "element": "way", "id": 1042515904, "estimated_height": 12.0 }, "geometry": { "type": "Polygon", "coordinates": [ [ [ 105.777941, 21.011509 ], [ 105.7780007, 21.0115766 ], [ 105.7780428, 21.0115442 ], [ 105.7779832, 21.0114766 ], [ 105.777941, 21.011509 ] ] ] } },
{ "type": "Feature", "properties": { "element": "way", "id": 1042515905, "estimated_height": 12.0 }, "geometry": { "type": "Polygon", "coordinates": [ [ [ 105.7778907, 21.0113457 ], [ 105.7778361, 21.0113828 ], [ 105.7779226, 21.0114935 ], [ 105.7779772, 21.0114564 ], [ 105.7778907, 21.0113457 ] ] ] } },
{ "type": "Feature", "properties": { "element": "way", "id": 1042515906, "estimated_height": 12.0 }, "geometry": { "type": "Polygon", "coordinates": [ [ [ 105.7776795, 21.011514 ], [ 105.7776406, 21.0115441 ], [ 105.7777318, 21.0116468 ], [ 105.7777707, 21.0116167 ], [ 105.7776795, 21.011514 ] ] ] } },
{ "type": "Feature", "properties": { "element": "way", "id": 1042515907, "estimated_height": 12.0 }, "geometry": { "type": "Polygon", "coordinates": [ [ [ 105.777544, 21.0116123 ], [ 105.7776292, 21.0117206 ], [ 105.7777195, 21.0116587 ], [ 105.7776343, 21.0115504 ], [ 105.777544, 21.0116123 ] ] ] } },
{ "type": "Feature", "properties": { "element": "way", "id": 1042515908, "estimated_height": 12.0 }, "geometry": { "type": "Polygon", "coordinates": [ [ [ 105.7776614, 21.0117181 ], [ 105.7775998, 21.011763 ], [ 105.7776789, 21.0118575 ], [ 105.7777405, 21.0118126 ], [ 105.7776614, 21.0117181 ] ] ] } },
{ "type": "Feature", "properties": { "element": "way", "id": 1042515909, "estimated_height": 12.0 }, "geometry": { "type": "Polygon", "coordinates": [ [ [ 105.7778773, 21.0118126 ], [ 105.7779946, 21.0119103 ], [ 105.7780304, 21.0118728 ], [ 105.777913, 21.0117752 ], [ 105.7778773, 21.0118126 ] ] ] } },
{ "type": "Feature", "properties": { "element": "way", "id": 1042515910, "estimated_height": 12.0 }, "geometry": { "type": "Polygon", "coordinates": [ [ [ 105.777829, 21.0118533 ], [ 105.7777975, 21.0118881 ], [ 105.7778927, 21.0119633 ], [ 105.7779242, 21.0119284 ], [ 105.777829, 21.0118533 ] ] ] } },
{ "type": "Feature", "properties": { "element": "way", "id": 1042515911, "estimated_height": 12.0 }, "geometry": { "type": "Polygon", "coordinates": [ [ [ 105.7779584, 21.011909 ], [ 105.7778943, 21.0119809 ], [ 105.7780586, 21.0121086 ], [ 105.7781227, 21.0120367 ], [ 105.7779584, 21.011909 ] ] ] } },
{ "type": "Feature", "properties": { "element": "way", "id": 1042515912, "estimated_height": 12.0 }, "geometry": { "type": "Polygon", "coordinates": [ [ [ 105.7780818, 21.012391 ], [ 105.7781958, 21.0122251 ], [ 105.7781356, 21.0121891 ], [ 105.7780216, 21.012355 ], [ 105.7780818, 21.012391 ] ] ] } },
{ "type": "Feature", "properties": { "element": "way", "id": 1042515913, "estimated_height": 12.0 }, "geometry": { "type": "Polygon", "coordinates": [ [ [ 105.7778934, 21.0124304 ], [ 105.7779483, 21.012356 ], [ 105.7779062, 21.0123288 ], [ 105.7778512, 21.0124033 ], [ 105.7778934, 21.0124304 ] ] ] } },
{ "type": "Feature", "properties": { "element": "way", "id": 1042515914, "estimated_height": 12.0 }, "geometry": { "type": "Polygon", "coordinates": [ [ [ 105.7775306, 21.0124968 ], [ 105.7775916, 21.0125638 ], [ 105.7776606, 21.012509 ], [ 105.7775996, 21.012442 ], [ 105.7775306, 21.0124968 ] ] ] } },
{ "type": "Feature", "properties": { "element": "way", "id": 1042515915, "estimated_height": 12.0 }, "geometry": { "type": "Polygon", "coordinates": [ [ [ 105.7774783, 21.0125068 ], [ 105.7775655, 21.0125951 ], [ 105.7775884, 21.0125753 ], [ 105.7775013, 21.012487 ], [ 105.7774783, 21.0125068 ] ] ] } },
{ "type": "Feature", "properties": { "element": "way", "id": 1042515916, "estimated_height": 12.0 }, "geometry": { "type": "Polygon", "coordinates": [ [ [ 105.7777297, 21.0130702 ], [ 105.7777968, 21.0131378 ], [ 105.7778322, 21.0131072 ], [ 105.7777651, 21.0130396 ], [ 105.7777297, 21.0130702 ] ] ] } },
{ "type": "Feature", "properties": { "element": "way", "id": 1042515917, "estimated_height": 12.0 }, "geometry": { "type": "Polygon", "coordinates": [ [ [ 105.7776399, 21.0130627 ], [ 105.7777512, 21.0131816 ], [ 105.7777909, 21.0131493 ], [ 105.7776795, 21.0130303 ], [ 105.7776399, 21.0130627 ] ] ] } },
{ "type": "Feature", "properties": { "element": "way", "id": 1042515918, "estimated_height": 12.0 }, "geometry": { "type": "Polygon", "coordinates": [ [ [ 105.7775956, 21.0131015 ], [ 105.7775627, 21.0131298 ], [ 105.7776727, 21.0132412 ], [ 105.7777056, 21.0132129 ], [ 105.7775956, 21.0131015 ] ] ] } },
{ "type": "Feature", "properties": { "element": "way", "id": 1042515919, "estimated_height": 12.0 }, "geometry": { "type": "Polygon", "coordinates": [ [ [ 105.7781616, 21.0135484 ], [ 105.7782105, 21.013596 ], [ 105.7782386, 21.0135708 ], [ 105.7781897, 21.0135232 ], [ 105.7781616, 21.0135484 ] ] ] } },
{ "type": "Feature", "properties": { "element": "way", "id": 1042515920, "estimated_height": 12.0 }, "geometry": { "type": "Polygon", "coordinates": [ [ [ 105.7780516, 21.0135422 ], [ 105.7780997, 21.0135882 ], [ 105.7781533, 21.0135393 ], [ 105.7781053, 21.0134933 ], [ 105.7780516, 21.0135422 ] ] ] } },
{ "type": "Feature", "properties": { "element": "way", "id": 1042515921, "estimated_height": 12.0 }, "geometry": { "type": "Polygon", "coordinates": [ [ [ 105.7778075, 21.0135296 ], [ 105.7778258, 21.0135647 ], [ 105.7779733, 21.0134977 ], [ 105.7779551, 21.0134627 ], [ 105.7778075, 21.0135296 ] ] ] } },
{ "type": "Feature", "properties": { "element": "way", "id": 1042515922, "estimated_height": 12.0 }, "geometry": { "type": "Polygon", "coordinates": [ [ [ 105.7785398, 21.0139653 ], [ 105.7786202, 21.0139209 ], [ 105.7785982, 21.0138861 ], [ 105.7785178, 21.0139306 ], [ 105.7785398, 21.0139653 ] ] ] } },
{ "type": "Feature", "properties": { "element": "way", "id": 1042515923, "estimated_height": 12.0 }, "geometry": { "type": "Polygon", "coordinates": [ [ [ 105.7787275, 21.0139309 ], [ 105.7786675, 21.0139527 ], [ 105.7787198, 21.0140779 ], [ 105.7787798, 21.0140561 ], [ 105.7787275, 21.0139309 ] ] ] } },
{ "type": "Feature", "properties": { "element": "way", "id": 1042515924, "estimated_height": 12.0 }, "geometry": { "type": "Polygon", "coordinates": [ [ [ 105.7790668, 21.0138201 ], [ 105.7790309, 21.0138442 ], [ 105.7790946, 21.0139269 ], [ 105.7791305, 21.0139027 ], [ 105.7790668, 21.0138201 ] ] ] } },
{ "type": "Feature", "properties": { "element": "way", "id": 1042515925, "estimated_height": 12.0 }, "geometry": { "type": "Polygon", "coordinates": [ [ [ 105.7792667, 21.0143928 ], [ 105.7793351, 21.0143471 ], [ 105.7792996, 21.0143009 ], [ 105.7792312, 21.0143465 ], [ 105.7792667, 21.0143928 ] ] ] } },
{ "type": "Feature", "properties": { "element": "way", "id": 1042515926, "estimated_height": 12.0 }, "geometry": { "type": "Polygon", "coordinates": [ [ [ 105.7794692, 21.0144316 ], [ 105.7795462, 21.0144715 ], [ 105.7795837, 21.0144083 ], [ 105.7795067, 21.0143684 ], [ 105.7794692, 21.0144316 ] ] ] } },
{ "type": "Feature", "properties": { "element": "way", "id": 1042515927, "estimated_height": 12.0 }, "geometry": { "type": "Polygon", "coordinates": [ [ [ 105.7794531, 21.014436 ], [ 105.7795013, 21.0143559 ], [ 105.7794362, 21.0143217 ], [ 105.779388, 21.0144018 ], [ 105.7794531, 21.014436 ] ] ] } },
{ "type": "Feature", "properties": { "element": "way", "id": 1042515928, "estimated_height": 12.0 }, "geometry": { "type": "Polygon", "coordinates": [ [ [ 105.779606, 21.0141262 ], [ 105.779734, 21.0141988 ], [ 105.779758, 21.0141619 ], [ 105.7796299, 21.0140893 ], [ 105.779606, 21.0141262 ] ] ] } },
{ "type": "Feature", "properties": { "element": "way", "id": 1042515929, "estimated_height": 12.0 }, "geometry": { "type": "Polygon", "coordinates": [ [ [ 105.779606, 21.0141262 ], [ 105.7795798, 21.0141664 ], [ 105.7797078, 21.014239 ], [ 105.779734, 21.0141988 ], [ 105.779606, 21.0141262 ] ] ] } },
{ "type": "Feature", "properties": { "element": "way", "id": 1042515930, "estimated_height": 12.0 }, "geometry": { "type": "Polygon", "coordinates": [ [ [ 105.7799117, 21.0146902 ], [ 105.7799587, 21.0145706 ], [ 105.7799242, 21.0145588 ], [ 105.7798772, 21.0146784 ], [ 105.7799117, 21.0146902 ] ] ] } },
{ "type": "Feature", "properties": { "element": "way", "id": 1042515931, "estimated_height": 12.0 }, "geometry": { "type": "Polygon", "coordinates": [ [ [ 105.7799935, 21.0147615 ], [ 105.7800277, 21.0146789 ], [ 105.7799827, 21.0146626 ], [ 105.7799485, 21.0147453 ], [ 105.7799935, 21.0147615 ] ] ] } },
{ "type": "Feature", "properties": { "element": "way", "id": 1042515932, "estimated_height": 12.0 }, "geometry": { "type": "Polygon", "coordinates": [ [ [ 105.7800197, 21.0148103 ], [ 105.7800713, 21.0146914 ], [ 105.7800395, 21.0146794 ], [ 105.7799878, 21.0147983 ], [ 105.7800197, 21.0148103 ] ] ] } },
{ "type": "Feature", "properties": { "element": "way", "id": 1042515933, "estimated_height": 12.0 }, "geometry": { "type": "Polygon", "coordinates": [ [ [ 105.7801069, 21.014826 ], [ 105.7801545, 21.0147164 ], [ 105.7801123, 21.0147005 ], [ 105.7800647, 21.01481 ], [ 105.7801069, 21.014826 ] ] ] } },
{ "type": "Feature", "properties": { "element": "way", "id": 1042515934, "estimated_height": 12.0 }, "geometry": { "type": "Polygon", "coordinates": [ [ [ 105.7801364, 21.0148761 ], [ 105.7801806, 21.0147922 ], [ 105.7801446, 21.0147756 ], [ 105.7801003, 21.0148595 ], [ 105.7801364, 21.0148761 ] ] ] } },
{ "type": "Feature", "properties": { "element": "way", "id": 1042515935, "estimated_height": 12.0 }, "geometry": { "type": "Polygon", "coordinates": [ [ [ 105.7803141, 21.0147697 ], [ 105.7804797, 21.0147671 ], [ 105.7804786, 21.0147033 ], [ 105.780313, 21.0147058 ], [ 105.7803141, 21.0147697 ] ] ] } },
{ "type": "Feature", "properties": { "element": "way", "id": 1042515936, "estimated_height": 12.0 }, "geometry": { "type": "Polygon", "coordinates": [ [ [ 105.78031, 21.0147953 ], [ 105.7803077, 21.0148531 ], [ 105.7804686, 21.0148587 ], [ 105.780471, 21.0148009 ], [ 105.78031, 21.0147953 ] ] ] } },
{ "type": "Feature", "properties": { "element": "way", "id": 1042515937, "estimated_height": 12.0 }, "geometry": { "type": "Polygon", "coordinates": [ [ [ 105.7806829, 21.0138795 ], [ 105.7808129, 21.0139371 ], [ 105.7808372, 21.0138895 ], [ 105.7807071, 21.0138319 ], [ 105.7806829, 21.0138795 ] ] ] } },
{ "type": "Feature", "properties": { "element": "way", "id": 1042515938, "estimated_height": 12.0 }, "geometry": { "type": "Polygon", "coordinates": [ [ [ 105.7806654, 21.0139127 ], [ 105.780627, 21.0139931 ], [ 105.7807638, 21.01405 ], [ 105.7808022, 21.0139697 ], [ 105.7806654, 21.0139127 ] ] ] } },
{ "type": "Feature", "properties": { "element": "way", "id": 1042515939, "estimated_height": 12.0 }, "geometry": { "type": "Polygon", "coordinates": [ [ [ 105.7808029, 21.014001 ], [ 105.7807639, 21.0140545 ], [ 105.7809087, 21.0141465 ], [ 105.7809477, 21.014093 ], [ 105.7808029, 21.014001 ] ] ] } },
{ "type": "Feature", "properties": { "element": "way", "id": 1042515940, "estimated_height": 12.0 }, "geometry": { "type": "Polygon", "coordinates": [ [ [ 105.7808733, 21.0138958 ], [ 105.7808158, 21.0139856 ], [ 105.780958, 21.0140907 ], [ 105.7810329, 21.0140147 ], [ 105.7808733, 21.0138958 ] ] ] } },
{ "type": "Feature", "properties": { "element": "way", "id": 1042515941, "estimated_height": 12.0 }, "geometry": { "type": "Polygon", "coordinates": [ [ [ 105.781175, 21.0136486 ], [ 105.7810099, 21.0137732 ], [ 105.7811487, 21.0139335 ], [ 105.7813139, 21.0138088 ], [ 105.781175, 21.0136486 ] ] ] } },
{ "type": "Feature", "properties": { "element": "way", "id": 1042515942, "estimated_height": 12.0 }, "geometry": { "type": "Polygon", "coordinates": [ [ [ 105.7814882, 21.0135027 ], [ 105.7815606, 21.0134357 ], [ 105.78153, 21.0134069 ], [ 105.7814576, 21.0134739 ], [ 105.7814882, 21.0135027 ] ] ] } },
{ "type": "Feature", "properties": { "element": "way", "id": 1042515943, "estimated_height": 12.0 }, "geometry": { "type": "Polygon", "coordinates": [ [ [ 105.7819623, 21.0131415 ], [ 105.7819071, 21.0131744 ], [ 105.7819661, 21.0132608 ], [ 105.7820213, 21.0132279 ], [ 105.7819623, 21.0131415 ] ] ] } },
{ "type": "Feature", "properties": { "element": "way", "id": 1042515944, "estimated_height": 12.0 }, "geometry": { "type": "Polygon", "coordinates": [ [ [ 105.7820233, 21.0130082 ], [ 105.7819866, 21.0130415 ], [ 105.7821033, 21.0131535 ], [ 105.78214, 21.0131203 ], [ 105.7820233, 21.0130082 ] ] ] } },
{ "type": "Feature", "properties": { "element": "way", "id": 1042515945, "estimated_height": 12.0 }, "geometry": { "type": "Polygon", "coordinates": [ [ [ 105.7820863, 21.01296 ], [ 105.7820475, 21.0129926 ], [ 105.7821555, 21.0131046 ], [ 105.7821943, 21.0130721 ], [ 105.7820863, 21.01296 ] ] ] } },
{ "type": "Feature", "properties": { "element": "way", "id": 1042515946, "estimated_height": 12.0 }, "geometry": { "type": "Polygon", "coordinates": [ [ [ 105.7821554, 21.0128849 ], [ 105.7821119, 21.0129237 ], [ 105.7822118, 21.0130214 ], [ 105.7822553, 21.0129825 ], [ 105.7821554, 21.0128849 ] ] ] } },
{ "type": "Feature", "properties": { "element": "way", "id": 1042515947, "estimated_height": 12.0 }, "geometry": { "type": "Polygon", "coordinates": [ [ [ 105.7824075, 21.0123359 ], [ 105.7823724, 21.0124021 ], [ 105.7825226, 21.0124716 ], [ 105.7825577, 21.0124054 ], [ 105.7824075, 21.0123359 ] ] ] } },
{ "type": "Feature", "properties": { "element": "way", "id": 1042515948, "estimated_height": 12.0 }, "geometry": { "type": "Polygon", "coordinates": [ [ [ 105.7822902, 21.0121832 ], [ 105.7822641, 21.0122166 ], [ 105.7823258, 21.0122585 ], [ 105.7823519, 21.0122251 ], [ 105.7822902, 21.0121832 ] ] ] } },
{ "type": "Feature", "properties": { "element": "way", "id": 1042515949, "estimated_height": 12.0 }, "geometry": { "type": "Polygon", "coordinates": [ [ [ 105.7820608, 21.0124524 ], [ 105.7820965, 21.0124767 ], [ 105.7821474, 21.0124116 ], [ 105.7821118, 21.0123873 ], [ 105.7820608, 21.0124524 ] ] ] } },
{ "type": "Feature", "properties": { "element": "way", "id": 1042515950, "estimated_height": 12.0 }, "geometry": { "type": "Polygon", "coordinates": [ [ [ 105.7819819, 21.0124022 ], [ 105.7820614, 21.0123059 ], [ 105.7820303, 21.0122836 ], [ 105.7819508, 21.0123799 ], [ 105.7819819, 21.0124022 ] ] ] } },
{ "type": "Feature", "properties": { "element": "way", "id": 1042515951, "estimated_height": 12.0 }, "geometry": { "type": "Polygon", "coordinates": [ [ [ 105.782022, 21.0124311 ], [ 105.7821212, 21.0123109 ], [ 105.7820811, 21.012282 ], [ 105.7820614, 21.0123059 ], [ 105.7819819, 21.0124022 ], [ 105.782022, 21.0124311 ] ] ] } },
{ "type": "Feature", "properties": { "element": "way", "id": 1042515952, "estimated_height": 12.0 }, "geometry": { "type": "Polygon", "coordinates": [ [ [ 105.7818395, 21.0123797 ], [ 105.7818179, 21.0124099 ], [ 105.7819212, 21.0124743 ], [ 105.7819428, 21.0124442 ], [ 105.7818395, 21.0123797 ] ] ] } },
{ "type": "Feature", "properties": { "element": "way", "id": 1042515953, "estimated_height": 12.0 }, "geometry": { "type": "Polygon", "coordinates": [ [ [ 105.7818664, 21.0123422 ], [ 105.7818395, 21.0123797 ], [ 105.7819428, 21.0124442 ], [ 105.7819697, 21.0124067 ], [ 105.7818664, 21.0123422 ] ] ] } },
{ "type": "Feature", "properties": { "element": "way", "id": 1042515954, "estimated_height": 12.0 }, "geometry": { "type": "Polygon", "coordinates": [ [ [ 105.7816391, 21.012458 ], [ 105.7816111, 21.012488 ], [ 105.781705, 21.0125643 ], [ 105.7817329, 21.0125344 ], [ 105.7816391, 21.012458 ] ] ] } },
{ "type": "Feature", "properties": { "element": "way", "id": 1042515955, "estimated_height": 12.0 }, "geometry": { "type": "Polygon", "coordinates": [ [ [ 105.7814547, 21.012433 ], [ 105.7814991, 21.0124983 ], [ 105.7815688, 21.012457 ], [ 105.7815244, 21.0123916 ], [ 105.7814547, 21.012433 ] ] ] } },
{ "type": "Feature", "properties": { "element": "way", "id": 1042515956, "estimated_height": 12.0 }, "geometry": { "type": "Polygon", "coordinates": [ [ [ 105.7812763, 21.0122339 ], [ 105.7813138, 21.0122624 ], [ 105.7813695, 21.0121986 ], [ 105.781332, 21.01217 ], [ 105.7812763, 21.0122339 ] ] ] } },
{ "type": "Feature", "properties": { "element": "way", "id": 1042515957, "estimated_height": 12.0 }, "geometry": { "type": "Polygon", "coordinates": [ [ [ 105.7812957, 21.0119347 ], [ 105.7812697, 21.0119638 ], [ 105.7813542, 21.0120295 ], [ 105.7813802, 21.0120004 ], [ 105.7812957, 21.0119347 ] ] ] } },
{ "type": "Feature", "properties": { "element": "way", "id": 1042515958, "estimated_height": 12.0 }, "geometry": { "type": "Polygon", "coordinates": [ [ [ 105.7813554, 21.0118239 ], [ 105.7813266, 21.0118468 ], [ 105.7814211, 21.0119507 ], [ 105.78145, 21.0119278 ], [ 105.7813554, 21.0118239 ] ] ] } },
{ "type": "Feature", "properties": { "element": "way", "id": 1042515959, "estimated_height": 12.0 }, "geometry": { "type": "Polygon", "coordinates": [ [ [ 105.7809544, 21.0115366 ], [ 105.7809289, 21.0115754 ], [ 105.7810078, 21.011621 ], [ 105.7810359, 21.0115831 ], [ 105.7809544, 21.0115366 ] ] ] } },
{ "type": "Feature", "properties": { "element": "way", "id": 1042515960, "estimated_height": 12.0 }, "geometry": { "type": "Polygon", "coordinates": [ [ [ 105.7810295, 21.0116906 ], [ 105.7810999, 21.0115954 ], [ 105.7810504, 21.0115635 ], [ 105.7810359, 21.0115831 ], [ 105.7810078, 21.011621 ], [ 105.78098, 21.0116586 ], [ 105.7810295, 21.0116906 ] ] ] } },
{ "type": "Feature", "properties": { "element": "way", "id": 1042515961, "estimated_height": 12.0 }, "geometry": { "type": "Polygon", "coordinates": [ [ [ 105.7806432, 21.0117351 ], [ 105.7806073, 21.0117735 ], [ 105.7806492, 21.0118076 ], [ 105.7805827, 21.0118788 ], [ 105.7806703, 21.0119501 ], [ 105.7807727, 21.0118405 ], [ 105.7806432, 21.0117351 ] ] ] } },
{ "type": "Feature", "properties": { "element": "way", "id": 1042515962, "estimated_height": 12.0 }, "geometry": { "type": "Polygon", "coordinates": [ [ [ 105.7806902, 21.0116931 ], [ 105.7806432, 21.0117351 ], [ 105.7807727, 21.0118405 ], [ 105.7808136, 21.0118089 ], [ 105.7806902, 21.0116931 ] ] ] } },
{ "type": "Feature", "properties": { "element": "way", "id": 1042515963, "estimated_height": 12.0 }, "geometry": { "type": "Polygon", "coordinates": [ [ [ 105.7804716, 21.0123716 ], [ 105.7804295, 21.0124468 ], [ 105.780514, 21.0124881 ], [ 105.7805561, 21.0124129 ], [ 105.7804716, 21.0123716 ] ] ] } },
{ "type": "Feature", "properties": { "element": "way", "id": 1042515964, "estimated_height": 12.0 }, "geometry": { "type": "Polygon", "coordinates": [ [ [ 105.7805239, 21.0125757 ], [ 105.780587, 21.0124674 ], [ 105.780551, 21.0124492 ], [ 105.780488, 21.0125574 ], [ 105.7805239, 21.0125757 ] ] ] } },
{ "type": "Feature", "properties": { "element": "way", "id": 1042515965, "estimated_height": 12.0 }, "geometry": { "type": "Polygon", "coordinates": [ [ [ 105.7806641, 21.0126126 ], [ 105.7807197, 21.0125181 ], [ 105.7806813, 21.0124984 ], [ 105.7806256, 21.0125929 ], [ 105.7806641, 21.0126126 ] ] ] } },
{ "type": "Feature", "properties": { "element": "way", "id": 1042515966, "estimated_height": 12.0 }, "geometry": { "type": "Polygon", "coordinates": [ [ [ 105.7808284, 21.0124855 ], [ 105.7808901, 21.0124017 ], [ 105.7808245, 21.0123596 ], [ 105.7807628, 21.0124435 ], [ 105.7808284, 21.0124855 ] ] ] } },
{ "type": "Feature", "properties": { "element": "way", "id": 1042515968, "estimated_height": 12.0 }, "geometry": { "type": "Polygon", "coordinates": [ [ [ 105.7811643, 21.0125638 ], [ 105.78123, 21.012483 ], [ 105.7811616, 21.0124345 ], [ 105.7810959, 21.0125153 ], [ 105.7811643, 21.0125638 ] ] ] } },
{ "type": "Feature", "properties": { "element": "way", "id": 1042515969, "estimated_height": 12.0 }, "geometry": { "type": "Polygon", "coordinates": [ [ [ 105.7815211, 21.0126207 ], [ 105.7815935, 21.0127021 ], [ 105.7816316, 21.0126725 ], [ 105.7815592, 21.0125911 ], [ 105.7815211, 21.0126207 ] ] ] } },
{ "type": "Feature", "properties": { "element": "way", "id": 1042515970, "estimated_height": 12.0 }, "geometry": { "type": "Polygon", "coordinates": [ [ [ 105.7813762, 21.0127159 ], [ 105.7814506, 21.0128085 ], [ 105.7815002, 21.0127738 ], [ 105.7814258, 21.0126812 ], [ 105.7813762, 21.0127159 ] ] ] } },
{ "type": "Feature", "properties": { "element": "way", "id": 1042515971, "estimated_height": 12.0 }, "geometry": { "type": "Polygon", "coordinates": [ [ [ 105.7813353, 21.0127534 ], [ 105.7814024, 21.0128386 ], [ 105.7814349, 21.0128162 ], [ 105.7813678, 21.0127311 ], [ 105.7813353, 21.0127534 ] ] ] } },
{ "type": "Feature", "properties": { "element": "way", "id": 1042515972, "estimated_height": 12.0 }, "geometry": { "type": "Polygon", "coordinates": [ [ [ 105.7813098, 21.0127772 ], [ 105.7812746, 21.0127977 ], [ 105.7813363, 21.0128903 ], [ 105.7813715, 21.0128699 ], [ 105.7813098, 21.0127772 ] ] ] } },
{ "type": "Feature", "properties": { "element": "way", "id": 1042515973, "estimated_height": 12.0 }, "geometry": { "type": "Polygon", "coordinates": [ [ [ 105.7808699, 21.0131835 ], [ 105.780795, 21.0132466 ], [ 105.7808506, 21.0133042 ], [ 105.7809256, 21.0132411 ], [ 105.7808699, 21.0131835 ] ] ] } },
{ "type": "Feature", "properties": { "element": "way", "id": 1042515974, "estimated_height": 12.0 }, "geometry": { "type": "Polygon", "coordinates": [ [ [ 105.7809135, 21.013119 ], [ 105.7808874, 21.0131446 ], [ 105.7809686, 21.0132166 ], [ 105.7809947, 21.013191 ], [ 105.7809135, 21.013119 ] ] ] } },
{ "type": "Feature", "properties": { "element": "way", "id": 1042515975, "estimated_height": 12.0 }, "geometry": { "type": "Polygon", "coordinates": [ [ [ 105.7810419, 21.0130217 ], [ 105.7809797, 21.013071 ], [ 105.7810555, 21.0131542 ], [ 105.7811177, 21.0131049 ], [ 105.7810419, 21.0130217 ] ] ] } },
{ "type": "Feature", "properties": { "element": "way", "id": 1042515976, "estimated_height": 12.0 }, "geometry": { "type": "Polygon", "coordinates": [ [ [ 105.7810691, 21.0130001 ], [ 105.7810419, 21.0130217 ], [ 105.7811177, 21.0131049 ], [ 105.7811449, 21.0130833 ], [ 105.7810691, 21.0130001 ] ] ] } },
{ "type": "Feature", "properties": { "element": "way", "id": 1042515977, "estimated_height": 12.0 }, "geometry": { "type": "Polygon", "coordinates": [ [ [ 105.7811341, 21.012898 ], [ 105.7810586, 21.0129504 ], [ 105.7811531, 21.0130693 ], [ 105.7812287, 21.013017 ], [ 105.7811341, 21.012898 ] ] ] } },
{ "type": "Feature", "properties": { "element": "way", "id": 1042515978, "estimated_height": 12.0 }, "geometry": { "type": "Polygon", "coordinates": [ [ [ 105.7812019, 21.0128642 ], [ 105.7811703, 21.0128857 ], [ 105.7812602, 21.0130009 ], [ 105.7812917, 21.0129794 ], [ 105.7812019, 21.0128642 ] ] ] } },
{ "type": "Feature", "properties": { "element": "way", "id": 1042515979, "estimated_height": 12.0 }, "geometry": { "type": "Polygon", "coordinates": [ [ [ 105.7812703, 21.0128273 ], [ 105.7812388, 21.0128471 ], [ 105.7813166, 21.0129548 ], [ 105.781348, 21.012935 ], [ 105.7812703, 21.0128273 ] ] ] } },
{ "type": "Feature", "properties": { "element": "way", "id": 1042516405, "estimated_height": 12.0 }, "geometry": { "type": "Polygon", "coordinates": [ [ [ 105.7783131, 21.0134833 ], [ 105.7783735, 21.0134182 ], [ 105.7783443, 21.0133947 ], [ 105.778284, 21.0134598 ], [ 105.7783131, 21.0134833 ] ] ] } },
{ "type": "Feature", "properties": { "element": "way", "id": 1042516406, "estimated_height": 12.0 }, "geometry": { "type": "Polygon", "coordinates": [ [ [ 105.7796442, 21.0134032 ], [ 105.7796844, 21.0133619 ], [ 105.7796367, 21.0133214 ], [ 105.7795965, 21.0133627 ], [ 105.7796442, 21.0134032 ] ] ] } },
{ "type": "Feature", "properties": { "element": "way", "id": 1042516407, "estimated_height": 12.0 }, "geometry": { "type": "Polygon", "coordinates": [ [ [ 105.7798038, 21.0134971 ], [ 105.7797795, 21.013544 ], [ 105.7798586, 21.0135797 ], [ 105.7798829, 21.0135328 ], [ 105.7798038, 21.0134971 ] ] ] } },
{ "type": "Feature", "properties": { "element": "way", "id": 1042516408, "estimated_height": 12.0 }, "geometry": { "type": "Polygon", "coordinates": [ [ [ 105.7798447, 21.0134238 ], [ 105.7798223, 21.0134633 ], [ 105.7799048, 21.013504 ], [ 105.7799271, 21.0134645 ], [ 105.7798447, 21.0134238 ] ] ] } },
{ "type": "Feature", "properties": { "element": "way", "id": 1042516409, "estimated_height": 12.0 }, "geometry": { "type": "Polygon", "coordinates": [ [ [ 105.780123, 21.0134501 ], [ 105.7801899, 21.0134864 ], [ 105.7802261, 21.0134282 ], [ 105.7801592, 21.0133919 ], [ 105.780123, 21.0134501 ] ] ] } },
{ "type": "Feature", "properties": { "element": "way", "id": 1042516410, "estimated_height": 12.0 }, "geometry": { "type": "Polygon", "coordinates": [ [ [ 105.780025, 21.0133763 ], [ 105.7800064, 21.0134028 ], [ 105.7801017, 21.013461 ], [ 105.7801203, 21.0134345 ], [ 105.780025, 21.0133763 ] ] ] } },
{ "type": "Feature", "properties": { "element": "way", "id": 1042516411, "estimated_height": 12.0 }, "geometry": { "type": "Polygon", "coordinates": [ [ [ 105.7800458, 21.0133306 ], [ 105.7801263, 21.0133882 ], [ 105.7801554, 21.0133527 ], [ 105.7800749, 21.0132952 ], [ 105.7800458, 21.0133306 ] ] ] } },
{ "type": "Feature", "properties": { "element": "way", "id": 1042516412, "estimated_height": 12.0 }, "geometry": { "type": "Polygon", "coordinates": [ [ [ 105.7799493, 21.0132398 ], [ 105.7799136, 21.0132849 ], [ 105.7800035, 21.0133469 ], [ 105.7800391, 21.0133018 ], [ 105.7799493, 21.0132398 ] ] ] } },
{ "type": "Feature", "properties": { "element": "way", "id": 1042516415, "estimated_height": 12.0 }, "geometry": { "type": "Polygon", "coordinates": [ [ [ 105.7795067, 21.0131127 ], [ 105.7794946, 21.0130026 ], [ 105.7794554, 21.0130063 ], [ 105.7794675, 21.0131165 ], [ 105.7795067, 21.0131127 ] ] ] } },
{ "type": "Feature", "properties": { "element": "way", "id": 1042516417, "estimated_height": 12.0 }, "geometry": { "type": "Polygon", "coordinates": [ [ [ 105.7800733, 21.0119779 ], [ 105.7800713, 21.0118758 ], [ 105.780035, 21.0118765 ], [ 105.780037, 21.0119785 ], [ 105.7800733, 21.0119779 ] ] ] } },
{ "type": "Feature", "properties": { "element": "way", "id": 1042516418, "estimated_height": 12.0 }, "geometry": { "type": "Polygon", "coordinates": [ [ [ 105.7800432, 21.0117394 ], [ 105.7800045, 21.0117462 ], [ 105.7800273, 21.0118589 ], [ 105.780066, 21.0118521 ], [ 105.7800432, 21.0117394 ] ] ] } },
{ "type": "Feature", "properties": { "element": "way", "id": 1042516419, "estimated_height": 12.0 }, "geometry": { "type": "Polygon", "coordinates": [ [ [ 105.7801323, 21.0117963 ], [ 105.780197, 21.0117948 ], [ 105.780195, 21.0117209 ], [ 105.7801303, 21.0117225 ], [ 105.7801323, 21.0117963 ] ] ] } },
{ "type": "Feature", "properties": { "element": "way", "id": 1042516420, "estimated_height": 12.0 }, "geometry": { "type": "Polygon", "coordinates": [ [ [ 105.780072, 21.0116599 ], [ 105.7800805, 21.01172 ], [ 105.780167, 21.0117094 ], [ 105.7801585, 21.0116492 ], [ 105.780072, 21.0116599 ] ] ] } },
{ "type": "Feature", "properties": { "element": "way", "id": 1042516422, "estimated_height": 12.0 }, "geometry": { "type": "Polygon", "coordinates": [ [ [ 105.7802738, 21.0114139 ], [ 105.7802512, 21.011441 ], [ 105.7803424, 21.0115073 ], [ 105.780365, 21.0114802 ], [ 105.7802738, 21.0114139 ] ] ] } },
{ "type": "Feature", "properties": { "element": "way", "id": 1042516423, "estimated_height": 12.0 }, "geometry": { "type": "Polygon", "coordinates": [ [ [ 105.780296, 21.0113876 ], [ 105.7803724, 21.011437 ], [ 105.7804048, 21.0113934 ], [ 105.7803283, 21.011344 ], [ 105.780296, 21.0113876 ] ] ] } },
{ "type": "Feature", "properties": { "element": "way", "id": 1042516424, "estimated_height": 12.0 }, "geometry": { "type": "Polygon", "coordinates": [ [ [ 105.780823, 21.0114076 ], [ 105.7807671, 21.0114423 ], [ 105.7808214, 21.0115187 ], [ 105.7808773, 21.011484 ], [ 105.780823, 21.0114076 ] ] ] } },
{ "type": "Feature", "properties": { "element": "way", "id": 1042516425, "estimated_height": 12.0 }, "geometry": { "type": "Polygon", "coordinates": [ [ [ 105.7813306, 21.0116724 ], [ 105.7812956, 21.0116929 ], [ 105.7813613, 21.0117906 ], [ 105.7813963, 21.0117701 ], [ 105.7813306, 21.0116724 ] ] ] } },
{ "type": "Feature", "properties": { "element": "way", "id": 1042516426, "estimated_height": 12.0 }, "geometry": { "type": "Polygon", "coordinates": [ [ [ 105.78122, 21.0115491 ], [ 105.7812679, 21.0115988 ], [ 105.7813141, 21.01156 ], [ 105.7812662, 21.0115103 ], [ 105.78122, 21.0115491 ] ] ] } },
{ "type": "Feature", "properties": { "element": "way", "id": 1042516427, "estimated_height": 12.0 }, "geometry": { "type": "Polygon", "coordinates": [ [ [ 105.7814466, 21.0114715 ], [ 105.7814688, 21.0115176 ], [ 105.7815392, 21.0114882 ], [ 105.781517, 21.011442 ], [ 105.7814466, 21.0114715 ] ] ] } },
{ "type": "Feature", "properties": { "element": "way", "id": 1042516428, "estimated_height": 12.0 }, "geometry": { "type": "Polygon", "coordinates": [ [ [ 105.7817256, 21.0118352 ], [ 105.7818034, 21.0117381 ], [ 105.7817548, 21.0117042 ], [ 105.781677, 21.0118012 ], [ 105.7817256, 21.0118352 ] ] ] } },
{ "type": "Feature", "properties": { "element": "way", "id": 1042516429, "estimated_height": 12.0 }, "geometry": { "type": "Polygon", "coordinates": [ [ [ 105.7816941, 21.0120142 ], [ 105.7817466, 21.0120518 ], [ 105.7818124, 21.0119716 ], [ 105.7817598, 21.0119341 ], [ 105.7816941, 21.0120142 ] ] ] } },
{ "type": "Feature", "properties": { "element": "way", "id": 1042516430, "estimated_height": 12.0 }, "geometry": { "type": "Polygon", "coordinates": [ [ [ 105.781627, 21.0119848 ], [ 105.7817068, 21.0118946 ], [ 105.7816515, 21.011852 ], [ 105.7815717, 21.0119421 ], [ 105.781627, 21.0119848 ] ] ] } },
{ "type": "Feature", "properties": { "element": "way", "id": 1042516431, "estimated_height": 12.0 }, "geometry": { "type": "Polygon", "coordinates": [ [ [ 105.782201, 21.0116943 ], [ 105.7821566, 21.0117506 ], [ 105.782284, 21.0118382 ], [ 105.7823284, 21.0117819 ], [ 105.782201, 21.0116943 ] ] ] } },
{ "type": "Feature", "properties": { "element": "way", "id": 1042516432, "estimated_height": 12.0 }, "geometry": { "type": "Polygon", "coordinates": [ [ [ 105.7823794, 21.0114026 ], [ 105.7824793, 21.0113006 ], [ 105.7824092, 21.0112408 ], [ 105.7823093, 21.0113428 ], [ 105.7823794, 21.0114026 ] ] ] } },
{ "type": "Feature", "properties": { "element": "way", "id": 1042516433, "estimated_height": 12.0 }, "geometry": { "type": "Polygon", "coordinates": [ [ [ 105.7820917, 21.0115635 ], [ 105.7821715, 21.0114727 ], [ 105.7821014, 21.011419 ], [ 105.7820216, 21.0115098 ], [ 105.7820917, 21.0115635 ] ] ] } },
{ "type": "Feature", "properties": { "element": "way", "id": 1042516434, "estimated_height": 12.0 }, "geometry": { "type": "Polygon", "coordinates": [ [ [ 105.7820387, 21.0114771 ], [ 105.7821091, 21.0113957 ], [ 105.7820476, 21.0113493 ], [ 105.7819772, 21.0114307 ], [ 105.7820387, 21.0114771 ] ] ] } },
{ "type": "Feature", "properties": { "element": "way", "id": 1042516435, "estimated_height": 12.0 }, "geometry": { "type": "Polygon", "coordinates": [ [ [ 105.7822097, 21.0114464 ], [ 105.7821499, 21.0115234 ], [ 105.7822257, 21.0115747 ], [ 105.7822855, 21.0114978 ], [ 105.7822097, 21.0114464 ] ] ] } },
{ "type": "Feature", "properties": { "element": "way", "id": 1042544565, "estimated_height": 12.0 }, "geometry": { "type": "Polygon", "coordinates": [ [ [ 105.790593, 21.0104361 ], [ 105.7906432, 21.0103754 ], [ 105.7905969, 21.0103419 ], [ 105.7905466, 21.0104027 ], [ 105.790593, 21.0104361 ] ] ] } },
{ "type": "Feature", "properties": { "element": "way", "id": 1042544566, "estimated_height": 12.0 }, "geometry": { "type": "Polygon", "coordinates": [ [ [ 105.7904883, 21.0101688 ], [ 105.7904377, 21.0102384 ], [ 105.790557, 21.0103141 ], [ 105.7906077, 21.0102446 ], [ 105.7904883, 21.0101688 ] ] ] } },
{ "type": "Feature", "properties": { "element": "way", "id": 1042544567, "estimated_height": 12.0 }, "geometry": { "type": "Polygon", "coordinates": [ [ [ 105.7906613, 21.0102277 ], [ 105.7906252, 21.0102715 ], [ 105.7907539, 21.0103641 ], [ 105.7907901, 21.0103203 ], [ 105.7906613, 21.0102277 ] ] ] } },
{ "type": "Feature", "properties": { "element": "way", "id": 1042544578, "estimated_height": 12.0 }, "geometry": { "type": "Polygon", "coordinates": [ [ [ 105.7906044, 21.0100593 ], [ 105.7905734, 21.0101004 ], [ 105.7907336, 21.0102056 ], [ 105.7907646, 21.0101644 ], [ 105.7906044, 21.0100593 ] ] ] } },
{ "type": "Feature", "properties": { "element": "way", "id": 1042566258, "estimated_height": 12.0 }, "geometry": { "type": "Polygon", "coordinates": [ [ [ 105.7781314, 21.0123403 ], [ 105.7780986, 21.0123921 ], [ 105.7781824, 21.0124384 ], [ 105.7782152, 21.0123866 ], [ 105.7781314, 21.0123403 ] ] ] } },
{ "type": "Feature", "properties": { "element": "way", "id": 1042566259, "estimated_height": 12.0 }, "geometry": { "type": "Polygon", "coordinates": [ [ [ 105.7783373, 21.0125406 ], [ 105.7783681, 21.0124918 ], [ 105.7783398, 21.0124762 ], [ 105.778309, 21.012525 ], [ 105.7783373, 21.0125406 ] ] ] } },
{ "type": "Feature", "properties": { "element": "way", "id": 1042566260, "estimated_height": 12.0 }, "geometry": { "type": "Polygon", "coordinates": [ [ [ 105.7783131, 21.012433 ], [ 105.778381, 21.0124681 ], [ 105.7784119, 21.0124161 ], [ 105.778344, 21.012381 ], [ 105.7783131, 21.012433 ] ] ] } },
{ "type": "Feature", "properties": { "element": "way", "id": 1042566261, "estimated_height": 12.0 }, "geometry": { "type": "Polygon", "coordinates": [ [ [ 105.7781019, 21.0125081 ], [ 105.7781602, 21.0125281 ], [ 105.7781718, 21.0124988 ], [ 105.7781135, 21.0124788 ], [ 105.7781019, 21.0125081 ] ] ] } },
{ "type": "Feature", "properties": { "element": "way", "id": 1042566262, "estimated_height": 12.0 }, "geometry": { "type": "Polygon", "coordinates": [ [ [ 105.7780214, 21.0125775 ], [ 105.7781126, 21.0126088 ], [ 105.778135, 21.0125522 ], [ 105.7780438, 21.0125209 ], [ 105.7780214, 21.0125775 ] ] ] } },
{ "type": "Feature", "properties": { "element": "way", "id": 1042566263, "estimated_height": 12.0 }, "geometry": { "type": "Polygon", "coordinates": [ [ [ 105.777888, 21.0128774 ], [ 105.7779081, 21.0129159 ], [ 105.7780811, 21.012837 ], [ 105.778061, 21.0127985 ], [ 105.777888, 21.0128774 ] ] ] } },
{ "type": "Feature", "properties": { "element": "way", "id": 1042566264, "estimated_height": 12.0 }, "geometry": { "type": "Polygon", "coordinates": [ [ [ 105.7779919, 21.0127059 ], [ 105.7779618, 21.0127536 ], [ 105.7780369, 21.012795 ], [ 105.778067, 21.0127472 ], [ 105.7779919, 21.0127059 ] ] ] } },
{ "type": "Feature", "properties": { "element": "way", "id": 1042566265, "estimated_height": 12.0 }, "geometry": { "type": "Polygon", "coordinates": [ [ [ 105.7775373, 21.0132692 ], [ 105.7775037, 21.013294 ], [ 105.7775466, 21.0133447 ], [ 105.7775802, 21.0133199 ], [ 105.7775373, 21.0132692 ] ] ] } },
{ "type": "Feature", "properties": { "element": "way", "id": 1042566266, "estimated_height": 12.0 }, "geometry": { "type": "Polygon", "coordinates": [ [ [ 105.7773475, 21.0131854 ], [ 105.7772544, 21.0132196 ], [ 105.7773141, 21.0133611 ], [ 105.7774072, 21.0133268 ], [ 105.7773475, 21.0131854 ] ] ] } },
{ "type": "Feature", "properties": { "element": "way", "id": 1042566267, "estimated_height": 12.0 }, "geometry": { "type": "Polygon", "coordinates": [ [ [ 105.7774917, 21.0131691 ], [ 105.7775427, 21.0131278 ], [ 105.777501, 21.013083 ], [ 105.77745, 21.0131243 ], [ 105.7774917, 21.0131691 ] ] ] } },
{ "type": "Feature", "properties": { "element": "way", "id": 1042566268, "estimated_height": 12.0 }, "geometry": { "type": "Polygon", "coordinates": [ [ [ 105.7775333, 21.0131735 ], [ 105.7775035, 21.0131967 ], [ 105.7775987, 21.0133031 ], [ 105.7776285, 21.0132799 ], [ 105.7775333, 21.0131735 ] ] ] } },
{ "type": "Feature", "properties": { "element": "way", "id": 1042566269, "estimated_height": 12.0 }, "geometry": { "type": "Polygon", "coordinates": [ [ [ 105.7775266, 21.0133988 ], [ 105.7776694, 21.0135503 ], [ 105.7777114, 21.0135158 ], [ 105.7775686, 21.0133643 ], [ 105.7775266, 21.0133988 ] ] ] } },
{ "type": "Feature", "properties": { "element": "way", "id": 1042566270, "estimated_height": 12.0 }, "geometry": { "type": "Polygon", "coordinates": [ [ [ 105.7774696, 21.0135722 ], [ 105.7775266, 21.0136373 ], [ 105.777576, 21.0135996 ], [ 105.777519, 21.0135345 ], [ 105.7774696, 21.0135722 ] ] ] } },
{ "type": "Feature", "properties": { "element": "way", "id": 1042566271, "estimated_height": 12.0 }, "geometry": { "type": "Polygon", "coordinates": [ [ [ 105.7775051, 21.0137982 ], [ 105.7775646, 21.0138337 ], [ 105.7776183, 21.0137555 ], [ 105.7775588, 21.0137199 ], [ 105.7775051, 21.0137982 ] ] ] } },
{ "type": "Feature", "properties": { "element": "way", "id": 1042566272, "estimated_height": 12.0 }, "geometry": { "type": "Polygon", "coordinates": [ [ [ 105.7777707, 21.0139127 ], [ 105.7778753, 21.0140147 ], [ 105.7779215, 21.0139735 ], [ 105.7778169, 21.0138714 ], [ 105.7777707, 21.0139127 ] ] ] } },
{ "type": "Feature", "properties": { "element": "way", "id": 1042566273, "estimated_height": 12.0 }, "geometry": { "type": "Polygon", "coordinates": [ [ [ 105.7793076, 21.0135828 ], [ 105.7793552, 21.0135422 ], [ 105.7793171, 21.0135033 ], [ 105.7792695, 21.013544 ], [ 105.7793076, 21.0135828 ] ] ] } },
{ "type": "Feature", "properties": { "element": "way", "id": 1042566274, "estimated_height": 12.0 }, "geometry": { "type": "Polygon", "coordinates": [ [ [ 105.7794041, 21.0132849 ], [ 105.7794197, 21.013324 ], [ 105.7795082, 21.0132933 ], [ 105.7794926, 21.0132542 ], [ 105.7794041, 21.0132849 ] ] ] } },
{ "type": "Feature", "properties": { "element": "way", "id": 1042566276, "estimated_height": 12.0 }, "geometry": { "type": "Polygon", "coordinates": [ [ [ 105.7793974, 21.0128405 ], [ 105.7794558, 21.012888 ], [ 105.779479, 21.0128631 ], [ 105.7794207, 21.0128156 ], [ 105.7793974, 21.0128405 ] ] ] } },
{ "type": "Feature", "properties": { "element": "way", "id": 1042566277, "estimated_height": 12.0 }, "geometry": { "type": "Polygon", "coordinates": [ [ [ 105.7792774, 21.0128348 ], [ 105.7793086, 21.0128534 ], [ 105.7793683, 21.0127657 ], [ 105.7793371, 21.0127472 ], [ 105.7792774, 21.0128348 ] ] ] } },
{ "type": "Feature", "properties": { "element": "way", "id": 1042566278, "estimated_height": 12.0 }, "geometry": { "type": "Polygon", "coordinates": [ [ [ 105.7791017, 21.0127647 ], [ 105.7791339, 21.0127825 ], [ 105.7791983, 21.0126811 ], [ 105.7791661, 21.0126633 ], [ 105.7791017, 21.0127647 ] ] ] } },
{ "type": "Feature", "properties": { "element": "way", "id": 1042566279, "estimated_height": 12.0 }, "geometry": { "type": "Polygon", "coordinates": [ [ [ 105.7789072, 21.0126858 ], [ 105.7789535, 21.0126013 ], [ 105.7789143, 21.0125826 ], [ 105.778868, 21.0126671 ], [ 105.7789072, 21.0126858 ] ] ] } },
{ "type": "Feature", "properties": { "element": "way", "id": 1042566280, "estimated_height": 12.0 }, "geometry": { "type": "Polygon", "coordinates": [ [ [ 105.7787362, 21.0123428 ], [ 105.7786982, 21.0123949 ], [ 105.7787867, 21.0124512 ], [ 105.7788248, 21.0123991 ], [ 105.7787362, 21.0123428 ] ] ] } },
{ "type": "Feature", "properties": { "element": "way", "id": 1042566281, "estimated_height": 12.0 }, "geometry": { "type": "Polygon", "coordinates": [ [ [ 105.7785377, 21.0123443 ], [ 105.7786342, 21.0124038 ], [ 105.7786631, 21.0123622 ], [ 105.7785693, 21.0123059 ], [ 105.7785377, 21.0123443 ] ] ] } },
{ "type": "Feature", "properties": { "element": "way", "id": 1042566282, "estimated_height": 12.0 }, "geometry": { "type": "Polygon", "coordinates": [ [ [ 105.7785096, 21.0123785 ], [ 105.7785377, 21.0123443 ], [ 105.7785693, 21.0123059 ], [ 105.778469, 21.0122341 ], [ 105.7784093, 21.0123067 ], [ 105.7785096, 21.0123785 ] ] ] } },
{ "type": "Feature", "properties": { "element": "way", "id": 1042566283, "estimated_height": 12.0 }, "geometry": { "type": "Polygon", "coordinates": [ [ [ 105.7784808, 21.0126452 ], [ 105.7785822, 21.0127164 ], [ 105.7786452, 21.0126381 ], [ 105.7785438, 21.0125669 ], [ 105.7784808, 21.0126452 ] ] ] } },
{ "type": "Feature", "properties": { "element": "way", "id": 1042566284, "estimated_height": 12.0 }, "geometry": { "type": "Polygon", "coordinates": [ [ [ 105.7786316, 21.0124517 ], [ 105.7786038, 21.0124859 ], [ 105.7787077, 21.0125598 ], [ 105.7787356, 21.0125256 ], [ 105.7786316, 21.0124517 ] ] ] } },
{ "type": "Feature", "properties": { "element": "way", "id": 1042566285, "estimated_height": 12.0 }, "geometry": { "type": "Polygon", "coordinates": [ [ [ 105.7785626, 21.0125437 ], [ 105.7786658, 21.0126176 ], [ 105.7787058, 21.012569 ], [ 105.7786025, 21.0124951 ], [ 105.7785626, 21.0125437 ] ] ] } },
{ "type": "Feature", "properties": { "element": "way", "id": 1042566286, "estimated_height": 12.0 }, "geometry": { "type": "Polygon", "coordinates": [ [ [ 105.7789093, 21.0131184 ], [ 105.7789662, 21.0131559 ], [ 105.7790046, 21.0131052 ], [ 105.7789476, 21.0130676 ], [ 105.7789093, 21.0131184 ] ] ] } },
{ "type": "Feature", "properties": { "element": "way", "id": 1042566287, "estimated_height": 12.0 }, "geometry": { "type": "Polygon", "coordinates": [ [ [ 105.7817115, 21.0161054 ], [ 105.7819596, 21.0162863 ], [ 105.7820441, 21.0161854 ], [ 105.781796, 21.0160045 ], [ 105.7817115, 21.0161054 ] ] ] } },
{ "type": "Feature", "properties": { "element": "way", "id": 1042566288, "estimated_height": 12.0 }, "geometry": { "type": "Polygon", "coordinates": [ [ [ 105.7815593, 21.0156504 ], [ 105.7816552, 21.0157205 ], [ 105.7817308, 21.0156303 ], [ 105.7816349, 21.0155602 ], [ 105.7815593, 21.0156504 ] ] ] } },
{ "type": "Feature", "properties": { "element": "way", "id": 1042566289, "estimated_height": 12.0 }, "geometry": { "type": "Polygon", "coordinates": [ [ [ 105.78182, 21.0154692 ], [ 105.7818152, 21.0154651 ], [ 105.7817987, 21.0154515 ], [ 105.7817982, 21.015452 ], [ 105.7817695, 21.0154284 ], [ 105.781743, 21.0154566 ], [ 105.7817713, 21.0154799 ], [ 105.781753, 21.0154993 ], [ 105.7818051, 21.015542 ], [ 105.7818502, 21.0154942 ], [ 105.78182, 21.0154692 ] ] ] } },
{ "type": "Feature", "properties": { "element": "way", "id": 1042566290, "estimated_height": 12.0 }, "geometry": { "type": "Polygon", "coordinates": [ [ [ 105.7818282, 21.0155502 ], [ 105.7819129, 21.0156064 ], [ 105.7819491, 21.0155588 ], [ 105.7818644, 21.0155026 ], [ 105.7818282, 21.0155502 ] ] ] } },
{ "type": "Feature", "properties": { "element": "way", "id": 1042566291, "estimated_height": 12.0 }, "geometry": { "type": "Polygon", "coordinates": [ [ [ 105.7817705, 21.0156091 ], [ 105.7818509, 21.015671 ], [ 105.7818951, 21.0156209 ], [ 105.7818148, 21.015559 ], [ 105.7817705, 21.0156091 ] ] ] } },
{ "type": "Feature", "properties": { "element": "way", "id": 1042566292, "estimated_height": 12.0 }, "geometry": { "type": "Polygon", "coordinates": [ [ [ 105.781688, 21.0157173 ], [ 105.7817711, 21.0157755 ], [ 105.7818294, 21.0157029 ], [ 105.7817464, 21.0156447 ], [ 105.781688, 21.0157173 ] ] ] } },
{ "type": "Feature", "properties": { "element": "way", "id": 1042566293, "estimated_height": 12.0 }, "geometry": { "type": "Polygon", "coordinates": [ [ [ 105.7814687, 21.0148942 ], [ 105.7815586, 21.0149618 ], [ 105.7816224, 21.0148879 ], [ 105.7815326, 21.0148203 ], [ 105.7814687, 21.0148942 ] ] ] } },
{ "type": "Feature", "properties": { "element": "way", "id": 1042566294, "estimated_height": 12.0 }, "geometry": { "type": "Polygon", "coordinates": [ [ [ 105.781572, 21.0149793 ], [ 105.7816538, 21.0150401 ], [ 105.7817221, 21.0149599 ], [ 105.7816403, 21.0148992 ], [ 105.781572, 21.0149793 ] ] ] } },
{ "type": "Feature", "properties": { "element": "way", "id": 1042566295, "estimated_height": 12.0 }, "geometry": { "type": "Polygon", "coordinates": [ [ [ 105.78146, 21.0151233 ], [ 105.7815385, 21.015179 ], [ 105.7816328, 21.0150632 ], [ 105.7815544, 21.0150075 ], [ 105.78146, 21.0151233 ] ] ] } },
{ "type": "Feature", "properties": { "element": "way", "id": 1042566296, "estimated_height": 12.0 }, "geometry": { "type": "Polygon", "coordinates": [ [ [ 105.7825336, 21.013755 ], [ 105.7825812, 21.0136924 ], [ 105.7824856, 21.013629 ], [ 105.782438, 21.0136916 ], [ 105.7825336, 21.013755 ] ] ] } },
{ "type": "Feature", "properties": { "element": "way", "id": 1042566297, "estimated_height": 12.0 }, "geometry": { "type": "Polygon", "coordinates": [ [ [ 105.7825557, 21.0137625 ], [ 105.782629, 21.0138143 ], [ 105.7826833, 21.0137473 ], [ 105.78261, 21.0136955 ], [ 105.7825557, 21.0137625 ] ] ] } },
{ "type": "Feature", "properties": { "element": "way", "id": 1042566298, "estimated_height": 12.0 }, "geometry": { "type": "Polygon", "coordinates": [ [ [ 105.7824826, 21.0138539 ], [ 105.7825667, 21.0139083 ], [ 105.7826136, 21.0138451 ], [ 105.7825296, 21.0137907 ], [ 105.7824826, 21.0138539 ] ] ] } },
{ "type": "Feature", "properties": { "element": "way", "id": 1042566299, "estimated_height": 12.0 }, "geometry": { "type": "Polygon", "coordinates": [ [ [ 105.7824565, 21.0138357 ], [ 105.7825108, 21.01377 ], [ 105.7824375, 21.0137172 ], [ 105.7823832, 21.013783 ], [ 105.7824565, 21.0138357 ] ] ] } },
{ "type": "Feature", "properties": { "element": "way", "id": 1042566300, "estimated_height": 12.0 }, "geometry": { "type": "Polygon", "coordinates": [ [ [ 105.7823867, 21.0139334 ], [ 105.7824431, 21.0138583 ], [ 105.7823602, 21.0138041 ], [ 105.7823039, 21.0138792 ], [ 105.7823867, 21.0139334 ] ] ] } },
{ "type": "Feature", "properties": { "element": "way", "id": 1042566301, "estimated_height": 12.0 }, "geometry": { "type": "Polygon", "coordinates": [ [ [ 105.7823183, 21.0140285 ], [ 105.7823733, 21.0139565 ], [ 105.78229, 21.0139011 ], [ 105.782235, 21.013973 ], [ 105.7823183, 21.0140285 ] ] ] } },
{ "type": "Feature", "properties": { "element": "way", "id": 1042566302, "estimated_height": 12.0 }, "geometry": { "type": "Polygon", "coordinates": [ [ [ 105.7823981, 21.013959 ], [ 105.782502, 21.0140197 ], [ 105.7825603, 21.0139327 ], [ 105.7824565, 21.013872 ], [ 105.7823981, 21.013959 ] ] ] } },
{ "type": "Feature", "properties": { "element": "way", "id": 1042566303, "estimated_height": 12.0 }, "geometry": { "type": "Polygon", "coordinates": [ [ [ 105.7823284, 21.0140479 ], [ 105.7824159, 21.0141012 ], [ 105.7824675, 21.0140273 ], [ 105.78238, 21.0139741 ], [ 105.7823284, 21.0140479 ] ] ] } },
{ "type": "Feature", "properties": { "element": "way", "id": 1042566304, "estimated_height": 12.0 }, "geometry": { "type": "Polygon", "coordinates": [ [ [ 105.7829934, 21.0141038 ], [ 105.7830833, 21.0141631 ], [ 105.783162, 21.0140603 ], [ 105.7830992, 21.0140185 ], [ 105.7830918, 21.0140136 ], [ 105.7830805, 21.0140283 ], [ 105.783071, 21.0140408 ], [ 105.7830492, 21.0140282 ], [ 105.7829934, 21.0141038 ] ] ] } },
{ "type": "Feature", "properties": { "element": "way", "id": 1042566305, "estimated_height": 12.0 }, "geometry": { "type": "Polygon", "coordinates": [ [ [ 105.7828964, 21.0140229 ], [ 105.7829882, 21.014083 ], [ 105.7830455, 21.0140067 ], [ 105.7829536, 21.0139466 ], [ 105.7828964, 21.0140229 ] ] ] } },
{ "type": "Feature", "properties": { "element": "way", "id": 1042566306, "estimated_height": 12.0 }, "geometry": { "type": "Polygon", "coordinates": [ [ [ 105.7827153, 21.0135727 ], [ 105.7827889, 21.0136135 ], [ 105.7828326, 21.013527 ], [ 105.7827677, 21.01348 ], [ 105.7827153, 21.0135727 ] ] ] } },
{ "type": "Feature", "properties": { "element": "way", "id": 1042566307, "estimated_height": 12.0 }, "geometry": { "type": "Polygon", "coordinates": [ [ [ 105.782775, 21.013462 ], [ 105.7828667, 21.0135205 ], [ 105.7829244, 21.0134416 ], [ 105.7828327, 21.0133832 ], [ 105.782775, 21.013462 ] ] ] } },
{ "type": "Feature", "properties": { "element": "way", "id": 1042566308, "estimated_height": 12.0 }, "geometry": { "type": "Polygon", "coordinates": [ [ [ 105.7826878, 21.0133857 ], [ 105.7827636, 21.0134461 ], [ 105.7828186, 21.013386 ], [ 105.7827428, 21.0133256 ], [ 105.7826878, 21.0133857 ] ] ] } },
{ "type": "Feature", "properties": { "element": "way", "id": 1042566309, "estimated_height": 12.0 }, "geometry": { "type": "Polygon", "coordinates": [ [ [ 105.7825792, 21.0121663 ], [ 105.7825549, 21.0122047 ], [ 105.7826367, 21.0122498 ], [ 105.782661, 21.0122114 ], [ 105.7825792, 21.0121663 ] ] ] } },
{ "type": "Feature", "properties": { "element": "way", "id": 1042566310, "estimated_height": 12.0 }, "geometry": { "type": "Polygon", "coordinates": [ [ [ 105.7826047, 21.0121531 ], [ 105.7826712, 21.0121882 ], [ 105.7827094, 21.012125 ], [ 105.7826429, 21.0120899 ], [ 105.7826047, 21.0121531 ] ] ] } },
{ "type": "Feature", "properties": { "element": "way", "id": 1042566311, "estimated_height": 12.0 }, "geometry": { "type": "Polygon", "coordinates": [ [ [ 105.7822124, 21.0120705 ], [ 105.7821609, 21.0121156 ], [ 105.7822226, 21.012177 ], [ 105.7822741, 21.0121319 ], [ 105.7822124, 21.0120705 ] ] ] } },
{ "type": "Feature", "properties": { "element": "way", "id": 1042566312, "estimated_height": 12.0 }, "geometry": { "type": "Polygon", "coordinates": [ [ [ 105.7822587, 21.0116248 ], [ 105.7822328, 21.0116529 ], [ 105.7823387, 21.011738 ], [ 105.7823646, 21.01171 ], [ 105.7822587, 21.0116248 ] ] ] } },
{ "type": "Feature", "properties": { "element": "way", "id": 1042566313, "estimated_height": 12.0 }, "geometry": { "type": "Polygon", "coordinates": [ [ [ 105.7829238, 21.0114665 ], [ 105.7830365, 21.0115309 ], [ 105.7830602, 21.0114949 ], [ 105.7829475, 21.0114304 ], [ 105.7829238, 21.0114665 ] ] ] } },
{ "type": "Feature", "properties": { "element": "way", "id": 1042566314, "estimated_height": 12.0 }, "geometry": { "type": "Polygon", "coordinates": [ [ [ 105.7828072, 21.0115604 ], [ 105.7829681, 21.0116555 ], [ 105.7829926, 21.0116194 ], [ 105.7828316, 21.0115243 ], [ 105.7828072, 21.0115604 ] ] ] } },
{ "type": "Feature", "properties": { "element": "way", "id": 1042566315, "estimated_height": 12.0 }, "geometry": { "type": "Polygon", "coordinates": [ [ [ 105.7816518, 21.0161267 ], [ 105.7815899, 21.016202 ], [ 105.7818722, 21.0164042 ], [ 105.7819341, 21.0163289 ], [ 105.7816518, 21.0161267 ] ] ] } },
{ "type": "Feature", "properties": { "element": "way", "id": 1042566316, "estimated_height": 12.0 }, "geometry": { "type": "Polygon", "coordinates": [ [ [ 105.7797146, 21.0155452 ], [ 105.7798979, 21.0156844 ], [ 105.780079, 21.0154766 ], [ 105.7798956, 21.0153374 ], [ 105.7797146, 21.0155452 ] ] ] } },
{ "type": "Feature", "properties": { "element": "way", "id": 1042566317, "estimated_height": 12.0 }, "geometry": { "type": "Polygon", "coordinates": [ [ [ 105.7801343, 21.0144579 ], [ 105.7801672, 21.0143822 ], [ 105.7801203, 21.0143644 ], [ 105.7800874, 21.0144402 ], [ 105.7801343, 21.0144579 ] ] ] } },
{ "type": "Feature", "properties": { "element": "way", "id": 1042566318, "estimated_height": 12.0 }, "geometry": { "type": "Polygon", "coordinates": [ [ [ 105.78031, 21.0144898 ], [ 105.7803409, 21.0143797 ], [ 105.7802841, 21.0143658 ], [ 105.7802532, 21.014476 ], [ 105.78031, 21.0144898 ] ] ] } },
{ "type": "Feature", "properties": { "element": "way", "id": 1042566319, "estimated_height": 12.0 }, "geometry": { "type": "Polygon", "coordinates": [ [ [ 105.7803327, 21.0144489 ], [ 105.7803095, 21.0145074 ], [ 105.7804403, 21.0145252 ], [ 105.7804342, 21.0144707 ], [ 105.7803327, 21.0144489 ] ] ] } },
{ "type": "Feature", "properties": { "element": "way", "id": 1042566320, "estimated_height": 12.0 }, "geometry": { "type": "Polygon", "coordinates": [ [ [ 105.7811704, 21.013134 ], [ 105.7811256, 21.0131552 ], [ 105.7812013, 21.0133448 ], [ 105.7812468, 21.0133293 ], [ 105.7811704, 21.013134 ] ] ] } },
{ "type": "Feature", "properties": { "element": "way", "id": 1042566321, "estimated_height": 12.0 }, "geometry": { "type": "Polygon", "coordinates": [ [ [ 105.7812341, 21.0135465 ], [ 105.7812908, 21.0135211 ], [ 105.7812492, 21.0134403 ], [ 105.7811925, 21.0134658 ], [ 105.7812341, 21.0135465 ] ] ] } },
{ "type": "Feature", "properties": { "element": "way", "id": 1042566322, "estimated_height": 12.0 }, "geometry": { "type": "Polygon", "coordinates": [ [ [ 105.7797374, 21.0115241 ], [ 105.7797166, 21.0115435 ], [ 105.7797837, 21.0116061 ], [ 105.7798044, 21.0115866 ], [ 105.7797374, 21.0115241 ] ] ] } },
{ "type": "Feature", "properties": { "element": "way", "id": 1042566323, "estimated_height": 12.0 }, "geometry": { "type": "Polygon", "coordinates": [ [ [ 105.7797937, 21.0114615 ], [ 105.7797694, 21.0114955 ], [ 105.779878, 21.0115632 ], [ 105.7799023, 21.0115291 ], [ 105.7797937, 21.0114615 ] ] ] } },
{ "type": "Feature", "properties": { "element": "way", "id": 1042566324, "estimated_height": 12.0 }, "geometry": { "type": "Polygon", "coordinates": [ [ [ 105.7799198, 21.0116273 ], [ 105.7799989, 21.0115228 ], [ 105.7799553, 21.011494 ], [ 105.7798761, 21.0115986 ], [ 105.7799198, 21.0116273 ] ] ] } },
{ "type": "Feature", "properties": { "element": "way", "id": 1042566325, "estimated_height": 12.0 }, "geometry": { "type": "Polygon", "coordinates": [ [ [ 105.7790494, 21.0114427 ], [ 105.7791039, 21.0114984 ], [ 105.7791501, 21.0114589 ], [ 105.7790957, 21.0114032 ], [ 105.7790494, 21.0114427 ] ] ] } },
{ "type": "Feature", "properties": { "element": "way", "id": 1042566326, "estimated_height": 12.0 }, "geometry": { "type": "Polygon", "coordinates": [ [ [ 105.7788596, 21.0115604 ], [ 105.7789072, 21.0116073 ], [ 105.77894, 21.0115783 ], [ 105.7788924, 21.0115314 ], [ 105.7788596, 21.0115604 ] ] ] } },
{ "type": "Feature", "properties": { "element": "way", "id": 1042566327, "estimated_height": 12.0 }, "geometry": { "type": "Polygon", "coordinates": [ [ [ 105.7790253, 21.0118089 ], [ 105.7791232, 21.0118727 ], [ 105.7791621, 21.0118206 ], [ 105.7790642, 21.0117568 ], [ 105.7790253, 21.0118089 ] ] ] } },
{ "type": "Feature", "properties": { "element": "way", "id": 1042566328, "estimated_height": 12.0 }, "geometry": { "type": "Polygon", "coordinates": [ [ [ 105.7789394, 21.0118783 ], [ 105.7790735, 21.0119729 ], [ 105.7791048, 21.0119342 ], [ 105.7789707, 21.0118397 ], [ 105.7789394, 21.0118783 ] ] ] } },
{ "type": "Feature", "properties": { "element": "way", "id": 1042566329, "estimated_height": 12.0 }, "geometry": { "type": "Polygon", "coordinates": [ [ [ 105.778694, 21.0118959 ], [ 105.7787852, 21.011807 ], [ 105.778748, 21.0117737 ], [ 105.7786568, 21.0118626 ], [ 105.778694, 21.0118959 ] ] ] } },
{ "type": "Feature", "properties": { "element": "way", "id": 1042566330, "estimated_height": 12.0 }, "geometry": { "type": "Polygon", "coordinates": [ [ [ 105.7787886, 21.0118195 ], [ 105.7788683, 21.0118783 ], [ 105.7788971, 21.0118444 ], [ 105.7788173, 21.0117855 ], [ 105.7787886, 21.0118195 ] ] ] } },
{ "type": "Feature", "properties": { "element": "way", "id": 1042566331, "estimated_height": 12.0 }, "geometry": { "type": "Polygon", "coordinates": [ [ [ 105.7787805, 21.011981 ], [ 105.7788784, 21.0120486 ], [ 105.7789074, 21.012012 ], [ 105.7788095, 21.0119444 ], [ 105.7787805, 21.011981 ] ] ] } },
{ "type": "Feature", "properties": { "element": "way", "id": 1042566332, "estimated_height": 12.0 }, "geometry": { "type": "Polygon", "coordinates": [ [ [ 105.7787631, 21.0120123 ], [ 105.778742, 21.0120398 ], [ 105.7788171, 21.0120899 ], [ 105.7788382, 21.0120624 ], [ 105.7787631, 21.0120123 ] ] ] } },
{ "type": "Feature", "properties": { "element": "way", "id": 1042566333, "estimated_height": 12.0 }, "geometry": { "type": "Polygon", "coordinates": [ [ [ 105.778635, 21.0119992 ], [ 105.7787007, 21.0120536 ], [ 105.7787405, 21.0120118 ], [ 105.7786747, 21.0119574 ], [ 105.778635, 21.0119992 ] ] ] } },
{ "type": "Feature", "properties": { "element": "way", "id": 1042566334, "estimated_height": 12.0 }, "geometry": { "type": "Polygon", "coordinates": [ [ [ 105.7785331, 21.0120054 ], [ 105.7785887, 21.0120467 ], [ 105.778624, 21.0120053 ], [ 105.7785684, 21.011964 ], [ 105.7785331, 21.0120054 ] ] ] } },
{ "type": "Feature", "properties": { "element": "way", "id": 1042566335, "estimated_height": 12.0 }, "geometry": { "type": "Polygon", "coordinates": [ [ [ 105.7779497, 21.0117913 ], [ 105.778053, 21.0118796 ], [ 105.7781172, 21.0118141 ], [ 105.778014, 21.0117258 ], [ 105.7779497, 21.0117913 ] ] ] } },
{ "type": "Feature", "properties": { "element": "way", "id": 1042566336, "estimated_height": 12.0 }, "geometry": { "type": "Polygon", "coordinates": [ [ [ 105.777772, 21.012217 ], [ 105.7778076, 21.0122508 ], [ 105.7779384, 21.0121306 ], [ 105.7779028, 21.0120968 ], [ 105.777772, 21.012217 ] ] ] } },
{ "type": "Feature", "properties": { "element": "way", "id": 1042566337, "estimated_height": 12.0 }, "geometry": { "type": "Polygon", "coordinates": [ [ [ 105.7776674, 21.0120486 ], [ 105.7776356, 21.0120747 ], [ 105.7777288, 21.0121736 ], [ 105.7777606, 21.0121475 ], [ 105.7776674, 21.0120486 ] ] ] } },
{ "type": "Feature", "properties": { "element": "way", "id": 1042566339, "estimated_height": 12.0 }, "geometry": { "type": "Polygon", "coordinates": [ [ [ 105.7794048, 21.0120736 ], [ 105.7794671, 21.0121231 ], [ 105.7795053, 21.0120812 ], [ 105.779443, 21.0120317 ], [ 105.7794048, 21.0120736 ] ] ] } },
{ "type": "Feature", "properties": { "element": "way", "id": 1042566340, "estimated_height": 12.0 }, "geometry": { "type": "Polygon", "coordinates": [ [ [ 105.7792063, 21.0118158 ], [ 105.7791728, 21.0118553 ], [ 105.7792781, 21.0119329 ], [ 105.7793116, 21.0118934 ], [ 105.7792063, 21.0118158 ] ] ] } },
{ "type": "Feature", "properties": { "element": "way", "id": 1042566341, "estimated_height": 12.0 }, "geometry": { "type": "Polygon", "coordinates": [ [ [ 105.779089, 21.0116029 ], [ 105.779156, 21.0115259 ], [ 105.7791281, 21.0115047 ], [ 105.779061, 21.0115817 ], [ 105.779089, 21.0116029 ] ] ] } },
{ "type": "Feature", "properties": { "element": "way", "id": 1042566342, "estimated_height": 12.0 }, "geometry": { "type": "Polygon", "coordinates": [ [ [ 105.7791889, 21.0116004 ], [ 105.779164, 21.0116289 ], [ 105.7792291, 21.0116784 ], [ 105.7792539, 21.0116499 ], [ 105.7791889, 21.0116004 ] ] ] } },
{ "type": "Feature", "properties": { "element": "way", "id": 1042566343, "estimated_height": 12.0 }, "geometry": { "type": "Polygon", "coordinates": [ [ [ 105.7792264, 21.0115616 ], [ 105.7792064, 21.011583 ], [ 105.7792741, 21.0116381 ], [ 105.7792941, 21.0116167 ], [ 105.7792264, 21.0115616 ] ] ] } },
{ "type": "Feature", "properties": { "element": "way", "id": 1042566344, "estimated_height": 12.0 }, "geometry": { "type": "Polygon", "coordinates": [ [ [ 105.7792323, 21.0114299 ], [ 105.7792827, 21.0114896 ], [ 105.7793177, 21.011464 ], [ 105.7792673, 21.0114042 ], [ 105.7792323, 21.0114299 ] ] ] } },
{ "type": "Feature", "properties": { "element": "way", "id": 1042566345, "estimated_height": 12.0 }, "geometry": { "type": "Polygon", "coordinates": [ [ [ 105.7792157, 21.0114101 ], [ 105.7791741, 21.0114407 ], [ 105.7792412, 21.0115202 ], [ 105.7792827, 21.0114896 ], [ 105.7792323, 21.0114299 ], [ 105.7792157, 21.0114101 ] ] ] } },
{ "type": "Feature", "properties": { "element": "way", "id": 1042566346, "estimated_height": 12.0 }, "geometry": { "type": "Polygon", "coordinates": [ [ [ 105.7786524, 21.0115381 ], [ 105.7786953, 21.0114909 ], [ 105.778669, 21.0114701 ], [ 105.7786261, 21.0115173 ], [ 105.7786524, 21.0115381 ] ] ] } },
{ "type": "Feature", "properties": { "element": "way", "id": 1042566347, "estimated_height": 12.0 }, "geometry": { "type": "Polygon", "coordinates": [ [ [ 105.7787282, 21.0115272 ], [ 105.7787789, 21.0115624 ], [ 105.7788447, 21.0114797 ], [ 105.7787939, 21.0114446 ], [ 105.7787282, 21.0115272 ] ] ] } },
{ "type": "Feature", "properties": { "element": "way", "id": 1042566348, "estimated_height": 12.0 }, "geometry": { "type": "Polygon", "coordinates": [ [ [ 105.7786578, 21.0115428 ], [ 105.7786849, 21.0115621 ], [ 105.7787533, 21.0114782 ], [ 105.7787262, 21.011459 ], [ 105.7786578, 21.0115428 ] ] ] } },
{ "type": "Feature", "properties": { "element": "way", "id": 1042566349, "estimated_height": 12.0 }, "geometry": { "type": "Polygon", "coordinates": [ [ [ 105.7782112, 21.011541 ], [ 105.7781747, 21.0115831 ], [ 105.7782699, 21.0116551 ], [ 105.7783064, 21.0116129 ], [ 105.7782112, 21.011541 ] ] ] } },
{ "type": "Feature", "properties": { "element": "way", "id": 1042566350, "estimated_height": 12.0 }, "geometry": { "type": "Polygon", "coordinates": [ [ [ 105.7783762, 21.0116154 ], [ 105.7784486, 21.0115253 ], [ 105.7783588, 21.0114624 ], [ 105.7782864, 21.0115526 ], [ 105.7783762, 21.0116154 ] ] ] } },
{ "type": "Feature", "properties": { "element": "way", "id": 1042566351, "estimated_height": 12.0 }, "geometry": { "type": "Polygon", "coordinates": [ [ [ 105.778584, 21.0116881 ], [ 105.7786652, 21.0117525 ], [ 105.7786904, 21.0117249 ], [ 105.7786093, 21.0116604 ], [ 105.778584, 21.0116881 ] ] ] } },
{ "type": "Feature", "properties": { "element": "way", "id": 1042566352, "estimated_height": 12.0 }, "geometry": { "type": "Polygon", "coordinates": [ [ [ 105.778521, 21.0117769 ], [ 105.7785854, 21.0117068 ], [ 105.7785464, 21.0116757 ], [ 105.7784821, 21.0117458 ], [ 105.778521, 21.0117769 ] ] ] } },
{ "type": "Feature", "properties": { "element": "way", "id": 1042566353, "estimated_height": 12.0 }, "geometry": { "type": "Polygon", "coordinates": [ [ [ 105.7784694, 21.0118527 ], [ 105.7785381, 21.0119013 ], [ 105.7785883, 21.0118393 ], [ 105.7785197, 21.0117907 ], [ 105.7784694, 21.0118527 ] ] ] } },
{ "type": "Feature", "properties": { "element": "way", "id": 1042566354, "estimated_height": 12.0 }, "geometry": { "type": "Polygon", "coordinates": [ [ [ 105.7782923, 21.011812 ], [ 105.7783635, 21.0118471 ], [ 105.7784145, 21.0117569 ], [ 105.7783433, 21.0117219 ], [ 105.7782923, 21.011812 ] ] ] } },
{ "type": "Feature", "properties": { "element": "way", "id": 1042566355, "estimated_height": 12.0 }, "geometry": { "type": "Polygon", "coordinates": [ [ [ 105.7782179, 21.0117269 ], [ 105.7781805, 21.0117505 ], [ 105.7782382, 21.01183 ], [ 105.7782756, 21.0118064 ], [ 105.7782179, 21.0117269 ] ] ] } },
{ "type": "Feature", "properties": { "element": "way", "id": 1042566356, "estimated_height": 12.0 }, "geometry": { "type": "Polygon", "coordinates": [ [ [ 105.7784546, 21.0121976 ], [ 105.7784868, 21.0121525 ], [ 105.7784388, 21.0121227 ], [ 105.7784066, 21.0121677 ], [ 105.7784546, 21.0121976 ] ] ] } },
{ "type": "Feature", "properties": { "element": "way", "id": 1042566357, "estimated_height": 12.0 }, "geometry": { "type": "Polygon", "coordinates": [ [ [ 105.7787222, 21.0123184 ], [ 105.778766, 21.0123393 ], [ 105.7788149, 21.0122498 ], [ 105.7787711, 21.0122289 ], [ 105.7787222, 21.0123184 ] ] ] } },
{ "type": "Feature", "properties": { "element": "way", "id": 1042566358, "estimated_height": 12.0 }, "geometry": { "type": "Polygon", "coordinates": [ [ [ 105.7785646, 21.0122802 ], [ 105.7786188, 21.012307 ], [ 105.7786564, 21.0122406 ], [ 105.7786021, 21.0122139 ], [ 105.7785646, 21.0122802 ] ] ] } },
{ "type": "Feature", "properties": { "element": "way", "id": 1042566359, "estimated_height": 12.0 }, "geometry": { "type": "Polygon", "coordinates": [ [ [ 105.7785572, 21.0122664 ], [ 105.7785968, 21.0121963 ], [ 105.7785589, 21.0121777 ], [ 105.7785193, 21.0122478 ], [ 105.7785572, 21.0122664 ] ] ] } },
{ "type": "Feature", "properties": { "element": "way", "id": 1042566360, "estimated_height": 12.0 }, "geometry": { "type": "Polygon", "coordinates": [ [ [ 105.7785639, 21.0121325 ], [ 105.7786303, 21.0121632 ], [ 105.7786485, 21.0121288 ], [ 105.7785822, 21.0120981 ], [ 105.7785639, 21.0121325 ] ] ] } },
{ "type": "Feature", "properties": { "element": "way", "id": 1042566361, "estimated_height": 12.0 }, "geometry": { "type": "Polygon", "coordinates": [ [ [ 105.7787349, 21.0121843 ], [ 105.7787701, 21.012206 ], [ 105.7788371, 21.0121117 ], [ 105.7787993, 21.0120912 ], [ 105.7787349, 21.0121843 ] ] ] } },
{ "type": "Feature", "properties": { "element": "way", "id": 1042566362, "estimated_height": 12.0 }, "geometry": { "type": "Polygon", "coordinates": [ [ [ 105.7787248, 21.0121988 ], [ 105.7787349, 21.0121843 ], [ 105.7787993, 21.0120912 ], [ 105.7787631, 21.0120759 ], [ 105.778692, 21.0121791 ], [ 105.7787248, 21.0121988 ] ] ] } },
{ "type": "Feature", "properties": { "element": "way", "id": 1042566363, "estimated_height": 12.0 }, "geometry": { "type": "Polygon", "coordinates": [ [ [ 105.7788818, 21.0120649 ], [ 105.7788586, 21.0121119 ], [ 105.7790028, 21.0121738 ], [ 105.7790259, 21.0121269 ], [ 105.7788818, 21.0120649 ] ] ] } },
{ "type": "Feature", "properties": { "element": "way", "id": 1042566364, "estimated_height": 12.0 }, "geometry": { "type": "Polygon", "coordinates": [ [ [ 105.7789488, 21.012401 ], [ 105.7790427, 21.0124517 ], [ 105.7790662, 21.0124138 ], [ 105.7789723, 21.0123631 ], [ 105.7789488, 21.012401 ] ] ] } },
{ "type": "Feature", "properties": { "element": "way", "id": 1042566365, "estimated_height": 12.0 }, "geometry": { "type": "Polygon", "coordinates": [ [ [ 105.7797347, 21.0127845 ], [ 105.7798158, 21.0127206 ], [ 105.7797837, 21.012685 ], [ 105.7797025, 21.0127489 ], [ 105.7797347, 21.0127845 ] ] ] } },
{ "type": "Feature", "properties": { "element": "way", "id": 1042566366, "estimated_height": 12.0 }, "geometry": { "type": "Polygon", "coordinates": [ [ [ 105.780131, 21.0127409 ], [ 105.780192, 21.0126946 ], [ 105.7801465, 21.0126424 ], [ 105.7800855, 21.0126887 ], [ 105.780131, 21.0127409 ] ] ] } },
{ "type": "Feature", "properties": { "element": "way", "id": 1042566368, "estimated_height": 12.0 }, "geometry": { "type": "Polygon", "coordinates": [ [ [ 105.7802611, 21.0130739 ], [ 105.7803416, 21.0129757 ], [ 105.7803021, 21.0129475 ], [ 105.7802216, 21.0130458 ], [ 105.7802611, 21.0130739 ] ] ] } },
{ "type": "Feature", "properties": { "element": "way", "id": 1042566369, "estimated_height": 12.0 }, "geometry": { "type": "Polygon", "coordinates": [ [ [ 105.7798105, 21.0131678 ], [ 105.7797951, 21.0132124 ], [ 105.7799138, 21.01327 ], [ 105.7799359, 21.0132329 ], [ 105.7798105, 21.0131678 ] ] ] } },
{ "type": "Feature", "properties": { "element": "way", "id": 1042566370, "estimated_height": 12.0 }, "geometry": { "type": "Polygon", "coordinates": [ [ [ 105.7799607, 21.0131534 ], [ 105.7800418, 21.0132054 ], [ 105.7800613, 21.0131789 ], [ 105.7799801, 21.013127 ], [ 105.7799607, 21.0131534 ] ] ] } },
{ "type": "Feature", "properties": { "element": "way", "id": 1042566371, "estimated_height": 12.0 }, "geometry": { "type": "Polygon", "coordinates": [ [ [ 105.7798789, 21.0130301 ], [ 105.7798596, 21.0130653 ], [ 105.779979, 21.0131223 ], [ 105.7799982, 21.0130871 ], [ 105.7798789, 21.0130301 ] ] ] } },
{ "type": "Feature", "properties": { "element": "way", "id": 1042566372, "estimated_height": 12.0 }, "geometry": { "type": "Polygon", "coordinates": [ [ [ 105.7799124, 21.0129963 ], [ 105.7798965, 21.0130286 ], [ 105.7800031, 21.0130743 ], [ 105.780019, 21.013042 ], [ 105.7799124, 21.0129963 ] ] ] } },
{ "type": "Feature", "properties": { "element": "way", "id": 1042566373, "estimated_height": 12.0 }, "geometry": { "type": "Polygon", "coordinates": [ [ [ 105.7807472, 21.0137556 ], [ 105.7807293, 21.0138032 ], [ 105.7808359, 21.0138382 ], [ 105.7808539, 21.0137907 ], [ 105.7807472, 21.0137556 ] ] ] } },
{ "type": "Feature", "properties": { "element": "way", "id": 1042566374, "estimated_height": 12.0 }, "geometry": { "type": "Polygon", "coordinates": [ [ [ 105.7815606, 21.013457 ], [ 105.7816324, 21.0135409 ], [ 105.7816789, 21.0135062 ], [ 105.7816072, 21.0134223 ], [ 105.7815606, 21.013457 ] ] ] } },
{ "type": "Feature", "properties": { "element": "way", "id": 1042566375, "estimated_height": 12.0 }, "geometry": { "type": "Polygon", "coordinates": [ [ [ 105.7813125, 21.0136248 ], [ 105.7812911, 21.0136437 ], [ 105.7813857, 21.0137369 ], [ 105.7814071, 21.013718 ], [ 105.7813125, 21.0136248 ] ] ] } },
{ "type": "Feature", "properties": { "element": "way", "id": 1042566376, "estimated_height": 12.0 }, "geometry": { "type": "Polygon", "coordinates": [ [ [ 105.781338, 21.0133494 ], [ 105.7814158, 21.0133494 ], [ 105.7814158, 21.0132717 ], [ 105.781338, 21.0132717 ], [ 105.781338, 21.0133494 ] ] ] } },
{ "type": "Feature", "properties": { "element": "way", "id": 1042566377, "estimated_height": 12.0 }, "geometry": { "type": "Polygon", "coordinates": [ [ [ 105.7814205, 21.013293 ], [ 105.7814224, 21.0133662 ], [ 105.7815035, 21.0133643 ], [ 105.7815016, 21.0132911 ], [ 105.7814205, 21.013293 ] ] ] } },
{ "type": "Feature", "properties": { "element": "way", "id": 1042566378, "estimated_height": 12.0 }, "geometry": { "type": "Polygon", "coordinates": [ [ [ 105.7815988, 21.0133556 ], [ 105.7815962, 21.0132692 ], [ 105.7815498, 21.0132705 ], [ 105.7815525, 21.0133569 ], [ 105.7815988, 21.0133556 ] ] ] } },
{ "type": "Feature", "properties": { "element": "way", "id": 1042566379, "estimated_height": 12.0 }, "geometry": { "type": "Polygon", "coordinates": [ [ [ 105.7816981, 21.0130132 ], [ 105.7816651, 21.0130314 ], [ 105.7817093, 21.0131015 ], [ 105.7817423, 21.0130833 ], [ 105.7816981, 21.0130132 ] ] ] } },
{ "type": "Feature", "properties": { "element": "way", "id": 1042566380, "estimated_height": 12.0 }, "geometry": { "type": "Polygon", "coordinates": [ [ [ 105.781635, 21.0130007 ], [ 105.7817256, 21.0129337 ], [ 105.7816982, 21.0129015 ], [ 105.7816077, 21.0129685 ], [ 105.781635, 21.0130007 ] ] ] } },
{ "type": "Feature", "properties": { "element": "way", "id": 1042566381, "estimated_height": 12.0 }, "geometry": { "type": "Polygon", "coordinates": [ [ [ 105.7822862, 21.012632 ], [ 105.7823834, 21.0126927 ], [ 105.782428, 21.0126304 ], [ 105.7823308, 21.0125697 ], [ 105.7822862, 21.012632 ] ] ] } },
{ "type": "Feature", "properties": { "element": "way", "id": 1042566382, "estimated_height": 12.0 }, "geometry": { "type": "Polygon", "coordinates": [ [ [ 105.7821225, 21.0125225 ], [ 105.7822097, 21.0126132 ], [ 105.7822432, 21.0125852 ], [ 105.782156, 21.0124945 ], [ 105.7821225, 21.0125225 ] ] ] } },
{ "type": "Feature", "properties": { "element": "way", "id": 1042566383, "estimated_height": 12.0 }, "geometry": { "type": "Polygon", "coordinates": [ [ [ 105.7821259, 21.0126896 ], [ 105.7822037, 21.0126245 ], [ 105.7821828, 21.0126028 ], [ 105.7821051, 21.0126679 ], [ 105.7821259, 21.0126896 ] ] ] } },
{ "type": "Feature", "properties": { "element": "way", "id": 1042566384, "estimated_height": 12.0 }, "geometry": { "type": "Polygon", "coordinates": [ [ [ 105.7821688, 21.0127384 ], [ 105.7821946, 21.0127726 ], [ 105.7822583, 21.0127306 ], [ 105.7822325, 21.0126965 ], [ 105.7821688, 21.0127384 ] ] ] } },
{ "type": "Feature", "properties": { "element": "way", "id": 1042566385, "estimated_height": 12.0 }, "geometry": { "type": "Polygon", "coordinates": [ [ [ 105.7820676, 21.0126984 ], [ 105.7821266, 21.0127822 ], [ 105.7821636, 21.0127595 ], [ 105.7821046, 21.0126757 ], [ 105.7820676, 21.0126984 ] ] ] } },
{ "type": "Feature", "properties": { "element": "way", "id": 1042566386, "estimated_height": 12.0 }, "geometry": { "type": "Polygon", "coordinates": [ [ [ 105.781967, 21.0127779 ], [ 105.7820328, 21.0128535 ], [ 105.7821046, 21.012799 ], [ 105.7820387, 21.0127234 ], [ 105.781967, 21.0127779 ] ] ] } },
{ "type": "Feature", "properties": { "element": "way", "id": 1042566387, "estimated_height": 12.0 }, "geometry": { "type": "Polygon", "coordinates": [ [ [ 105.7818878, 21.0128067 ], [ 105.7819683, 21.0127522 ], [ 105.7819463, 21.0127238 ], [ 105.7818658, 21.0127783 ], [ 105.7818878, 21.0128067 ] ] ] } },
{ "type": "Feature", "properties": { "element": "way", "id": 1042566388, "estimated_height": 12.0 }, "geometry": { "type": "Polygon", "coordinates": [ [ [ 105.7827213, 21.0119172 ], [ 105.7826922, 21.0119497 ], [ 105.7827613, 21.0120035 ], [ 105.7827904, 21.011971 ], [ 105.7827213, 21.0119172 ] ] ] } },
{ "type": "Feature", "properties": { "element": "way", "id": 1046097575, "estimated_height": 12.0 }, "geometry": { "type": "Polygon", "coordinates": [ [ [ 105.7905413, 21.0214904 ], [ 105.7906654, 21.0215672 ], [ 105.7906795, 21.0216087 ], [ 105.7907673, 21.021593 ], [ 105.7907546, 21.0215402 ], [ 105.7905883, 21.0214278 ], [ 105.7905413, 21.0214904 ] ] ] } },
{ "type": "Feature", "properties": { "element": "way", "id": 1046097576, "estimated_height": 12.0 }, "geometry": { "type": "Polygon", "coordinates": [ [ [ 105.7902288, 21.0213702 ], [ 105.7901399, 21.0214996 ], [ 105.7904242, 21.0216699 ], [ 105.7905132, 21.0215404 ], [ 105.7902288, 21.0213702 ] ] ] } },
{ "type": "Feature", "properties": { "element": "way", "id": 1046134439, "estimated_height": 12.0 }, "geometry": { "type": "Polygon", "coordinates": [ [ [ 105.7793488, 21.0162783 ], [ 105.77945, 21.0161493 ], [ 105.7793902, 21.0161083 ], [ 105.7792889, 21.0162373 ], [ 105.7793488, 21.0162783 ] ] ] } },
{ "type": "Feature", "properties": { "element": "way", "id": 1046134440, "estimated_height": 12.0 }, "geometry": { "type": "Polygon", "coordinates": [ [ [ 105.7781068, 21.0168506 ], [ 105.7781751, 21.016768 ], [ 105.7780868, 21.0167042 ], [ 105.7780184, 21.0167868 ], [ 105.7781068, 21.0168506 ] ] ] } },
{ "type": "Feature", "properties": { "element": "way", "id": 1046134441, "estimated_height": 12.0 }, "geometry": { "type": "Polygon", "coordinates": [ [ [ 105.7781207, 21.0168851 ], [ 105.7782266, 21.0169609 ], [ 105.7782923, 21.0168808 ], [ 105.7781864, 21.0168051 ], [ 105.7781207, 21.0168851 ] ] ] } },
{ "type": "Feature", "properties": { "element": "way", "id": 1046134442, "estimated_height": 12.0 }, "geometry": { "type": "Polygon", "coordinates": [ [ [ 105.7782488, 21.0169927 ], [ 105.7783628, 21.0170734 ], [ 105.7784472, 21.0169696 ], [ 105.7783332, 21.0168889 ], [ 105.7782488, 21.0169927 ] ] ] } },
{ "type": "Feature", "properties": { "element": "way", "id": 1046134443, "estimated_height": 12.0 }, "geometry": { "type": "Polygon", "coordinates": [ [ [ 105.7784097, 21.017077 ], [ 105.7785176, 21.0171521 ], [ 105.7785979, 21.0170516 ], [ 105.7784899, 21.0169765 ], [ 105.7784097, 21.017077 ] ] ] } },
{ "type": "Feature", "properties": { "element": "way", "id": 1046134444, "estimated_height": 12.0 }, "geometry": { "type": "Polygon", "coordinates": [ [ [ 105.7785562, 21.0171714 ], [ 105.7786642, 21.0172427 ], [ 105.7787298, 21.0171563 ], [ 105.7786218, 21.0170849 ], [ 105.7785562, 21.0171714 ] ] ] } },
{ "type": "Feature", "properties": { "element": "way", "id": 1046134445, "estimated_height": 12.0 }, "geometry": { "type": "Polygon", "coordinates": [ [ [ 105.7786835, 21.0172749 ], [ 105.7787941, 21.0173556 ], [ 105.7788713, 21.0172634 ], [ 105.7787607, 21.0171827 ], [ 105.7786835, 21.0172749 ] ] ] } },
{ "type": "Feature", "properties": { "element": "way", "id": 1046134446, "estimated_height": 12.0 }, "geometry": { "type": "Polygon", "coordinates": [ [ [ 105.7788212, 21.0173657 ], [ 105.7789358, 21.0174496 ], [ 105.7790108, 21.0173603 ], [ 105.7788962, 21.0172764 ], [ 105.7788212, 21.0173657 ] ] ] } },
{ "type": "Feature", "properties": { "element": "way", "id": 1046134447, "estimated_height": 12.0 }, "geometry": { "type": "Polygon", "coordinates": [ [ [ 105.7789819, 21.0171632 ], [ 105.7790986, 21.0172458 ], [ 105.7791683, 21.01716 ], [ 105.7790517, 21.0170774 ], [ 105.7789819, 21.0171632 ] ] ] } },
{ "type": "Feature", "properties": { "element": "way", "id": 1046134448, "estimated_height": 12.0 }, "geometry": { "type": "Polygon", "coordinates": [ [ [ 105.7788587, 21.0170433 ], [ 105.7789714, 21.0171246 ], [ 105.779037, 21.0170454 ], [ 105.7789244, 21.016964 ], [ 105.7788587, 21.0170433 ] ] ] } },
{ "type": "Feature", "properties": { "element": "way", "id": 1046134449, "estimated_height": 12.0 }, "geometry": { "type": "Polygon", "coordinates": [ [ [ 105.778708, 21.0169499 ], [ 105.7788206, 21.0170332 ], [ 105.7788819, 21.0169609 ], [ 105.7787693, 21.0168777 ], [ 105.778708, 21.0169499 ] ] ] } },
{ "type": "Feature", "properties": { "element": "way", "id": 1046134450, "estimated_height": 12.0 }, "geometry": { "type": "Polygon", "coordinates": [ [ [ 105.7785889, 21.0168671 ], [ 105.7786897, 21.0169409 ], [ 105.778748, 21.0168714 ], [ 105.7786472, 21.0167976 ], [ 105.7785889, 21.0168671 ] ] ] } },
{ "type": "Feature", "properties": { "element": "way", "id": 1046134451, "estimated_height": 12.0 }, "geometry": { "type": "Polygon", "coordinates": [ [ [ 105.7784409, 21.0167634 ], [ 105.778551, 21.0168307 ], [ 105.7785992, 21.0167618 ], [ 105.7784892, 21.0166946 ], [ 105.7784409, 21.0167634 ] ] ] } },
{ "type": "Feature", "properties": { "element": "way", "id": 1046134452, "estimated_height": 12.0 }, "geometry": { "type": "Polygon", "coordinates": [ [ [ 105.778301, 21.0166554 ], [ 105.7784152, 21.0167297 ], [ 105.7784722, 21.0166533 ], [ 105.778358, 21.016579 ], [ 105.778301, 21.0166554 ] ] ] } },
{ "type": "Feature", "properties": { "element": "way", "id": 1046134453, "estimated_height": 12.0 }, "geometry": { "type": "Polygon", "coordinates": [ [ [ 105.7774535, 21.0137788 ], [ 105.7775044, 21.0137249 ], [ 105.777445, 21.0136759 ], [ 105.777394, 21.0137297 ], [ 105.7774535, 21.0137788 ] ] ] } },
{ "type": "Feature", "properties": { "element": "way", "id": 1046134454, "estimated_height": 12.0 }, "geometry": { "type": "Polygon", "coordinates": [ [ [ 105.7776332, 21.0139841 ], [ 105.7775888, 21.0140445 ], [ 105.7778705, 21.0142247 ], [ 105.7779148, 21.0141644 ], [ 105.7776332, 21.0139841 ] ] ] } },
{ "type": "Feature", "properties": { "element": "way", "id": 1046134455, "estimated_height": 12.0 }, "geometry": { "type": "Polygon", "coordinates": [ [ [ 105.7779966, 21.0143309 ], [ 105.778116, 21.0142858 ], [ 105.7780721, 21.0141845 ], [ 105.7779527, 21.0142295 ], [ 105.7779966, 21.0143309 ] ] ] } },
{ "type": "Feature", "properties": { "element": "way", "id": 1056341550, "estimated_height": 14.0 }, "geometry": { "type": "Polygon", "coordinates": [ [ [ 105.7806395, 21.0149436 ], [ 105.7806363, 21.014802 ], [ 105.7806845, 21.0147395 ], [ 105.7807078, 21.014709 ], [ 105.7807379, 21.0147307 ], [ 105.780725, 21.0147502 ], [ 105.7808362, 21.0148264 ], [ 105.7807169, 21.0149876 ], [ 105.7806395, 21.0149436 ] ] ] } },
{ "type": "Feature", "properties": { "element": "way", "id": 1089514024, "estimated_height": 10.5 }, "geometry": { "type": "Polygon", "coordinates": [ [ [ 105.7826517, 21.0101406 ], [ 105.782627, 21.0099866 ], [ 105.7827305, 21.0099721 ], [ 105.7827552, 21.0101261 ], [ 105.7826517, 21.0101406 ] ] ] } },
{ "type": "Feature", "properties": { "element": "way", "id": 1089514027, "estimated_height": 10.5 }, "geometry": { "type": "Polygon", "coordinates": [ [ [ 105.7827791, 21.0101192 ], [ 105.7827544, 21.0099652 ], [ 105.7828579, 21.0099508 ], [ 105.7828826, 21.0101047 ], [ 105.7827791, 21.0101192 ] ] ] } },
{ "type": "Feature", "properties": { "element": "way", "id": 1089514028, "estimated_height": 10.5 }, "geometry": { "type": "Polygon", "coordinates": [ [ [ 105.7826805, 21.0103439 ], [ 105.7826552, 21.0101614 ], [ 105.7827609, 21.0101486 ], [ 105.7827819, 21.0102998 ], [ 105.7827264, 21.0103065 ], [ 105.7827308, 21.0103378 ], [ 105.7826805, 21.0103439 ] ] ] } },
{ "type": "Feature", "properties": { "element": "way", "id": 1089514029, "estimated_height": 10.5 }, "geometry": { "type": "Polygon", "coordinates": [ [ [ 105.7827963, 21.0102454 ], [ 105.782784, 21.0101395 ], [ 105.7828916, 21.0101286 ], [ 105.7828955, 21.010162 ], [ 105.7828642, 21.0101652 ], [ 105.7828675, 21.0101938 ], [ 105.7828311, 21.0102419 ], [ 105.7827963, 21.0102454 ] ] ] } },
{ "type": "Feature", "properties": { "element": "way", "id": 1116149901, "estimated_height": 52.5 }, "geometry": { "type": "Polygon", "coordinates": [ [ [ 105.7906527, 21.0171643 ], [ 105.7907863, 21.0169515 ], [ 105.7909603, 21.0170466 ], [ 105.7908876, 21.0171627 ], [ 105.7908466, 21.0171403 ], [ 105.7907828, 21.0172379 ], [ 105.7906527, 21.0171643 ] ] ] } },
{ "type": "Feature", "properties": { "element": "way", "id": 1116157530, "estimated_height": 12.0 }, "geometry": { "type": "Polygon", "coordinates": [ [ [ 105.7906953, 21.0193064 ], [ 105.7903704, 21.0191208 ], [ 105.7904774, 21.0189575 ], [ 105.7908023, 21.0191432 ], [ 105.7906953, 21.0193064 ] ] ] } },
{ "type": "Feature", "properties": { "element": "way", "id": 1116162355, "estimated_height": 12.0 }, "geometry": { "type": "Polygon", "coordinates": [ [ [ 105.7886093, 21.0162604 ], [ 105.7885227, 21.0161994 ], [ 105.7885946, 21.0161105 ], [ 105.7886812, 21.0161716 ], [ 105.7886093, 21.0162604 ] ] ] } },
{ "type": "Feature", "properties": { "element": "way", "id": 1116162356, "estimated_height": 12.0 }, "geometry": { "type": "Polygon", "coordinates": [ [ [ 105.7885946, 21.0161105 ], [ 105.788663, 21.016026 ], [ 105.7887496, 21.0160871 ], [ 105.7886812, 21.0161716 ], [ 105.7885946, 21.0161105 ] ] ] } },
{ "type": "Feature", "properties": { "element": "way", "id": 1116162357, "estimated_height": 12.0 }, "geometry": { "type": "Polygon", "coordinates": [ [ [ 105.788663, 21.016026 ], [ 105.7887365, 21.0159352 ], [ 105.7888231, 21.0159962 ], [ 105.7887496, 21.0160871 ], [ 105.788663, 21.016026 ] ] ] } },
{ "type": "Feature", "properties": { "element": "way", "id": 1116162358, "estimated_height": 12.0 }, "geometry": { "type": "Polygon", "coordinates": [ [ [ 105.7887365, 21.0159352 ], [ 105.7888032, 21.0158528 ], [ 105.7888897, 21.0159139 ], [ 105.7888231, 21.0159962 ], [ 105.7887365, 21.0159352 ] ] ] } },
{ "type": "Feature", "properties": { "element": "way", "id": 1116162359, "estimated_height": 12.0 }, "geometry": { "type": "Polygon", "coordinates": [ [ [ 105.7890342, 21.0155612 ], [ 105.7891012, 21.015478 ], [ 105.7891073, 21.0154824 ], [ 105.7891874, 21.0155399 ], [ 105.7891208, 21.0156222 ], [ 105.7890342, 21.0155612 ] ] ] } },
{ "type": "Feature", "properties": { "element": "way", "id": 1116162360, "estimated_height": 12.0 }, "geometry": { "type": "Polygon", "coordinates": [ [ [ 105.7889606, 21.015652 ], [ 105.7890342, 21.0155612 ], [ 105.7891208, 21.0156222 ], [ 105.7890472, 21.0157131 ], [ 105.7889606, 21.015652 ] ] ] } },
{ "type": "Feature", "properties": { "element": "way", "id": 1116162361, "estimated_height": 12.0 }, "geometry": { "type": "Polygon", "coordinates": [ [ [ 105.7888922, 21.0157365 ], [ 105.7889606, 21.015652 ], [ 105.7890472, 21.0157131 ], [ 105.7889788, 21.0157976 ], [ 105.7888922, 21.0157365 ] ] ] } },
{ "type": "Feature", "properties": { "element": "way", "id": 1116162362, "estimated_height": 12.0 }, "geometry": { "type": "Polygon", "coordinates": [ [ [ 105.788907, 21.0158864 ], [ 105.7888203, 21.0158254 ], [ 105.7888922, 21.0157365 ], [ 105.7889788, 21.0157976 ], [ 105.788907, 21.0158864 ] ] ] } },
{ "type": "Feature", "properties": { "element": "way", "id": 1116162363, "estimated_height": 12.0 }, "geometry": { "type": "Polygon", "coordinates": [ [ [ 105.7888943, 21.0154631 ], [ 105.7889613, 21.0153799 ], [ 105.789018, 21.0154197 ], [ 105.789048, 21.0154407 ], [ 105.788981, 21.0155239 ], [ 105.7888943, 21.0154631 ] ] ] } },
{ "type": "Feature", "properties": { "element": "way", "id": 1116162364, "estimated_height": 12.0 }, "geometry": { "type": "Polygon", "coordinates": [ [ [ 105.7888209, 21.015554 ], [ 105.7888943, 21.0154631 ], [ 105.788981, 21.0155239 ], [ 105.7889075, 21.015615 ], [ 105.7888209, 21.015554 ] ] ] } },
{ "type": "Feature", "properties": { "element": "way", "id": 1116162365, "estimated_height": 12.0 }, "geometry": { "type": "Polygon", "coordinates": [ [ [ 105.7887525, 21.0156385 ], [ 105.7888209, 21.015554 ], [ 105.7889075, 21.015615 ], [ 105.7888391, 21.0156996 ], [ 105.7887525, 21.0156385 ] ] ] } },
{ "type": "Feature", "properties": { "element": "way", "id": 1116162366, "estimated_height": 12.0 }, "geometry": { "type": "Polygon", "coordinates": [ [ [ 105.7887672, 21.0157884 ], [ 105.7886806, 21.0157273 ], [ 105.7887525, 21.0156385 ], [ 105.7888391, 21.0156996 ], [ 105.7887672, 21.0157884 ] ] ] } },
{ "type": "Feature", "properties": { "element": "way", "id": 1116162367, "estimated_height": 12.0 }, "geometry": { "type": "Polygon", "coordinates": [ [ [ 105.7885968, 21.0158371 ], [ 105.7886634, 21.0157548 ], [ 105.78875, 21.0158159 ], [ 105.7886834, 21.0158982 ], [ 105.7885968, 21.0158371 ] ] ] } },
{ "type": "Feature", "properties": { "element": "way", "id": 1116162368, "estimated_height": 12.0 }, "geometry": { "type": "Polygon", "coordinates": [ [ [ 105.7885233, 21.015928 ], [ 105.7885968, 21.0158371 ], [ 105.7886834, 21.0158982 ], [ 105.7886099, 21.015989 ], [ 105.7885233, 21.015928 ] ] ] } },
{ "type": "Feature", "properties": { "element": "way", "id": 1116162369, "estimated_height": 12.0 }, "geometry": { "type": "Polygon", "coordinates": [ [ [ 105.7884548, 21.0160125 ], [ 105.7885233, 21.015928 ], [ 105.7886099, 21.015989 ], [ 105.7885415, 21.0160736 ], [ 105.7884548, 21.0160125 ] ] ] } },
{ "type": "Feature", "properties": { "element": "way", "id": 1116162370, "estimated_height": 12.0 }, "geometry": { "type": "Polygon", "coordinates": [ [ [ 105.7884696, 21.0161624 ], [ 105.788383, 21.0161013 ], [ 105.7884548, 21.0160125 ], [ 105.7885415, 21.0160736 ], [ 105.7884696, 21.0161624 ] ] ] } },
{ "type": "Feature", "properties": { "element": "way", "id": 1116162371, "estimated_height": 12.0 }, "geometry": { "type": "Polygon", "coordinates": [ [ [ 105.7890833, 21.0153385 ], [ 105.7891725, 21.015401 ], [ 105.7891073, 21.0154824 ], [ 105.7891012, 21.015478 ], [ 105.789048, 21.0154407 ], [ 105.789018, 21.0154197 ], [ 105.7890833, 21.0153385 ] ] ] } },
{ "type": "Feature", "properties": { "element": "way", "id": 1116162372, "estimated_height": 12.0 }, "geometry": { "type": "Polygon", "coordinates": [ [ [ 105.7889863, 21.0152705 ], [ 105.7890833, 21.0153385 ], [ 105.789018, 21.0154197 ], [ 105.7889613, 21.0153799 ], [ 105.788921, 21.0153516 ], [ 105.7889863, 21.0152705 ] ] ] } },
{ "type": "Feature", "properties": { "element": "way", "id": 1116162373, "estimated_height": 12.0 }, "geometry": { "type": "Polygon", "coordinates": [ [ [ 105.7888957, 21.0152069 ], [ 105.7889863, 21.0152705 ], [ 105.788921, 21.0153516 ], [ 105.7888304, 21.0152881 ], [ 105.7888957, 21.0152069 ] ] ] } },
{ "type": "Feature", "properties": { "element": "way", "id": 1116162375, "estimated_height": 12.0 }, "geometry": { "type": "Polygon", "coordinates": [ [ [ 105.7884667, 21.0161801 ], [ 105.7885559, 21.0162426 ], [ 105.7884907, 21.016324 ], [ 105.7884846, 21.0163196 ], [ 105.7884314, 21.0162823 ], [ 105.7884014, 21.0162612 ], [ 105.7884667, 21.0161801 ] ] ] } },
{ "type": "Feature", "properties": { "element": "way", "id": 1116162376, "estimated_height": 12.0 }, "geometry": { "type": "Polygon", "coordinates": [ [ [ 105.7883697, 21.0161121 ], [ 105.7884667, 21.0161801 ], [ 105.7884014, 21.0162612 ], [ 105.7883447, 21.0162215 ], [ 105.7883044, 21.0161932 ], [ 105.7883697, 21.0161121 ] ] ] } },
{ "type": "Feature", "properties": { "element": "way", "id": 1116162721, "estimated_height": 12.0 }, "geometry": { "type": "Polygon", "coordinates": [ [ [ 105.7881814, 21.0159659 ], [ 105.7882694, 21.0160284 ], [ 105.7882036, 21.016109 ], [ 105.7881157, 21.0160465 ], [ 105.7881814, 21.0159659 ] ] ] } },
{ "type": "Feature", "properties": { "element": "way", "id": 1116162722, "estimated_height": 12.0 }, "geometry": { "type": "Polygon", "coordinates": [ [ [ 105.787994, 21.0158328 ], [ 105.7880843, 21.015897 ], [ 105.7880187, 21.0159776 ], [ 105.7879283, 21.0159135 ], [ 105.787994, 21.0158328 ] ] ] } },
{ "type": "Feature", "properties": { "element": "way", "id": 1116162723, "estimated_height": 12.0 }, "geometry": { "type": "Polygon", "coordinates": [ [ [ 105.7880843, 21.015897 ], [ 105.7881814, 21.0159659 ], [ 105.7881157, 21.0160465 ], [ 105.7880187, 21.0159776 ], [ 105.7880843, 21.015897 ] ] ] } },
{ "type": "Feature", "properties": { "element": "way", "id": 1116162724, "estimated_height": 12.0 }, "geometry": { "type": "Polygon", "coordinates": [ [ [ 105.7878334, 21.0158461 ], [ 105.7878991, 21.0157654 ], [ 105.787994, 21.0158328 ], [ 105.7879283, 21.0159135 ], [ 105.7878334, 21.0158461 ] ] ] } },
{ "type": "Feature", "properties": { "element": "way", "id": 1116162725, "estimated_height": 12.0 }, "geometry": { "type": "Polygon", "coordinates": [ [ [ 105.7882832, 21.0158459 ], [ 105.7883711, 21.0159084 ], [ 105.7883054, 21.015989 ], [ 105.7882175, 21.0159266 ], [ 105.7882832, 21.0158459 ] ] ] } },
{ "type": "Feature", "properties": { "element": "way", "id": 1116162726, "estimated_height": 12.0 }, "geometry": { "type": "Polygon", "coordinates": [ [ [ 105.7880958, 21.0157128 ], [ 105.7881861, 21.015777 ], [ 105.7881204, 21.0158576 ], [ 105.78803, 21.0157935 ], [ 105.7880958, 21.0157128 ] ] ] } },
{ "type": "Feature", "properties": { "element": "way", "id": 1116162727, "estimated_height": 12.0 }, "geometry": { "type": "Polygon", "coordinates": [ [ [ 105.7881861, 21.015777 ], [ 105.7882832, 21.0158459 ], [ 105.7882175, 21.0159266 ], [ 105.7881204, 21.0158576 ], [ 105.7881861, 21.015777 ] ] ] } },
{ "type": "Feature", "properties": { "element": "way", "id": 1116162728, "estimated_height": 12.0 }, "geometry": { "type": "Polygon", "coordinates": [ [ [ 105.7879352, 21.0157261 ], [ 105.7880009, 21.0156455 ], [ 105.7880958, 21.0157128 ], [ 105.78803, 21.0157935 ], [ 105.7879352, 21.0157261 ] ] ] } },
{ "type": "Feature", "properties": { "element": "way", "id": 1116162729, "estimated_height": 12.0 }, "geometry": { "type": "Polygon", "coordinates": [ [ [ 105.7879156, 21.0155204 ], [ 105.7879835, 21.015439 ], [ 105.7880691, 21.0155012 ], [ 105.7880013, 21.0155826 ], [ 105.7879156, 21.0155204 ] ] ] } },
{ "type": "Feature", "properties": { "element": "way", "id": 1116162730, "estimated_height": 12.0 }, "geometry": { "type": "Polygon", "coordinates": [ [ [ 105.7877709, 21.0156938 ], [ 105.7878407, 21.0156103 ], [ 105.7879264, 21.0156724 ], [ 105.7878567, 21.0157561 ], [ 105.7877709, 21.0156938 ] ] ] } },
{ "type": "Feature", "properties": { "element": "way", "id": 1116162731, "estimated_height": 12.0 }, "geometry": { "type": "Polygon", "coordinates": [ [ [ 105.7878407, 21.0156103 ], [ 105.7879156, 21.0155204 ], [ 105.7880013, 21.0155826 ], [ 105.7879264, 21.0156724 ], [ 105.7878407, 21.0156103 ] ] ] } },
{ "type": "Feature", "properties": { "element": "way", "id": 1116162732, "estimated_height": 12.0 }, "geometry": { "type": "Polygon", "coordinates": [ [ [ 105.7877834, 21.0158439 ], [ 105.787745, 21.0158192 ], [ 105.7877212, 21.0157492 ], [ 105.7877709, 21.0156938 ], [ 105.7878567, 21.0157561 ], [ 105.7877834, 21.0158439 ] ] ] } },
{ "type": "Feature", "properties": { "element": "way", "id": 1116163837, "estimated_height": 12.0 }, "geometry": { "type": "Polygon", "coordinates": [ [ [ 105.7899571, 21.0187236 ], [ 105.7896834, 21.0185601 ], [ 105.7897461, 21.0184686 ], [ 105.7897689, 21.0184822 ], [ 105.7897942, 21.0184452 ], [ 105.7898422, 21.0184738 ], [ 105.7898543, 21.0184561 ], [ 105.7899028, 21.018485 ], [ 105.7899998, 21.0183432 ], [ 105.7899724, 21.0183269 ], [ 105.7900427, 21.0182242 ], [ 105.7900756, 21.0182438 ], [ 105.7901032, 21.0182036 ], [ 105.7902524, 21.0182927 ], [ 105.7899571, 21.0187236 ] ] ] } },
{ "type": "Feature", "properties": { "element": "way", "id": 1116209827, "estimated_height": 12.0 }, "geometry": { "type": "Polygon", "coordinates": [ [ [ 105.7841618, 21.0202953 ], [ 105.7838432, 21.0200759 ], [ 105.7839381, 21.0199423 ], [ 105.7842632, 21.0201736 ], [ 105.7841618, 21.0202953 ] ] ] } },
{ "type": "Feature", "properties": { "element": "way", "id": 1116209829, "estimated_height": 12.0 }, "geometry": { "type": "Polygon", "coordinates": [ [ [ 105.7855744, 21.021217 ], [ 105.7854237, 21.0211141 ], [ 105.7856372, 21.0208416 ], [ 105.7857878, 21.0209445 ], [ 105.7855744, 21.021217 ] ] ] } },
{ "type": "Feature", "properties": { "element": "way", "id": 1116399740, "estimated_height": 12.0 }, "geometry": { "type": "Polygon", "coordinates": [ [ [ 105.7891843, 21.0211712 ], [ 105.7893558, 21.0212885 ], [ 105.789484, 21.0211252 ], [ 105.7893125, 21.0210079 ], [ 105.7891843, 21.0211712 ] ] ] } },
{ "type": "Feature", "properties": { "element": "way", "id": 1116399741, "estimated_height": 12.0 }, "geometry": { "type": "Polygon", "coordinates": [ [ [ 105.7891309, 21.0210661 ], [ 105.7890592, 21.0210167 ], [ 105.7891335, 21.0209228 ], [ 105.7891676, 21.0209463 ], [ 105.7891867, 21.0209221 ], [ 105.7892243, 21.020948 ], [ 105.7891309, 21.0210661 ] ] ] } },
{ "type": "Feature", "properties": { "element": "way", "id": 1116413005, "estimated_height": 12.0 }, "geometry": { "type": "Polygon", "coordinates": [ [ [ 105.7875027, 21.0138981 ], [ 105.7875582, 21.0139414 ], [ 105.78762, 21.0138725 ], [ 105.7875646, 21.0138291 ], [ 105.7875027, 21.0138981 ] ] ] } },
{ "type": "Feature", "properties": { "element": "way", "id": 1116413007, "estimated_height": 12.0 }, "geometry": { "type": "Polygon", "coordinates": [ [ [ 105.7895784, 21.0129409 ], [ 105.7891988, 21.0126749 ], [ 105.7896463, 21.0121182 ], [ 105.7898411, 21.0122547 ], [ 105.7895345, 21.0126362 ], [ 105.7897193, 21.0127656 ], [ 105.7895784, 21.0129409 ] ] ] } },
{ "type": "Feature", "properties": { "element": "way", "id": 1116419873, "estimated_height": 12.0 }, "geometry": { "type": "Polygon", "coordinates": [ [ [ 105.788994, 21.0175043 ], [ 105.789178, 21.0176271 ], [ 105.7891981, 21.017641 ], [ 105.7892546, 21.0175701 ], [ 105.7892325, 21.0175548 ], [ 105.7892709, 21.0175067 ], [ 105.789306, 21.0175312 ], [ 105.7893397, 21.017489 ], [ 105.7891098, 21.0173275 ], [ 105.7890764, 21.0173694 ], [ 105.7891048, 21.0173891 ], [ 105.789041, 21.0174691 ], [ 105.7890174, 21.0174527 ], [ 105.7889826, 21.0174964 ], [ 105.788994, 21.0175043 ] ] ] } },
{ "type": "Feature", "properties": { "element": "way", "id": 1116480598, "estimated_height": 12.0 }, "geometry": { "type": "Polygon", "coordinates": [ [ [ 105.7899184, 21.0208359 ], [ 105.79011, 21.0204888 ], [ 105.7902505, 21.0205563 ], [ 105.7901378, 21.0207607 ], [ 105.7902157, 21.0207982 ], [ 105.7902372, 21.0208451 ], [ 105.7902184, 21.0208858 ], [ 105.7901725, 21.0208937 ], [ 105.7901445, 21.0209446 ], [ 105.7899184, 21.0208359 ] ] ] } },
{ "type": "Feature", "properties": { "element": "way", "id": 1158567510, "estimated_height": 12.0 }, "geometry": { "type": "Polygon", "coordinates": [ [ [ 105.7905961, 21.0172515 ], [ 105.7906527, 21.0171643 ], [ 105.7907828, 21.0172379 ], [ 105.7907261, 21.0173251 ], [ 105.7905961, 21.0172515 ] ] ] } },
{ "type": "Feature", "properties": { "element": "way", "id": 1193301886, "estimated_height": 12.0 }, "geometry": { "type": "Polygon", "coordinates": [ [ [ 105.7896884, 21.0170556 ], [ 105.7897798, 21.0171029 ], [ 105.7898109, 21.0170553 ], [ 105.7898659, 21.0169627 ], [ 105.7897827, 21.016918 ], [ 105.7897576, 21.0169607 ], [ 105.7897493, 21.0169561 ], [ 105.7897251, 21.0169979 ], [ 105.7896884, 21.0170556 ] ] ] } },
{ "type": "Feature", "properties": { "element": "way", "id": 1194822418, "estimated_height": 12.0 }, "geometry": { "type": "Polygon", "coordinates": [ [ [ 105.7855409, 21.0119807 ], [ 105.7858337, 21.0121915 ], [ 105.7860945, 21.0118773 ], [ 105.7862286, 21.0117142 ], [ 105.7857356, 21.0113609 ], [ 105.7856487, 21.0114667 ], [ 105.7853986, 21.0112866 ], [ 105.7851615, 21.0115734 ], [ 105.785074, 21.01151 ], [ 105.7849349, 21.0116771 ], [ 105.7854704, 21.0120654 ], [ 105.7855409, 21.0119807 ] ] ] } },
{ "type": "Feature", "properties": { "element": "way", "id": 1209822362, "estimated_height": 12.0 }, "geometry": { "type": "Polygon", "coordinates": [ [ [ 105.7812202, 21.0140737 ], [ 105.7813761, 21.0138938 ], [ 105.7815199, 21.0140023 ], [ 105.7814252, 21.0141115 ], [ 105.781364, 21.0141822 ], [ 105.7812202, 21.0140737 ] ] ] } },
{ "type": "Feature", "properties": { "element": "way", "id": 1209822363, "estimated_height": 12.0 }, "geometry": { "type": "Polygon", "coordinates": [ [ [ 105.7819358, 21.0139573 ], [ 105.7819819, 21.0138995 ], [ 105.7820306, 21.0139333 ], [ 105.7819844, 21.0139911 ], [ 105.7819358, 21.0139573 ] ] ] } },
{ "type": "Feature", "properties": { "element": "way", "id": 1209822364, "estimated_height": 12.0 }, "geometry": { "type": "Polygon", "coordinates": [ [ [ 105.7814244, 21.0138734 ], [ 105.7814801, 21.0138017 ], [ 105.7815162, 21.0138261 ], [ 105.7814605, 21.0138979 ], [ 105.7814244, 21.0138734 ] ] ] } },
{ "type": "Feature", "properties": { "element": "way", "id": 1229850431, "estimated_height": 12.0 }, "geometry": { "type": "Polygon", "coordinates": [ [ [ 105.7788664, 21.0186588 ], [ 105.7789335, 21.0185761 ], [ 105.7790373, 21.0186495 ], [ 105.779134, 21.0185303 ], [ 105.7791025, 21.0185081 ], [ 105.7791594, 21.0184379 ], [ 105.7787843, 21.0181726 ], [ 105.7788627, 21.018076 ], [ 105.7793315, 21.0184075 ], [ 105.7793378, 21.0184424 ], [ 105.7790816, 21.0187582 ], [ 105.7790166, 21.018765 ], [ 105.7788664, 21.0186588 ] ] ] } },
{ "type": "Feature", "properties": { "element": "way", "id": 1236893487, "estimated_height": 12.0 }, "geometry": { "type": "Polygon", "coordinates": [ [ [ 105.7839282, 21.0207594 ], [ 105.7840061, 21.0206556 ], [ 105.7836735, 21.0204268 ], [ 105.7836528, 21.020452 ], [ 105.7836389, 21.0204429 ], [ 105.7837987, 21.0202442 ], [ 105.7837923, 21.0202382 ], [ 105.7838261, 21.0201952 ], [ 105.7837252, 21.0201248 ], [ 105.7836905, 21.0201673 ], [ 105.7836819, 21.0201604 ], [ 105.7835209, 21.0203617 ], [ 105.7835296, 21.0203678 ], [ 105.783493, 21.0204223 ], [ 105.7836121, 21.0205029 ], [ 105.7835948, 21.0205289 ], [ 105.7839282, 21.0207594 ] ] ] } },
{ "type": "Feature", "properties": { "element": "way", "id": 1245402860, "estimated_height": 12.0 }, "geometry": { "type": "Polygon", "coordinates": [ [ [ 105.7782962, 21.0224806 ], [ 105.778214, 21.0224287 ], [ 105.777992, 21.0227109 ], [ 105.7780714, 21.0227655 ], [ 105.7782962, 21.0224806 ] ] ] } },
{ "type": "Feature", "properties": { "element": "way", "id": 1273269319, "estimated_height": 12.0 }, "geometry": { "type": "Polygon", "coordinates": [ [ [ 105.7787857, 21.0201941 ], [ 105.7788175, 21.0201645 ], [ 105.7787422, 21.020094 ], [ 105.7787104, 21.0201236 ], [ 105.7787857, 21.0201941 ] ] ] } },
{ "type": "Feature", "properties": { "element": "way", "id": 1273269320, "estimated_height": 12.0 }, "geometry": { "type": "Polygon", "coordinates": [ [ [ 105.7778558, 21.0213627 ], [ 105.7778364, 21.0213356 ], [ 105.7777082, 21.0214157 ], [ 105.7777276, 21.0214428 ], [ 105.7778558, 21.0213627 ] ] ] } },
{ "type": "Feature", "properties": { "element": "way", "id": 1273269321, "estimated_height": 12.0 }, "geometry": { "type": "Polygon", "coordinates": [ [ [ 105.7789623, 21.0199809 ], [ 105.7788343, 21.0201396 ], [ 105.7788852, 21.0201754 ], [ 105.7790132, 21.0200167 ], [ 105.7789623, 21.0199809 ] ] ] } },
{ "type": "Feature", "properties": { "element": "way", "id": 1273269322, "estimated_height": 12.0 }, "geometry": { "type": "Polygon", "coordinates": [ [ [ 105.7785544, 21.021099 ], [ 105.7784074, 21.0212535 ], [ 105.7783999, 21.0212614 ], [ 105.7784479, 21.0213012 ], [ 105.7786025, 21.0211389 ], [ 105.7785544, 21.021099 ] ] ] } },
{ "type": "Feature", "properties": { "element": "way", "id": 1273269323, "estimated_height": 12.0 }, "geometry": { "type": "Polygon", "coordinates": [ [ [ 105.7791015, 21.0208718 ], [ 105.7791312, 21.020835 ], [ 105.7790128, 21.0207518 ], [ 105.7790055, 21.0207608 ], [ 105.7789831, 21.0207886 ], [ 105.7791015, 21.0208718 ] ] ] } },
{ "type": "Feature", "properties": { "element": "way", "id": 1273269450, "estimated_height": 12.0 }, "geometry": { "type": "Polygon", "coordinates": [ [ [ 105.7786428, 21.0198139 ], [ 105.7786755, 21.0197761 ], [ 105.7785714, 21.0196975 ], [ 105.7785387, 21.0197353 ], [ 105.7786428, 21.0198139 ] ] ] } },
{ "type": "Feature", "properties": { "element": "way", "id": 1273269451, "estimated_height": 12.0 }, "geometry": { "type": "Polygon", "coordinates": [ [ [ 105.7784928, 21.0197883 ], [ 105.7785969, 21.0198669 ], [ 105.7786428, 21.0198139 ], [ 105.7785387, 21.0197353 ], [ 105.7784928, 21.0197883 ] ] ] } },
{ "type": "Feature", "properties": { "element": "way", "id": 1273269452, "estimated_height": 12.0 }, "geometry": { "type": "Polygon", "coordinates": [ [ [ 105.7785706, 21.0198972 ], [ 105.7785969, 21.0198669 ], [ 105.7784928, 21.0197883 ], [ 105.7784665, 21.0198186 ], [ 105.7785706, 21.0198972 ] ] ] } },
{ "type": "Feature", "properties": { "element": "way", "id": 1273269453, "estimated_height": 12.0 }, "geometry": { "type": "Polygon", "coordinates": [ [ [ 105.7784411, 21.0198478 ], [ 105.7785453, 21.0199265 ], [ 105.7785706, 21.0198972 ], [ 105.7784665, 21.0198186 ], [ 105.7784411, 21.0198478 ] ] ] } },
{ "type": "Feature", "properties": { "element": "way", "id": 1273269454, "estimated_height": 12.0 }, "geometry": { "type": "Polygon", "coordinates": [ [ [ 105.778497, 21.0199822 ], [ 105.7785453, 21.0199265 ], [ 105.7784411, 21.0198478 ], [ 105.7783929, 21.0199036 ], [ 105.778497, 21.0199822 ] ] ] } },
{ "type": "Feature", "properties": { "element": "way", "id": 1273269455, "estimated_height": 12.0 }, "geometry": { "type": "Polygon", "coordinates": [ [ [ 105.778356, 21.0199461 ], [ 105.7784601, 21.0200247 ], [ 105.778497, 21.0199822 ], [ 105.7783929, 21.0199036 ], [ 105.778356, 21.0199461 ] ] ] } },
{ "type": "Feature", "properties": { "element": "way", "id": 1273269456, "estimated_height": 12.0 }, "geometry": { "type": "Polygon", "coordinates": [ [ [ 105.7784258, 21.0200643 ], [ 105.7784601, 21.0200247 ], [ 105.778356, 21.0199461 ], [ 105.7783217, 21.0199856 ], [ 105.7784258, 21.0200643 ] ] ] } },
{ "type": "Feature", "properties": { "element": "way", "id": 1273269457, "estimated_height": 12.0 }, "geometry": { "type": "Polygon", "coordinates": [ [ [ 105.7782524, 21.0200657 ], [ 105.7783565, 21.0201443 ], [ 105.7784258, 21.0200643 ], [ 105.7783217, 21.0199856 ], [ 105.7782524, 21.0200657 ] ] ] } },
{ "type": "Feature", "properties": { "element": "way", "id": 1273269458, "estimated_height": 12.0 }, "geometry": { "type": "Polygon", "coordinates": [ [ [ 105.7783206, 21.0201857 ], [ 105.7783565, 21.0201443 ], [ 105.7782524, 21.0200657 ], [ 105.7782165, 21.0201071 ], [ 105.7783206, 21.0201857 ] ] ] } },
{ "type": "Feature", "properties": { "element": "way", "id": 1273269459, "estimated_height": 12.0 }, "geometry": { "type": "Polygon", "coordinates": [ [ [ 105.7781834, 21.0201452 ], [ 105.7782876, 21.0202238 ], [ 105.7783206, 21.0201857 ], [ 105.7782165, 21.0201071 ], [ 105.7781834, 21.0201452 ] ] ] } },
{ "type": "Feature", "properties": { "element": "way", "id": 1273269462, "estimated_height": 12.0 }, "geometry": { "type": "Polygon", "coordinates": [ [ [ 105.7781129, 21.0204253 ], [ 105.7782506, 21.0202664 ], [ 105.7781938, 21.0202235 ], [ 105.7780945, 21.020338 ], [ 105.7780561, 21.0203823 ], [ 105.7781129, 21.0204253 ] ] ] } },
{ "type": "Feature", "properties": { "element": "way", "id": 1273269463, "estimated_height": 12.0 }, "geometry": { "type": "Polygon", "coordinates": [ [ [ 105.7787058, 21.0201162 ], [ 105.7787362, 21.0200852 ], [ 105.7787368, 21.0200846 ], [ 105.778649, 21.0200094 ], [ 105.778618, 21.0200409 ], [ 105.7787058, 21.0201162 ] ] ] } },
{ "type": "Feature", "properties": { "element": "way", "id": 1273269466, "estimated_height": 12.0 }, "geometry": { "type": "Polygon", "coordinates": [ [ [ 105.7785847, 21.0202091 ], [ 105.7786266, 21.0201665 ], [ 105.7785548, 21.020105 ], [ 105.7785129, 21.0201476 ], [ 105.7785847, 21.0202091 ] ] ] } },
{ "type": "Feature", "properties": { "element": "way", "id": 1273269467, "estimated_height": 12.0 }, "geometry": { "type": "Polygon", "coordinates": [ [ [ 105.7784859, 21.020174 ], [ 105.7785583, 21.020236 ], [ 105.7785847, 21.0202091 ], [ 105.7785129, 21.0201476 ], [ 105.7785123, 21.0201471 ], [ 105.7784859, 21.020174 ] ] ] } },
{ "type": "Feature", "properties": { "element": "way", "id": 1273269469, "estimated_height": 12.0 }, "geometry": { "type": "Polygon", "coordinates": [ [ [ 105.7783454, 21.0203169 ], [ 105.7784115, 21.0203736 ], [ 105.778468, 21.0203161 ], [ 105.7784019, 21.0202595 ], [ 105.7783454, 21.0203169 ] ] ] } },
{ "type": "Feature", "properties": { "element": "way", "id": 1273269471, "estimated_height": 12.0 }, "geometry": { "type": "Polygon", "coordinates": [ [ [ 105.7782699, 21.020394 ], [ 105.7781666, 21.0204988 ], [ 105.7782161, 21.0205413 ], [ 105.7783194, 21.0204365 ], [ 105.7782699, 21.020394 ] ] ] } },
{ "type": "Feature", "properties": { "element": "way", "id": 1273269472, "estimated_height": 12.0 }, "geometry": { "type": "Polygon", "coordinates": [ [ [ 105.7786065, 21.0200525 ], [ 105.7786477, 21.0200094 ], [ 105.7785593, 21.0199474 ], [ 105.7785248, 21.0199824 ], [ 105.7786065, 21.0200525 ] ] ] } },
{ "type": "Feature", "properties": { "element": "way", "id": 1273269473, "estimated_height": 12.0 }, "geometry": { "type": "Polygon", "coordinates": [ [ [ 105.7785766, 21.0200828 ], [ 105.7786065, 21.0200525 ], [ 105.7785248, 21.0199824 ], [ 105.778495, 21.0200126 ], [ 105.7785766, 21.0200828 ] ] ] } },
{ "type": "Feature", "properties": { "element": "way", "id": 1273269474, "estimated_height": 12.0 }, "geometry": { "type": "Polygon", "coordinates": [ [ [ 105.7785548, 21.020105 ], [ 105.7785766, 21.0200828 ], [ 105.778495, 21.0200126 ], [ 105.7784731, 21.0200348 ], [ 105.7785548, 21.020105 ] ] ] } },
{ "type": "Feature", "properties": { "element": "way", "id": 1273269475, "estimated_height": 12.0 }, "geometry": { "type": "Polygon", "coordinates": [ [ [ 105.7785138, 21.0201465 ], [ 105.7785548, 21.020105 ], [ 105.7784731, 21.0200348 ], [ 105.7784322, 21.0200764 ], [ 105.7785138, 21.0201465 ] ] ] } },
{ "type": "Feature", "properties": { "element": "way", "id": 1273269480, "estimated_height": 12.0 }, "geometry": { "type": "Polygon", "coordinates": [ [ [ 105.7782387, 21.0203239 ], [ 105.778293, 21.0203706 ], [ 105.7783262, 21.0203369 ], [ 105.7782719, 21.0202903 ], [ 105.7782387, 21.0203239 ] ] ] } },
{ "type": "Feature", "properties": { "element": "way", "id": 1273269481, "estimated_height": 12.0 }, "geometry": { "type": "Polygon", "coordinates": [ [ [ 105.7781666, 21.0204988 ], [ 105.7782699, 21.020394 ], [ 105.778293, 21.0203706 ], [ 105.7782387, 21.0203239 ], [ 105.7781123, 21.0204522 ], [ 105.7781666, 21.0204988 ] ] ] } },
{ "type": "Feature", "properties": { "element": "way", "id": 1273269482, "estimated_height": 12.0 }, "geometry": { "type": "Polygon", "coordinates": [ [ [ 105.7789072, 21.0202486 ], [ 105.7789351, 21.0202227 ], [ 105.7788849, 21.0201757 ], [ 105.778857, 21.0202016 ], [ 105.7789072, 21.0202486 ] ] ] } },
{ "type": "Feature", "properties": { "element": "way", "id": 1273269484, "estimated_height": 12.0 }, "geometry": { "type": "Polygon", "coordinates": [ [ [ 105.7788475, 21.0203042 ], [ 105.7788754, 21.0202782 ], [ 105.7787857, 21.0201941 ], [ 105.7787578, 21.0202201 ], [ 105.7788475, 21.0203042 ] ] ] } },
{ "type": "Feature", "properties": { "element": "way", "id": 1273269487, "estimated_height": 12.0 }, "geometry": { "type": "Polygon", "coordinates": [ [ [ 105.7787064, 21.0204354 ], [ 105.7788145, 21.0203348 ], [ 105.7787745, 21.0202973 ], [ 105.7786689, 21.0203955 ], [ 105.7786664, 21.0203979 ], [ 105.7787064, 21.0204354 ] ] ] } },
{ "type": "Feature", "properties": { "element": "way", "id": 1273269488, "estimated_height": 12.0 }, "geometry": { "type": "Polygon", "coordinates": [ [ [ 105.778546, 21.020417 ], [ 105.7786357, 21.0205011 ], [ 105.7786863, 21.0204541 ], [ 105.7785965, 21.02037 ], [ 105.7785804, 21.020385 ], [ 105.778546, 21.020417 ] ] ] } },
{ "type": "Feature", "properties": { "element": "way", "id": 1273269489, "estimated_height": 12.0 }, "geometry": { "type": "Polygon", "coordinates": [ [ [ 105.7785835, 21.0205497 ], [ 105.7786357, 21.0205011 ], [ 105.778546, 21.020417 ], [ 105.7785245, 21.020437 ], [ 105.7784937, 21.0204656 ], [ 105.7785835, 21.0205497 ] ] ] } },
{ "type": "Feature", "properties": { "element": "way", "id": 1273269490, "estimated_height": 12.0 }, "geometry": { "type": "Polygon", "coordinates": [ [ [ 105.7784633, 21.0204939 ], [ 105.7785531, 21.020578 ], [ 105.7785835, 21.0205497 ], [ 105.7784937, 21.0204656 ], [ 105.7784803, 21.0204781 ], [ 105.7784633, 21.0204939 ] ] ] } },
{ "type": "Feature", "properties": { "element": "way", "id": 1273269491, "estimated_height": 12.0 }, "geometry": { "type": "Polygon", "coordinates": [ [ [ 105.778521, 21.0206078 ], [ 105.7785531, 21.020578 ], [ 105.7784633, 21.0204939 ], [ 105.7784522, 21.0205042 ], [ 105.7784313, 21.0205237 ], [ 105.778521, 21.0206078 ] ] ] } },
{ "type": "Feature", "properties": { "element": "way", "id": 1273269492, "estimated_height": 12.0 }, "geometry": { "type": "Polygon", "coordinates": [ [ [ 105.7787576, 21.0202202 ], [ 105.7787857, 21.0201941 ], [ 105.7787104, 21.0201236 ], [ 105.7786823, 21.0201497 ], [ 105.7787576, 21.0202202 ] ] ] } },
{ "type": "Feature", "properties": { "element": "way", "id": 1273269493, "estimated_height": 12.0 }, "geometry": { "type": "Polygon", "coordinates": [ [ [ 105.7786338, 21.0201948 ], [ 105.7787091, 21.0202654 ], [ 105.7787248, 21.0202508 ], [ 105.7787576, 21.0202202 ], [ 105.7786823, 21.0201497 ], [ 105.7786338, 21.0201948 ] ] ] } },
{ "type": "Feature", "properties": { "element": "way", "id": 1273269494, "estimated_height": 12.0 }, "geometry": { "type": "Polygon", "coordinates": [ [ [ 105.7786595, 21.0203115 ], [ 105.7787091, 21.0202654 ], [ 105.7786338, 21.0201948 ], [ 105.7785842, 21.0202409 ], [ 105.7786595, 21.0203115 ] ] ] } },
{ "type": "Feature", "properties": { "element": "way", "id": 1273269495, "estimated_height": 12.0 }, "geometry": { "type": "Polygon", "coordinates": [ [ [ 105.7785439, 21.0202784 ], [ 105.7786192, 21.0203489 ], [ 105.7786595, 21.0203115 ], [ 105.7785842, 21.0202409 ], [ 105.7785439, 21.0202784 ] ] ] } },
{ "type": "Feature", "properties": { "element": "way", "id": 1273269496, "estimated_height": 12.0 }, "geometry": { "type": "Polygon", "coordinates": [ [ [ 105.7785052, 21.0203145 ], [ 105.7785804, 21.020385 ], [ 105.7785965, 21.02037 ], [ 105.7786192, 21.0203489 ], [ 105.7785439, 21.0202784 ], [ 105.7785052, 21.0203145 ] ] ] } },
{ "type": "Feature", "properties": { "element": "way", "id": 1273269497, "estimated_height": 12.0 }, "geometry": { "type": "Polygon", "coordinates": [ [ [ 105.7785245, 21.020437 ], [ 105.778546, 21.020417 ], [ 105.7785804, 21.020385 ], [ 105.7785052, 21.0203145 ], [ 105.7784492, 21.0203665 ], [ 105.7785245, 21.020437 ] ] ] } },
{ "type": "Feature", "properties": { "element": "way", "id": 1273269498, "estimated_height": 12.0 }, "geometry": { "type": "Polygon", "coordinates": [ [ [ 105.7784051, 21.0204076 ], [ 105.7784803, 21.0204781 ], [ 105.7784937, 21.0204656 ], [ 105.7785245, 21.020437 ], [ 105.7784492, 21.0203665 ], [ 105.7784051, 21.0204076 ] ] ] } },
{ "type": "Feature", "properties": { "element": "way", "id": 1273269499, "estimated_height": 12.0 }, "geometry": { "type": "Polygon", "coordinates": [ [ [ 105.7784522, 21.0205042 ], [ 105.7784633, 21.0204939 ], [ 105.7784803, 21.0204781 ], [ 105.7784051, 21.0204076 ], [ 105.778377, 21.0204337 ], [ 105.7784522, 21.0205042 ] ] ] } },
{ "type": "Feature", "properties": { "element": "way", "id": 1273269500, "estimated_height": 12.0 }, "geometry": { "type": "Polygon", "coordinates": [ [ [ 105.7783433, 21.020465 ], [ 105.7784186, 21.0205355 ], [ 105.7784313, 21.0205237 ], [ 105.7784522, 21.0205042 ], [ 105.778377, 21.0204337 ], [ 105.7783433, 21.020465 ] ] ] } },
{ "type": "Feature", "properties": { "element": "way", "id": 1273269501, "estimated_height": 12.0 }, "geometry": { "type": "Polygon", "coordinates": [ [ [ 105.7787, 21.0207895 ], [ 105.778755, 21.0207503 ], [ 105.7787032, 21.020687 ], [ 105.7786483, 21.0207263 ], [ 105.7787, 21.0207895 ] ] ] } },
{ "type": "Feature", "properties": { "element": "way", "id": 1273269502, "estimated_height": 12.0 }, "geometry": { "type": "Polygon", "coordinates": [ [ [ 105.7785086, 21.0206512 ], [ 105.7785411, 21.0206868 ], [ 105.778587, 21.020737 ], [ 105.7786658, 21.0206741 ], [ 105.7785874, 21.0205884 ], [ 105.7785086, 21.0206512 ] ] ] } },
{ "type": "Feature", "properties": { "element": "way", "id": 1273269503, "estimated_height": 12.0 }, "geometry": { "type": "Polygon", "coordinates": [ [ [ 105.7788362, 21.0206396 ], [ 105.7786763, 21.02051 ], [ 105.7785955, 21.0205969 ], [ 105.7787555, 21.0207264 ], [ 105.7788362, 21.0206396 ] ] ] } },
{ "type": "Feature", "properties": { "element": "way", "id": 1273269504, "estimated_height": 12.0 }, "geometry": { "type": "Polygon", "coordinates": [ [ [ 105.7787238, 21.0204589 ], [ 105.7786763, 21.02051 ], [ 105.7788362, 21.0206396 ], [ 105.7788837, 21.0205885 ], [ 105.7787238, 21.0204589 ] ] ] } },
{ "type": "Feature", "properties": { "element": "way", "id": 1273269507, "estimated_height": 12.0 }, "geometry": { "type": "Polygon", "coordinates": [ [ [ 105.7788336, 21.0203407 ], [ 105.7787597, 21.0204202 ], [ 105.7788321, 21.0204789 ], [ 105.778906, 21.0203993 ], [ 105.7788336, 21.0203407 ] ] ] } },
{ "type": "Feature", "properties": { "element": "way", "id": 1273269508, "estimated_height": 12.0 }, "geometry": { "type": "Polygon", "coordinates": [ [ [ 105.7790392, 21.0204212 ], [ 105.7788792, 21.0202917 ], [ 105.7788336, 21.0203407 ], [ 105.778906, 21.0203993 ], [ 105.7789936, 21.0204702 ], [ 105.7790392, 21.0204212 ] ] ] } },
{ "type": "Feature", "properties": { "element": "way", "id": 1273269509, "estimated_height": 12.0 }, "geometry": { "type": "Polygon", "coordinates": [ [ [ 105.7789116, 21.0202567 ], [ 105.7788792, 21.0202917 ], [ 105.7790392, 21.0204212 ], [ 105.7790716, 21.0203862 ], [ 105.7789116, 21.0202567 ] ] ] } },
{ "type": "Feature", "properties": { "element": "way", "id": 1273269510, "estimated_height": 12.0 }, "geometry": { "type": "Polygon", "coordinates": [ [ [ 105.7791118, 21.0203346 ], [ 105.7790716, 21.0203862 ], [ 105.7789116, 21.0202567 ], [ 105.7789458, 21.020218 ], [ 105.7791118, 21.0203346 ] ] ] } },
{ "type": "Feature", "properties": { "element": "way", "id": 1273269511, "estimated_height": 12.0 }, "geometry": { "type": "Polygon", "coordinates": [ [ [ 105.778763, 21.0210039 ], [ 105.7787445, 21.021017 ], [ 105.7788678, 21.0211643 ], [ 105.7788885, 21.0211423 ], [ 105.778763, 21.0210039 ] ] ] } },
{ "type": "Feature", "properties": { "element": "way", "id": 1273269512, "estimated_height": 12.0 }, "geometry": { "type": "Polygon", "coordinates": [ [ [ 105.7787819, 21.0209904 ], [ 105.778763, 21.0210039 ], [ 105.7788885, 21.0211423 ], [ 105.7789099, 21.0211167 ], [ 105.7787819, 21.0209904 ] ] ] } },
{ "type": "Feature", "properties": { "element": "way", "id": 1273269513, "estimated_height": 12.0 }, "geometry": { "type": "Polygon", "coordinates": [ [ [ 105.778856, 21.0209376 ], [ 105.7789716, 21.0210553 ], [ 105.7789099, 21.0211167 ], [ 105.7787819, 21.0209904 ], [ 105.778856, 21.0209376 ] ] ] } },
{ "type": "Feature", "properties": { "element": "way", "id": 1273269514, "estimated_height": 12.0 }, "geometry": { "type": "Polygon", "coordinates": [ [ [ 105.7787224, 21.02099 ], [ 105.7787445, 21.021017 ], [ 105.778763, 21.0210039 ], [ 105.7787819, 21.0209904 ], [ 105.778856, 21.0209376 ], [ 105.7788338, 21.0209105 ], [ 105.7787224, 21.02099 ] ] ] } },
{ "type": "Feature", "properties": { "element": "way", "id": 1273269515, "estimated_height": 12.0 }, "geometry": { "type": "Polygon", "coordinates": [ [ [ 105.7788106, 21.0208821 ], [ 105.7786991, 21.0209615 ], [ 105.7787224, 21.02099 ], [ 105.7788338, 21.0209105 ], [ 105.7788106, 21.0208821 ] ] ] } },
{ "type": "Feature", "properties": { "element": "way", "id": 1273269516, "estimated_height": 12.0 }, "geometry": { "type": "Polygon", "coordinates": [ [ [ 105.7786822, 21.0209408 ], [ 105.7786991, 21.0209615 ], [ 105.7788106, 21.0208821 ], [ 105.7787936, 21.0208614 ], [ 105.7786822, 21.0209408 ] ] ] } },
{ "type": "Feature", "properties": { "element": "way", "id": 1273269517, "estimated_height": 12.0 }, "geometry": { "type": "Polygon", "coordinates": [ [ [ 105.7787623, 21.0208231 ], [ 105.7786509, 21.0209026 ], [ 105.7786822, 21.0209408 ], [ 105.7787936, 21.0208614 ], [ 105.7787623, 21.0208231 ] ] ] } },
{ "type": "Feature", "properties": { "element": "way", "id": 1273269518, "estimated_height": 12.0 }, "geometry": { "type": "Polygon", "coordinates": [ [ [ 105.7786106, 21.0208533 ], [ 105.7786242, 21.0208699 ], [ 105.7786509, 21.0209026 ], [ 105.7787623, 21.0208231 ], [ 105.778722, 21.0207739 ], [ 105.7786106, 21.0208533 ] ] ] } },
{ "type": "Feature", "properties": { "element": "way", "id": 1273269519, "estimated_height": 12.0 }, "geometry": { "type": "Polygon", "coordinates": [ [ [ 105.7786106, 21.0208533 ], [ 105.7787, 21.0207895 ], [ 105.7786483, 21.0207263 ], [ 105.7785588, 21.02079 ], [ 105.7786106, 21.0208533 ] ] ] } },
{ "type": "Feature", "properties": { "element": "way", "id": 1273269522, "estimated_height": 12.0 }, "geometry": { "type": "Polygon", "coordinates": [ [ [ 105.7786517, 21.0211191 ], [ 105.7786845, 21.0211592 ], [ 105.7787959, 21.0210798 ], [ 105.7787631, 21.0210397 ], [ 105.7786517, 21.0211191 ] ] ] } },
{ "type": "Feature", "properties": { "element": "way", "id": 1273269524, "estimated_height": 12.0 }, "geometry": { "type": "Polygon", "coordinates": [ [ [ 105.7786775, 21.0209351 ], [ 105.7785661, 21.0210145 ], [ 105.7785947, 21.0210495 ], [ 105.7787061, 21.0209701 ], [ 105.7786775, 21.0209351 ] ] ] } },
{ "type": "Feature", "properties": { "element": "way", "id": 1273269525, "estimated_height": 12.0 }, "geometry": { "type": "Polygon", "coordinates": [ [ [ 105.7785417, 21.0209847 ], [ 105.7785661, 21.0210145 ], [ 105.7786775, 21.0209351 ], [ 105.7786531, 21.0209053 ], [ 105.7785417, 21.0209847 ] ] ] } },
{ "type": "Feature", "properties": { "element": "way", "id": 1273269526, "estimated_height": 12.0 }, "geometry": { "type": "Polygon", "coordinates": [ [ [ 105.7786242, 21.0208699 ], [ 105.7785128, 21.0209493 ], [ 105.7785417, 21.0209847 ], [ 105.7786531, 21.0209053 ], [ 105.7786242, 21.0208699 ] ] ] } },
{ "type": "Feature", "properties": { "element": "way", "id": 1273269528, "estimated_height": 12.0 }, "geometry": { "type": "Polygon", "coordinates": [ [ [ 105.7783902, 21.0208071 ], [ 105.778436, 21.0208572 ], [ 105.7785103, 21.0207981 ], [ 105.778587, 21.020737 ], [ 105.7785411, 21.0206868 ], [ 105.7783902, 21.0208071 ] ] ] } },
{ "type": "Feature", "properties": { "element": "way", "id": 1273269529, "estimated_height": 12.0 }, "geometry": { "type": "Polygon", "coordinates": [ [ [ 105.7784975, 21.020639 ], [ 105.7783465, 21.0207593 ], [ 105.7783902, 21.0208071 ], [ 105.7785411, 21.0206868 ], [ 105.7785086, 21.0206512 ], [ 105.7784975, 21.020639 ] ] ] } },
{ "type": "Feature", "properties": { "element": "way", "id": 1273269530, "estimated_height": 12.0 }, "geometry": { "type": "Polygon", "coordinates": [ [ [ 105.7784541, 21.0205916 ], [ 105.7783031, 21.0207119 ], [ 105.7783336, 21.0207452 ], [ 105.7784846, 21.0206249 ], [ 105.7784541, 21.0205916 ] ] ] } },
{ "type": "Feature", "properties": { "element": "way", "id": 1273269531, "estimated_height": 12.0 }, "geometry": { "type": "Polygon", "coordinates": [ [ [ 105.7782688, 21.0206744 ], [ 105.7783031, 21.0207119 ], [ 105.7784541, 21.0205916 ], [ 105.7784198, 21.0205541 ], [ 105.7782688, 21.0206744 ] ] ] } },
{ "type": "Feature", "properties": { "element": "way", "id": 1273269532, "estimated_height": 12.0 }, "geometry": { "type": "Polygon", "coordinates": [ [ [ 105.7782437, 21.0206469 ], [ 105.7782688, 21.0206744 ], [ 105.7784198, 21.0205541 ], [ 105.7783946, 21.0205266 ], [ 105.7782437, 21.0206469 ] ] ] } },
{ "type": "Feature", "properties": { "element": "way", "id": 1273269533, "estimated_height": 12.0 }, "geometry": { "type": "Polygon", "coordinates": [ [ [ 105.7783585, 21.0204871 ], [ 105.7782075, 21.0206074 ], [ 105.7782437, 21.0206469 ], [ 105.7783946, 21.0205266 ], [ 105.7783585, 21.0204871 ] ] ] } },
{ "type": "Feature", "properties": { "element": "way", "id": 1273269534, "estimated_height": 12.0 }, "geometry": { "type": "Polygon", "coordinates": [ [ [ 105.7781821, 21.0205796 ], [ 105.7782075, 21.0206074 ], [ 105.7783585, 21.0204871 ], [ 105.7783331, 21.0204593 ], [ 105.7781821, 21.0205796 ] ] ] } },
{ "type": "Feature", "properties": { "element": "way", "id": 1273269535, "estimated_height": 12.0 }, "geometry": { "type": "Polygon", "coordinates": [ [ [ 105.7786028, 21.019904 ], [ 105.7785653, 21.0199506 ], [ 105.778649, 21.0200094 ], [ 105.77865, 21.0200101 ], [ 105.7786876, 21.0199635 ], [ 105.7786028, 21.019904 ] ] ] } },
{ "type": "Feature", "properties": { "element": "way", "id": 1273269536, "estimated_height": 12.0 }, "geometry": { "type": "Polygon", "coordinates": [ [ [ 105.7787141, 21.0199305 ], [ 105.7786294, 21.019871 ], [ 105.7786028, 21.019904 ], [ 105.7786876, 21.0199635 ], [ 105.7787141, 21.0199305 ] ] ] } },
{ "type": "Feature", "properties": { "element": "way", "id": 1273269537, "estimated_height": 12.0 }, "geometry": { "type": "Polygon", "coordinates": [ [ [ 105.7786546, 21.0198398 ], [ 105.7786294, 21.019871 ], [ 105.7787141, 21.0199305 ], [ 105.7787393, 21.0198993 ], [ 105.7786546, 21.0198398 ] ] ] } },
{ "type": "Feature", "properties": { "element": "way", "id": 1273269538, "estimated_height": 12.0 }, "geometry": { "type": "Polygon", "coordinates": [ [ [ 105.778778, 21.0198514 ], [ 105.7786933, 21.0197918 ], [ 105.7786546, 21.0198398 ], [ 105.7787393, 21.0198993 ], [ 105.778778, 21.0198514 ] ] ] } },
{ "type": "Feature", "properties": { "element": "way", "id": 1273269539, "estimated_height": 12.0 }, "geometry": { "type": "Polygon", "coordinates": [ [ [ 105.7787141, 21.0199305 ], [ 105.7786876, 21.0199635 ], [ 105.77865, 21.0200101 ], [ 105.7787118, 21.0200536 ], [ 105.778776, 21.019974 ], [ 105.7787141, 21.0199305 ] ] ] } },
{ "type": "Feature", "properties": { "element": "way", "id": 1273269540, "estimated_height": 12.0 }, "geometry": { "type": "Polygon", "coordinates": [ [ [ 105.7788398, 21.0198948 ], [ 105.778778, 21.0198514 ], [ 105.7787393, 21.0198993 ], [ 105.7787141, 21.0199305 ], [ 105.778776, 21.019974 ], [ 105.7788398, 21.0198948 ] ] ] } },
{ "type": "Feature", "properties": { "element": "way", "id": 1273269541, "estimated_height": 12.0 }, "geometry": { "type": "Polygon", "coordinates": [ [ [ 105.7788697, 21.0199159 ], [ 105.7788398, 21.0198948 ], [ 105.778776, 21.019974 ], [ 105.7787118, 21.0200536 ], [ 105.7787417, 21.0200746 ], [ 105.7788697, 21.0199159 ] ] ] } },
{ "type": "Feature", "properties": { "element": "way", "id": 1273269542, "estimated_height": 12.0 }, "geometry": { "type": "Polygon", "coordinates": [ [ [ 105.7787795, 21.0201011 ], [ 105.7789075, 21.0199424 ], [ 105.7788697, 21.0199159 ], [ 105.7787417, 21.0200746 ], [ 105.7787795, 21.0201011 ] ] ] } },
{ "type": "Feature", "properties": { "element": "way", "id": 1273269543, "estimated_height": 12.0 }, "geometry": { "type": "Polygon", "coordinates": [ [ [ 105.7789623, 21.0199809 ], [ 105.7789075, 21.0199424 ], [ 105.7787795, 21.0201011 ], [ 105.7788343, 21.0201396 ], [ 105.7789623, 21.0199809 ] ] ] } },
{ "type": "Feature", "properties": { "element": "way", "id": 1273269544, "estimated_height": 12.0 }, "geometry": { "type": "Polygon", "coordinates": [ [ [ 105.7790433, 21.0200378 ], [ 105.7790132, 21.0200167 ], [ 105.7788852, 21.0201754 ], [ 105.7789153, 21.0201966 ], [ 105.7790433, 21.0200378 ] ] ] } },
{ "type": "Feature", "properties": { "element": "way", "id": 1273269546, "estimated_height": 12.0 }, "geometry": { "type": "Polygon", "coordinates": [ [ [ 105.7789823, 21.0201959 ], [ 105.7790025, 21.0202101 ], [ 105.7791059, 21.0200818 ], [ 105.7790858, 21.0200677 ], [ 105.7789823, 21.0201959 ] ] ] } },
{ "type": "Feature", "properties": { "element": "way", "id": 1273269547, "estimated_height": 12.0 }, "geometry": { "type": "Polygon", "coordinates": [ [ [ 105.7791333, 21.0201011 ], [ 105.7791059, 21.0200818 ], [ 105.7790025, 21.0202101 ], [ 105.7790299, 21.0202294 ], [ 105.7791333, 21.0201011 ] ] ] } },
{ "type": "Feature", "properties": { "element": "way", "id": 1273269548, "estimated_height": 12.0 }, "geometry": { "type": "Polygon", "coordinates": [ [ [ 105.7790548, 21.0202468 ], [ 105.7791582, 21.0201186 ], [ 105.7791333, 21.0201011 ], [ 105.7790299, 21.0202294 ], [ 105.7790548, 21.0202468 ] ] ] } },
{ "type": "Feature", "properties": { "element": "way", "id": 1273269549, "estimated_height": 12.0 }, "geometry": { "type": "Polygon", "coordinates": [ [ [ 105.7791796, 21.0201336 ], [ 105.7791582, 21.0201186 ], [ 105.7790548, 21.0202468 ], [ 105.7790762, 21.0202619 ], [ 105.7791796, 21.0201336 ] ] ] } },
{ "type": "Feature", "properties": { "element": "way", "id": 1273269550, "estimated_height": 12.0 }, "geometry": { "type": "Polygon", "coordinates": [ [ [ 105.7791027, 21.0202805 ], [ 105.7792062, 21.0201523 ], [ 105.7791796, 21.0201336 ], [ 105.7790762, 21.0202619 ], [ 105.7791027, 21.0202805 ] ] ] } },
{ "type": "Feature", "properties": { "element": "way", "id": 1273269551, "estimated_height": 12.0 }, "geometry": { "type": "Polygon", "coordinates": [ [ [ 105.7791364, 21.0203042 ], [ 105.7792398, 21.0201759 ], [ 105.7792062, 21.0201523 ], [ 105.7791027, 21.0202805 ], [ 105.7791364, 21.0203042 ] ] ] } },
{ "type": "Feature", "properties": { "element": "way", "id": 1273269553, "estimated_height": 12.0 }, "geometry": { "type": "Polygon", "coordinates": [ [ [ 105.7794587, 21.0204289 ], [ 105.7795029, 21.0203741 ], [ 105.7793845, 21.0202909 ], [ 105.7793402, 21.0203457 ], [ 105.7794587, 21.0204289 ] ] ] } },
{ "type": "Feature", "properties": { "element": "way", "id": 1273269554, "estimated_height": 12.0 }, "geometry": { "type": "Polygon", "coordinates": [ [ [ 105.7793154, 21.0203765 ], [ 105.7794338, 21.0204597 ], [ 105.7794587, 21.0204289 ], [ 105.7793402, 21.0203457 ], [ 105.7793154, 21.0203765 ] ] ] } },
{ "type": "Feature", "properties": { "element": "way", "id": 1273269555, "estimated_height": 12.0 }, "geometry": { "type": "Polygon", "coordinates": [ [ [ 105.7793937, 21.0205096 ], [ 105.7794338, 21.0204597 ], [ 105.7793154, 21.0203765 ], [ 105.7792788, 21.0204219 ], [ 105.7792752, 21.0204264 ], [ 105.7793937, 21.0205096 ] ] ] } },
{ "type": "Feature", "properties": { "element": "way", "id": 1273269556, "estimated_height": 12.0 }, "geometry": { "type": "Polygon", "coordinates": [ [ [ 105.7792293, 21.0204833 ], [ 105.7793477, 21.0205665 ], [ 105.7793937, 21.0205096 ], [ 105.7792752, 21.0204264 ], [ 105.7792607, 21.0204444 ], [ 105.7792293, 21.0204833 ] ] ] } },
{ "type": "Feature", "properties": { "element": "way", "id": 1273269557, "estimated_height": 12.0 }, "geometry": { "type": "Polygon", "coordinates": [ [ [ 105.779329, 21.0205898 ], [ 105.7793477, 21.0205665 ], [ 105.7792293, 21.0204833 ], [ 105.7792149, 21.0205012 ], [ 105.7792106, 21.0205066 ], [ 105.779329, 21.0205898 ] ] ] } },
{ "type": "Feature", "properties": { "element": "way", "id": 1273269558, "estimated_height": 12.0 }, "geometry": { "type": "Polygon", "coordinates": [ [ [ 105.7791933, 21.020528 ], [ 105.7793117, 21.0206112 ], [ 105.779329, 21.0205898 ], [ 105.7792106, 21.0205066 ], [ 105.7791933, 21.020528 ] ] ] } },
{ "type": "Feature", "properties": { "element": "way", "id": 1273269559, "estimated_height": 12.0 }, "geometry": { "type": "Polygon", "coordinates": [ [ [ 105.779247, 21.0206914 ], [ 105.7793117, 21.0206112 ], [ 105.7791933, 21.020528 ], [ 105.7791709, 21.0205558 ], [ 105.7791286, 21.0206082 ], [ 105.779247, 21.0206914 ] ] ] } },
{ "type": "Feature", "properties": { "element": "way", "id": 1273269560, "estimated_height": 12.0 }, "geometry": { "type": "Polygon", "coordinates": [ [ [ 105.7791044, 21.0206382 ], [ 105.7792228, 21.0207214 ], [ 105.779247, 21.0206914 ], [ 105.7791286, 21.0206082 ], [ 105.7791236, 21.0206144 ], [ 105.7791044, 21.0206382 ] ] ] } },
{ "type": "Feature", "properties": { "element": "way", "id": 1273269561, "estimated_height": 12.0 }, "geometry": { "type": "Polygon", "coordinates": [ [ [ 105.7791988, 21.0207512 ], [ 105.7792228, 21.0207214 ], [ 105.7791044, 21.0206382 ], [ 105.7790804, 21.020668 ], [ 105.7791988, 21.0207512 ] ] ] } },
{ "type": "Feature", "properties": { "element": "way", "id": 1273269562, "estimated_height": 12.0 }, "geometry": { "type": "Polygon", "coordinates": [ [ [ 105.7790588, 21.0206948 ], [ 105.7791772, 21.020778 ], [ 105.7791988, 21.0207512 ], [ 105.7790804, 21.020668 ], [ 105.7790588, 21.0206948 ] ] ] } },
{ "type": "Feature", "properties": { "element": "way", "id": 1273269563, "estimated_height": 12.0 }, "geometry": { "type": "Polygon", "coordinates": [ [ [ 105.7791312, 21.020835 ], [ 105.7791772, 21.020778 ], [ 105.7790588, 21.0206948 ], [ 105.7790399, 21.0207182 ], [ 105.7790202, 21.0207426 ], [ 105.7790128, 21.0207518 ], [ 105.7791312, 21.020835 ] ] ] } },
{ "type": "Feature", "properties": { "element": "way", "id": 1273269564, "estimated_height": 12.0 }, "geometry": { "type": "Polygon", "coordinates": [ [ [ 105.7789513, 21.020828 ], [ 105.7790697, 21.0209112 ], [ 105.7791015, 21.0208718 ], [ 105.7789831, 21.0207886 ], [ 105.778982, 21.02079 ], [ 105.7789513, 21.020828 ] ] ] } },
{ "type": "Feature", "properties": { "element": "way", "id": 1273269565, "estimated_height": 12.0 }, "geometry": { "type": "Polygon", "coordinates": [ [ [ 105.7790338, 21.0209558 ], [ 105.7790697, 21.0209112 ], [ 105.7789513, 21.020828 ], [ 105.7789205, 21.0208662 ], [ 105.7789154, 21.0208726 ], [ 105.7790338, 21.0209558 ] ] ] } },
{ "type": "Feature", "properties": { "element": "way", "id": 1273269566, "estimated_height": 12.0 }, "geometry": { "type": "Polygon", "coordinates": [ [ [ 105.7788903, 21.0209037 ], [ 105.7790087, 21.0209869 ], [ 105.7790338, 21.0209558 ], [ 105.7789154, 21.0208726 ], [ 105.7788903, 21.0209037 ] ] ] } },
{ "type": "Feature", "properties": { "element": "way", "id": 1273269567, "estimated_height": 12.0 }, "geometry": { "type": "Polygon", "coordinates": [ [ [ 105.7793594, 21.0202733 ], [ 105.7792537, 21.0204043 ], [ 105.7792788, 21.0204219 ], [ 105.7793154, 21.0203765 ], [ 105.7793402, 21.0203457 ], [ 105.7793845, 21.0202909 ], [ 105.7793594, 21.0202733 ] ] ] } },
{ "type": "Feature", "properties": { "element": "way", "id": 1273269568, "estimated_height": 12.0 }, "geometry": { "type": "Polygon", "coordinates": [ [ [ 105.7792298, 21.0203875 ], [ 105.7792537, 21.0204043 ], [ 105.7793594, 21.0202733 ], [ 105.7793354, 21.0202564 ], [ 105.7792298, 21.0203875 ] ] ] } },
{ "type": "Feature", "properties": { "element": "way", "id": 1273269569, "estimated_height": 12.0 }, "geometry": { "type": "Polygon", "coordinates": [ [ [ 105.7793084, 21.0202375 ], [ 105.7792027, 21.0203685 ], [ 105.7792298, 21.0203875 ], [ 105.7793354, 21.0202564 ], [ 105.7793084, 21.0202375 ] ] ] } },
{ "type": "Feature", "properties": { "element": "way", "id": 1273269570, "estimated_height": 12.0 }, "geometry": { "type": "Polygon", "coordinates": [ [ [ 105.7791476, 21.0203298 ], [ 105.7792027, 21.0203685 ], [ 105.7793084, 21.0202375 ], [ 105.7792533, 21.0201987 ], [ 105.7791476, 21.0203298 ] ] ] } },
{ "type": "Feature", "properties": { "element": "way", "id": 1273269571, "estimated_height": 12.0 }, "geometry": { "type": "Polygon", "coordinates": [ [ [ 105.7791295, 21.0203522 ], [ 105.7792607, 21.0204444 ], [ 105.7792752, 21.0204264 ], [ 105.7792788, 21.0204219 ], [ 105.7792537, 21.0204043 ], [ 105.7792298, 21.0203875 ], [ 105.7792027, 21.0203685 ], [ 105.7791476, 21.0203298 ], [ 105.7791295, 21.0203522 ] ] ] } },
{ "type": "Feature", "properties": { "element": "way", "id": 1273269574, "estimated_height": 12.0 }, "geometry": { "type": "Polygon", "coordinates": [ [ [ 105.7791933, 21.020528 ], [ 105.7792106, 21.0205066 ], [ 105.7792149, 21.0205012 ], [ 105.7790837, 21.020409 ], [ 105.7790621, 21.0204358 ], [ 105.7791933, 21.020528 ] ] ] } },
{ "type": "Feature", "properties": { "element": "way", "id": 1273269575, "estimated_height": 12.0 }, "geometry": { "type": "Polygon", "coordinates": [ [ [ 105.7790397, 21.0204636 ], [ 105.7791709, 21.0205558 ], [ 105.7791933, 21.020528 ], [ 105.7790621, 21.0204358 ], [ 105.7790397, 21.0204636 ] ] ] } },
{ "type": "Feature", "properties": { "element": "way", "id": 1273269576, "estimated_height": 12.0 }, "geometry": { "type": "Polygon", "coordinates": [ [ [ 105.7791523, 21.0205788 ], [ 105.7791709, 21.0205558 ], [ 105.7790397, 21.0204636 ], [ 105.7790211, 21.0204866 ], [ 105.7791523, 21.0205788 ] ] ] } },
{ "type": "Feature", "properties": { "element": "way", "id": 1273269577, "estimated_height": 12.0 }, "geometry": { "type": "Polygon", "coordinates": [ [ [ 105.7789924, 21.0205222 ], [ 105.7791236, 21.0206144 ], [ 105.7791286, 21.0206082 ], [ 105.7791523, 21.0205788 ], [ 105.7790211, 21.0204866 ], [ 105.7789924, 21.0205222 ] ] ] } },
{ "type": "Feature", "properties": { "element": "way", "id": 1273269578, "estimated_height": 12.0 }, "geometry": { "type": "Polygon", "coordinates": [ [ [ 105.7791044, 21.0206382 ], [ 105.7791236, 21.0206144 ], [ 105.7789924, 21.0205222 ], [ 105.7789732, 21.020546 ], [ 105.7791044, 21.0206382 ] ] ] } },
{ "type": "Feature", "properties": { "element": "way", "id": 1273269579, "estimated_height": 12.0 }, "geometry": { "type": "Polygon", "coordinates": [ [ [ 105.77895, 21.0205748 ], [ 105.7790812, 21.020667 ], [ 105.7791044, 21.0206382 ], [ 105.7789732, 21.020546 ], [ 105.77895, 21.0205748 ] ] ] } },
{ "type": "Feature", "properties": { "element": "way", "id": 1273269580, "estimated_height": 12.0 }, "geometry": { "type": "Polygon", "coordinates": [ [ [ 105.7790588, 21.0206948 ], [ 105.7790804, 21.020668 ], [ 105.7790812, 21.020667 ], [ 105.77895, 21.0205748 ], [ 105.7789276, 21.0206026 ], [ 105.7790588, 21.0206948 ] ] ] } },
{ "type": "Feature", "properties": { "element": "way", "id": 1273269581, "estimated_height": 12.0 }, "geometry": { "type": "Polygon", "coordinates": [ [ [ 105.7789087, 21.020626 ], [ 105.7790399, 21.0207182 ], [ 105.7790588, 21.0206948 ], [ 105.7789276, 21.0206026 ], [ 105.7789087, 21.020626 ] ] ] } },
{ "type": "Feature", "properties": { "element": "way", "id": 1273269582, "estimated_height": 12.0 }, "geometry": { "type": "Polygon", "coordinates": [ [ [ 105.7790202, 21.0207426 ], [ 105.7790399, 21.0207182 ], [ 105.7789087, 21.020626 ], [ 105.778889, 21.0206504 ], [ 105.7790202, 21.0207426 ] ] ] } },
{ "type": "Feature", "properties": { "element": "way", "id": 1273269583, "estimated_height": 12.0 }, "geometry": { "type": "Polygon", "coordinates": [ [ [ 105.7788743, 21.0206686 ], [ 105.7790055, 21.0207608 ], [ 105.7790128, 21.0207518 ], [ 105.7790202, 21.0207426 ], [ 105.778889, 21.0206504 ], [ 105.7788743, 21.0206686 ] ] ] } },
{ "type": "Feature", "properties": { "element": "way", "id": 1273269585, "estimated_height": 12.0 }, "geometry": { "type": "Polygon", "coordinates": [ [ [ 105.7788201, 21.0207359 ], [ 105.7789513, 21.020828 ], [ 105.778982, 21.02079 ], [ 105.7788508, 21.0206978 ], [ 105.7788201, 21.0207359 ] ] ] } },
{ "type": "Feature", "properties": { "element": "way", "id": 1273269586, "estimated_height": 12.0 }, "geometry": { "type": "Polygon", "coordinates": [ [ [ 105.7789205, 21.0208662 ], [ 105.7789513, 21.020828 ], [ 105.7788201, 21.0207359 ], [ 105.7787893, 21.020774 ], [ 105.7789205, 21.0208662 ] ] ] } },
{ "type": "Feature", "properties": { "element": "way", "id": 1273269587, "estimated_height": 12.0 }, "geometry": { "type": "Polygon", "coordinates": [ [ [ 105.7787592, 21.0208115 ], [ 105.7788903, 21.0209037 ], [ 105.7789154, 21.0208726 ], [ 105.7789205, 21.0208662 ], [ 105.7787893, 21.020774 ], [ 105.7787592, 21.0208115 ] ] ] } },
{ "type": "Feature", "properties": { "element": "way", "id": 1273269590, "estimated_height": 12.0 }, "geometry": { "type": "Polygon", "coordinates": [ [ [ 105.7779628, 21.0206683 ], [ 105.7779874, 21.0206936 ], [ 105.7781328, 21.0205702 ], [ 105.7781081, 21.0205449 ], [ 105.7779628, 21.0206683 ] ] ] } },
{ "type": "Feature", "properties": { "element": "way", "id": 1273269591, "estimated_height": 12.0 }, "geometry": { "type": "Polygon", "coordinates": [ [ [ 105.7780119, 21.0207187 ], [ 105.7779228, 21.0207944 ], [ 105.7779441, 21.0208163 ], [ 105.7780333, 21.0207406 ], [ 105.7780195, 21.0207265 ], [ 105.7780119, 21.0207187 ] ] ] } },
{ "type": "Feature", "properties": { "element": "way", "id": 1273269592, "estimated_height": 12.0 }, "geometry": { "type": "Polygon", "coordinates": [ [ [ 105.7779893, 21.0206954 ], [ 105.7778996, 21.0207715 ], [ 105.7779222, 21.0207948 ], [ 105.7779228, 21.0207944 ], [ 105.7780119, 21.0207187 ], [ 105.7779893, 21.0206954 ] ] ] } },
{ "type": "Feature", "properties": { "element": "way", "id": 1273269593, "estimated_height": 12.0 }, "geometry": { "type": "Polygon", "coordinates": [ [ [ 105.7778731, 21.0207444 ], [ 105.7778996, 21.0207715 ], [ 105.7779893, 21.0206954 ], [ 105.7779874, 21.0206936 ], [ 105.7779628, 21.0206683 ], [ 105.7778731, 21.0207444 ] ] ] } },
{ "type": "Feature", "properties": { "element": "way", "id": 1273269594, "estimated_height": 12.0 }, "geometry": { "type": "Polygon", "coordinates": [ [ [ 105.7779006, 21.020827 ], [ 105.7779296, 21.0208024 ], [ 105.7779222, 21.0207948 ], [ 105.7778996, 21.0207715 ], [ 105.7778731, 21.0207444 ], [ 105.7778441, 21.020769 ], [ 105.7779006, 21.020827 ] ] ] } },
{ "type": "Feature", "properties": { "element": "way", "id": 1273269595, "estimated_height": 12.0 }, "geometry": { "type": "Polygon", "coordinates": [ [ [ 105.7778655, 21.0208568 ], [ 105.7779006, 21.020827 ], [ 105.7778441, 21.020769 ], [ 105.777809, 21.0207988 ], [ 105.7778655, 21.0208568 ] ] ] } },
{ "type": "Feature", "properties": { "element": "way", "id": 1273269596, "estimated_height": 12.0 }, "geometry": { "type": "Polygon", "coordinates": [ [ [ 105.7780192, 21.0205609 ], [ 105.7780976, 21.0204731 ], [ 105.7780722, 21.0204508 ], [ 105.7779944, 21.0205418 ], [ 105.7780192, 21.0205609 ] ] ] } },
{ "type": "Feature", "properties": { "element": "way", "id": 1273269597, "estimated_height": 12.0 }, "geometry": { "type": "Polygon", "coordinates": [ [ [ 105.7778009, 21.0204807 ], [ 105.777973, 21.0206132 ], [ 105.7780192, 21.0205609 ], [ 105.7779944, 21.0205418 ], [ 105.7778471, 21.0204284 ], [ 105.7778009, 21.0204807 ] ] ] } },
{ "type": "Feature", "properties": { "element": "way", "id": 1273269598, "estimated_height": 12.0 }, "geometry": { "type": "Polygon", "coordinates": [ [ [ 105.7779539, 21.02051 ], [ 105.7779947, 21.0205414 ], [ 105.7780722, 21.0204508 ], [ 105.7780365, 21.0204172 ], [ 105.7779539, 21.02051 ] ] ] } },
{ "type": "Feature", "properties": { "element": "way", "id": 1273269599, "estimated_height": 12.0 }, "geometry": { "type": "Polygon", "coordinates": [ [ [ 105.7779859, 21.0203644 ], [ 105.7778964, 21.0204657 ], [ 105.7779539, 21.02051 ], [ 105.7780365, 21.0204172 ], [ 105.7779859, 21.0203644 ] ] ] } },
{ "type": "Feature", "properties": { "element": "way", "id": 1273269600, "estimated_height": 12.0 }, "geometry": { "type": "Polygon", "coordinates": [ [ [ 105.7778475, 21.020428 ], [ 105.7778964, 21.0204657 ], [ 105.7779859, 21.0203644 ], [ 105.7779369, 21.0203268 ], [ 105.7778475, 21.020428 ] ] ] } },
{ "type": "Feature", "properties": { "element": "way", "id": 1273269601, "estimated_height": 12.0 }, "geometry": { "type": "Polygon", "coordinates": [ [ [ 105.7777694, 21.0205164 ], [ 105.7779415, 21.0206488 ], [ 105.777973, 21.0206132 ], [ 105.7779676, 21.020609 ], [ 105.7778009, 21.0204807 ], [ 105.7777694, 21.0205164 ] ] ] } },
{ "type": "Feature", "properties": { "element": "way", "id": 1273269603, "estimated_height": 12.0 }, "geometry": { "type": "Polygon", "coordinates": [ [ [ 105.777866, 21.0206724 ], [ 105.7778424, 21.0206992 ], [ 105.7778103, 21.0207355 ], [ 105.7777632, 21.0207889 ], [ 105.7777957, 21.0208139 ], [ 105.777809, 21.0207988 ], [ 105.7778428, 21.0207605 ], [ 105.7778985, 21.0206975 ], [ 105.777866, 21.0206724 ] ] ] } },
{ "type": "Feature", "properties": { "element": "way", "id": 1273269604, "estimated_height": 12.0 }, "geometry": { "type": "Polygon", "coordinates": [ [ [ 105.7776236, 21.0206814 ], [ 105.7777632, 21.0207889 ], [ 105.7778103, 21.0207355 ], [ 105.7776707, 21.020628 ], [ 105.7776236, 21.0206814 ] ] ] } },
{ "type": "Feature", "properties": { "element": "way", "id": 1273269606, "estimated_height": 12.0 }, "geometry": { "type": "Polygon", "coordinates": [ [ [ 105.7776707, 21.020628 ], [ 105.7778103, 21.0207355 ], [ 105.7778424, 21.0206992 ], [ 105.7777028, 21.0205917 ], [ 105.7776707, 21.020628 ] ] ] } },
{ "type": "Feature", "properties": { "element": "way", "id": 1273269607, "estimated_height": 12.0 }, "geometry": { "type": "Polygon", "coordinates": [ [ [ 105.7776023, 21.0207054 ], [ 105.7777744, 21.0208379 ], [ 105.7777957, 21.0208139 ], [ 105.7777632, 21.0207889 ], [ 105.7776236, 21.0206814 ], [ 105.7776023, 21.0207054 ] ] ] } },
{ "type": "Feature", "properties": { "element": "way", "id": 1273269608, "estimated_height": 12.0 }, "geometry": { "type": "Polygon", "coordinates": [ [ [ 105.7783767, 21.0208876 ], [ 105.7782629, 21.020972 ], [ 105.7782816, 21.020994 ], [ 105.7783954, 21.0209095 ], [ 105.7783767, 21.0208876 ] ] ] } },
{ "type": "Feature", "properties": { "element": "way", "id": 1273269609, "estimated_height": 12.0 }, "geometry": { "type": "Polygon", "coordinates": [ [ [ 105.7783528, 21.0208595 ], [ 105.778239, 21.020944 ], [ 105.7782629, 21.020972 ], [ 105.7783767, 21.0208876 ], [ 105.7783528, 21.0208595 ] ] ] } },
{ "type": "Feature", "properties": { "element": "way", "id": 1273269610, "estimated_height": 12.0 }, "geometry": { "type": "Polygon", "coordinates": [ [ [ 105.7781965, 21.020676 ], [ 105.7779838, 21.0208339 ], [ 105.7780304, 21.0208886 ], [ 105.7782431, 21.0207308 ], [ 105.7781965, 21.020676 ] ] ] } },
{ "type": "Feature", "properties": { "element": "way", "id": 1273269611, "estimated_height": 12.0 }, "geometry": { "type": "Polygon", "coordinates": [ [ [ 105.7782796, 21.0207737 ], [ 105.7782431, 21.0207308 ], [ 105.7780304, 21.0208886 ], [ 105.7780669, 21.0209315 ], [ 105.7782796, 21.0207737 ] ] ] } },
{ "type": "Feature", "properties": { "element": "way", "id": 1273269612, "estimated_height": 12.0 }, "geometry": { "type": "Polygon", "coordinates": [ [ [ 105.7780915, 21.0209603 ], [ 105.7783042, 21.0208025 ], [ 105.7782796, 21.0207737 ], [ 105.7780669, 21.0209315 ], [ 105.7780915, 21.0209603 ] ] ] } },
{ "type": "Feature", "properties": { "element": "way", "id": 1273269613, "estimated_height": 12.0 }, "geometry": { "type": "Polygon", "coordinates": [ [ [ 105.7783302, 21.020833 ], [ 105.7783042, 21.0208025 ], [ 105.7780915, 21.0209603 ], [ 105.7781175, 21.0209909 ], [ 105.7783302, 21.020833 ] ] ] } },
{ "type": "Feature", "properties": { "element": "way", "id": 1273269614, "estimated_height": 12.0 }, "geometry": { "type": "Polygon", "coordinates": [ [ [ 105.7781401, 21.0210174 ], [ 105.778239, 21.020944 ], [ 105.7783528, 21.0208595 ], [ 105.7783302, 21.020833 ], [ 105.7781175, 21.0209909 ], [ 105.7781401, 21.0210174 ] ] ] } },
{ "type": "Feature", "properties": { "element": "way", "id": 1273269616, "estimated_height": 12.0 }, "geometry": { "type": "Polygon", "coordinates": [ [ [ 105.777812, 21.0209654 ], [ 105.7779021, 21.0208985 ], [ 105.7778755, 21.0208673 ], [ 105.7777854, 21.0209342 ], [ 105.777812, 21.0209654 ] ] ] } },
{ "type": "Feature", "properties": { "element": "way", "id": 1273269617, "estimated_height": 12.0 }, "geometry": { "type": "Polygon", "coordinates": [ [ [ 105.7779232, 21.0209234 ], [ 105.7779021, 21.0208985 ], [ 105.777812, 21.0209654 ], [ 105.7778332, 21.0209902 ], [ 105.7779232, 21.0209234 ] ] ] } },
{ "type": "Feature", "properties": { "element": "way", "id": 1273269618, "estimated_height": 12.0 }, "geometry": { "type": "Polygon", "coordinates": [ [ [ 105.7778555, 21.0210164 ], [ 105.7778967, 21.0209859 ], [ 105.7779456, 21.0209496 ], [ 105.7779232, 21.0209234 ], [ 105.7778332, 21.0209902 ], [ 105.7778555, 21.0210164 ] ] ] } },
{ "type": "Feature", "properties": { "element": "way", "id": 1273269619, "estimated_height": 12.0 }, "geometry": { "type": "Polygon", "coordinates": [ [ [ 105.7778967, 21.0209859 ], [ 105.7779618, 21.0210622 ], [ 105.7780106, 21.021026 ], [ 105.7779466, 21.0209508 ], [ 105.7779456, 21.0209496 ], [ 105.7778967, 21.0209859 ] ] ] } },
{ "type": "Feature", "properties": { "element": "way", "id": 1273269620, "estimated_height": 12.0 }, "geometry": { "type": "Polygon", "coordinates": [ [ [ 105.7779206, 21.0210928 ], [ 105.7779618, 21.0210622 ], [ 105.7778967, 21.0209859 ], [ 105.7778555, 21.0210164 ], [ 105.7779206, 21.0210928 ] ] ] } },
{ "type": "Feature", "properties": { "element": "way", "id": 1273269621, "estimated_height": 12.0 }, "geometry": { "type": "Polygon", "coordinates": [ [ [ 105.778033, 21.0210523 ], [ 105.7780106, 21.021026 ], [ 105.7779618, 21.0210622 ], [ 105.7779206, 21.0210928 ], [ 105.777943, 21.0211191 ], [ 105.778033, 21.0210523 ] ] ] } },
{ "type": "Feature", "properties": { "element": "way", "id": 1273269622, "estimated_height": 12.0 }, "geometry": { "type": "Polygon", "coordinates": [ [ [ 105.7779662, 21.0211463 ], [ 105.7780154, 21.0211098 ], [ 105.7780562, 21.0210795 ], [ 105.778033, 21.0210523 ], [ 105.777943, 21.0211191 ], [ 105.7779662, 21.0211463 ] ] ] } },
{ "type": "Feature", "properties": { "element": "way", "id": 1273269624, "estimated_height": 12.0 }, "geometry": { "type": "Polygon", "coordinates": [ [ [ 105.7779466, 21.0209508 ], [ 105.7780077, 21.0210225 ], [ 105.7780915, 21.0209603 ], [ 105.7780669, 21.0209315 ], [ 105.7780304, 21.0208886 ], [ 105.7779466, 21.0209508 ] ] ] } },
{ "type": "Feature", "properties": { "element": "way", "id": 1273269625, "estimated_height": 12.0 }, "geometry": { "type": "Polygon", "coordinates": [ [ [ 105.7778755, 21.0208673 ], [ 105.7779021, 21.0208985 ], [ 105.7779232, 21.0209234 ], [ 105.7779456, 21.0209496 ], [ 105.7779466, 21.0209508 ], [ 105.7780304, 21.0208886 ], [ 105.7779838, 21.0208339 ], [ 105.7779592, 21.0208051 ], [ 105.7779441, 21.0208163 ], [ 105.7778755, 21.0208673 ] ] ] } },
{ "type": "Feature", "properties": { "element": "way", "id": 1273269626, "estimated_height": 12.0 }, "geometry": { "type": "Polygon", "coordinates": [ [ [ 105.7780643, 21.0210735 ], [ 105.7781254, 21.0211452 ], [ 105.7781765, 21.0211073 ], [ 105.7781581, 21.0210857 ], [ 105.7781154, 21.0210356 ], [ 105.7780643, 21.0210735 ] ] ] } },
{ "type": "Feature", "properties": { "element": "way", "id": 1273269627, "estimated_height": 12.0 }, "geometry": { "type": "Polygon", "coordinates": [ [ [ 105.7780154, 21.0211098 ], [ 105.7780765, 21.0211815 ], [ 105.7781254, 21.0211452 ], [ 105.7780643, 21.0210735 ], [ 105.7780562, 21.0210795 ], [ 105.7780154, 21.0211098 ] ] ] } },
{ "type": "Feature", "properties": { "element": "way", "id": 1273269628, "estimated_height": 12.0 }, "geometry": { "type": "Polygon", "coordinates": [ [ [ 105.7780272, 21.021218 ], [ 105.7780765, 21.0211815 ], [ 105.7780154, 21.0211098 ], [ 105.7779662, 21.0211463 ], [ 105.7780272, 21.021218 ] ] ] } },
{ "type": "Feature", "properties": { "element": "way", "id": 1273269629, "estimated_height": 12.0 }, "geometry": { "type": "Polygon", "coordinates": [ [ [ 105.7775499, 21.0214273 ], [ 105.7775008, 21.0214581 ], [ 105.7775635, 21.0215454 ], [ 105.7776126, 21.0215147 ], [ 105.7775499, 21.0214273 ] ] ] } },
{ "type": "Feature", "properties": { "element": "way", "id": 1273269630, "estimated_height": 12.0 }, "geometry": { "type": "Polygon", "coordinates": [ [ [ 105.7775963, 21.0213983 ], [ 105.7775499, 21.0214273 ], [ 105.7776126, 21.0215147 ], [ 105.777659, 21.0214857 ], [ 105.7775963, 21.0213983 ] ] ] } },
{ "type": "Feature", "properties": { "element": "way", "id": 1273269633, "estimated_height": 12.0 }, "geometry": { "type": "Polygon", "coordinates": [ [ [ 105.7774769, 21.0213782 ], [ 105.7774276, 21.0213095 ], [ 105.7774045, 21.0213239 ], [ 105.7774538, 21.0213926 ], [ 105.7774769, 21.0213782 ] ] ] } },
{ "type": "Feature", "properties": { "element": "way", "id": 1273269634, "estimated_height": 12.0 }, "geometry": { "type": "Polygon", "coordinates": [ [ [ 105.7775073, 21.0213591 ], [ 105.7774571, 21.0212892 ], [ 105.7774267, 21.0213082 ], [ 105.7774276, 21.0213095 ], [ 105.7774769, 21.0213782 ], [ 105.7775073, 21.0213591 ] ] ] } },
{ "type": "Feature", "properties": { "element": "way", "id": 1273269635, "estimated_height": 12.0 }, "geometry": { "type": "Polygon", "coordinates": [ [ [ 105.777538, 21.0213399 ], [ 105.7774876, 21.0212696 ], [ 105.7774568, 21.0212888 ], [ 105.7774571, 21.0212892 ], [ 105.7775073, 21.0213591 ], [ 105.777538, 21.0213399 ] ] ] } },
{ "type": "Feature", "properties": { "element": "way", "id": 1273269639, "estimated_height": 12.0 }, "geometry": { "type": "Polygon", "coordinates": [ [ [ 105.7772516, 21.0210259 ], [ 105.7772774, 21.0210618 ], [ 105.7773995, 21.0209854 ], [ 105.7773737, 21.0209496 ], [ 105.7772516, 21.0210259 ] ] ] } },
{ "type": "Feature", "properties": { "element": "way", "id": 1273269640, "estimated_height": 12.0 }, "geometry": { "type": "Polygon", "coordinates": [ [ [ 105.7781012, 21.0219986 ], [ 105.7781504, 21.022028 ], [ 105.7782514, 21.0218809 ], [ 105.7782023, 21.0218515 ], [ 105.778201, 21.0218533 ], [ 105.7781012, 21.0219986 ] ] ] } },
{ "type": "Feature", "properties": { "element": "way", "id": 1273269641, "estimated_height": 12.0 }, "geometry": { "type": "Polygon", "coordinates": [ [ [ 105.778147, 21.0218209 ], [ 105.7780472, 21.0219662 ], [ 105.7781012, 21.0219986 ], [ 105.778201, 21.0218533 ], [ 105.778147, 21.0218209 ] ] ] } },
{ "type": "Feature", "properties": { "element": "way", "id": 1273269642, "estimated_height": 12.0 }, "geometry": { "type": "Polygon", "coordinates": [ [ [ 105.7779939, 21.021936 ], [ 105.7780464, 21.0219674 ], [ 105.7780472, 21.0219662 ], [ 105.778147, 21.0218209 ], [ 105.7780945, 21.0217895 ], [ 105.7779939, 21.021936 ] ] ] } },
{ "type": "Feature", "properties": { "element": "way", "id": 1273269643, "estimated_height": 12.0 }, "geometry": { "type": "Polygon", "coordinates": [ [ [ 105.7779564, 21.0219172 ], [ 105.7780288, 21.0218409 ], [ 105.7780476, 21.0218546 ], [ 105.7779939, 21.021936 ], [ 105.7779564, 21.0219172 ] ] ] } },
{ "type": "Feature", "properties": { "element": "way", "id": 1273269644, "estimated_height": 12.0 }, "geometry": { "type": "Polygon", "coordinates": [ [ [ 105.7779152, 21.0218814 ], [ 105.7779564, 21.0219172 ], [ 105.7780288, 21.0218409 ], [ 105.7780141, 21.0218196 ], [ 105.7779152, 21.0218814 ] ] ] } },
{ "type": "Feature", "properties": { "element": "way", "id": 1273269645, "estimated_height": 12.0 }, "geometry": { "type": "Polygon", "coordinates": [ [ [ 105.7780141, 21.0218196 ], [ 105.7779513, 21.0217321 ], [ 105.7778344, 21.0218052 ], [ 105.7778971, 21.0218927 ], [ 105.7779152, 21.0218814 ], [ 105.7780141, 21.0218196 ] ] ] } },
{ "type": "Feature", "properties": { "element": "way", "id": 1273269646, "estimated_height": 12.0 }, "geometry": { "type": "Polygon", "coordinates": [ [ [ 105.7780476, 21.0216719 ], [ 105.7779513, 21.0217321 ], [ 105.7780141, 21.0218196 ], [ 105.7781104, 21.0217594 ], [ 105.7780476, 21.0216719 ] ] ] } },
{ "type": "Feature", "properties": { "element": "way", "id": 1273269647, "estimated_height": 12.0 }, "geometry": { "type": "Polygon", "coordinates": [ [ [ 105.777772, 21.0217548 ], [ 105.7778163, 21.0218165 ], [ 105.7778344, 21.0218052 ], [ 105.7779513, 21.0217321 ], [ 105.7780476, 21.0216719 ], [ 105.7780033, 21.0216102 ], [ 105.777772, 21.0217548 ] ] ] } },
{ "type": "Feature", "properties": { "element": "way", "id": 1273269648, "estimated_height": 12.0 }, "geometry": { "type": "Polygon", "coordinates": [ [ [ 105.7777264, 21.0216913 ], [ 105.777772, 21.0217548 ], [ 105.7780033, 21.0216102 ], [ 105.7780147, 21.021603 ], [ 105.7779692, 21.0215395 ], [ 105.7777264, 21.0216913 ] ] ] } },
{ "type": "Feature", "properties": { "element": "way", "id": 1273269649, "estimated_height": 12.0 }, "geometry": { "type": "Polygon", "coordinates": [ [ [ 105.7779415, 21.0214821 ], [ 105.7778732, 21.0215248 ], [ 105.7776894, 21.0216397 ], [ 105.7777264, 21.0216913 ], [ 105.7779692, 21.0215395 ], [ 105.7779785, 21.0215337 ], [ 105.7779415, 21.0214821 ] ] ] } },
{ "type": "Feature", "properties": { "element": "way", "id": 1273269650, "estimated_height": 12.0 }, "geometry": { "type": "Polygon", "coordinates": [ [ [ 105.7779255, 21.0214598 ], [ 105.7778573, 21.0215025 ], [ 105.7778732, 21.0215248 ], [ 105.7779415, 21.0214821 ], [ 105.7779255, 21.0214598 ] ] ] } },
{ "type": "Feature", "properties": { "element": "way", "id": 1273269651, "estimated_height": 12.0 }, "geometry": { "type": "Polygon", "coordinates": [ [ [ 105.7778558, 21.0213627 ], [ 105.7776238, 21.0215077 ], [ 105.7776935, 21.0216049 ], [ 105.7778573, 21.0215025 ], [ 105.7779255, 21.0214598 ], [ 105.7778558, 21.0213627 ] ] ] } },
{ "type": "Feature", "properties": { "element": "way", "id": 1273269652, "estimated_height": 12.0 }, "geometry": { "type": "Polygon", "coordinates": [ [ [ 105.7776906, 21.0213911 ], [ 105.7777082, 21.0214157 ], [ 105.7778364, 21.0213356 ], [ 105.7778471, 21.0213289 ], [ 105.7778295, 21.0213043 ], [ 105.7776906, 21.0213911 ] ] ] } },
{ "type": "Feature", "properties": { "element": "way", "id": 1273269653, "estimated_height": 12.0 }, "geometry": { "type": "Polygon", "coordinates": [ [ [ 105.7776722, 21.0213655 ], [ 105.7776906, 21.0213911 ], [ 105.7778295, 21.0213043 ], [ 105.7778407, 21.0212973 ], [ 105.7778224, 21.0212717 ], [ 105.7776722, 21.0213655 ] ] ] } },
{ "type": "Feature", "properties": { "element": "way", "id": 1273269654, "estimated_height": 12.0 }, "geometry": { "type": "Polygon", "coordinates": [ [ [ 105.7778089, 21.0212391 ], [ 105.7776519, 21.0213373 ], [ 105.7776722, 21.0213655 ], [ 105.7778224, 21.0212717 ], [ 105.7778292, 21.0212674 ], [ 105.7778089, 21.0212391 ] ] ] } },
{ "type": "Feature", "properties": { "element": "way", "id": 1273269655, "estimated_height": 12.0 }, "geometry": { "type": "Polygon", "coordinates": [ [ [ 105.7776273, 21.0213029 ], [ 105.7776519, 21.0213373 ], [ 105.7778089, 21.0212391 ], [ 105.7777842, 21.0212048 ], [ 105.7776273, 21.0213029 ] ] ] } },
{ "type": "Feature", "properties": { "element": "way", "id": 1273269656, "estimated_height": 12.0 }, "geometry": { "type": "Polygon", "coordinates": [ [ [ 105.7777244, 21.0211214 ], [ 105.7775675, 21.0212196 ], [ 105.7776273, 21.0213029 ], [ 105.7777842, 21.0212048 ], [ 105.7777244, 21.0211214 ] ] ] } },
{ "type": "Feature", "properties": { "element": "way", "id": 1273269657, "estimated_height": 12.0 }, "geometry": { "type": "Polygon", "coordinates": [ [ [ 105.7775337, 21.0211725 ], [ 105.7775675, 21.0212196 ], [ 105.7777244, 21.0211214 ], [ 105.7776907, 21.0210744 ], [ 105.7775337, 21.0211725 ] ] ] } },
{ "type": "Feature", "properties": { "element": "way", "id": 1273269658, "estimated_height": 12.0 }, "geometry": { "type": "Polygon", "coordinates": [ [ [ 105.7776673, 21.0210418 ], [ 105.7775103, 21.02114 ], [ 105.7775337, 21.0211725 ], [ 105.7776907, 21.0210744 ], [ 105.7776673, 21.0210418 ] ] ] } },
{ "type": "Feature", "properties": { "element": "way", "id": 1273269659, "estimated_height": 12.0 }, "geometry": { "type": "Polygon", "coordinates": [ [ [ 105.7774944, 21.0211177 ], [ 105.7775004, 21.0211261 ], [ 105.7775103, 21.02114 ], [ 105.7776673, 21.0210418 ], [ 105.7776574, 21.021028 ], [ 105.7776513, 21.0210196 ], [ 105.7774944, 21.0211177 ] ] ] } },
{ "type": "Feature", "properties": { "element": "way", "id": 1273269660, "estimated_height": 12.0 }, "geometry": { "type": "Polygon", "coordinates": [ [ [ 105.777633, 21.020994 ], [ 105.777476, 21.0210921 ], [ 105.7774944, 21.0211177 ], [ 105.7776513, 21.0210196 ], [ 105.777633, 21.020994 ] ] ] } },
{ "type": "Feature", "properties": { "element": "way", "id": 1273269661, "estimated_height": 12.0 }, "geometry": { "type": "Polygon", "coordinates": [ [ [ 105.7774511, 21.0210574 ], [ 105.777476, 21.0210921 ], [ 105.777633, 21.020994 ], [ 105.7776081, 21.0209593 ], [ 105.7774511, 21.0210574 ] ] ] } },
{ "type": "Feature", "properties": { "element": "way", "id": 1273269664, "estimated_height": 12.0 }, "geometry": { "type": "Polygon", "coordinates": [ [ [ 105.7775164, 21.0208315 ], [ 105.7774491, 21.0208736 ], [ 105.7775089, 21.020957 ], [ 105.7775762, 21.0209149 ], [ 105.7775435, 21.0208693 ], [ 105.7775164, 21.0208315 ] ] ] } },
{ "type": "Feature", "properties": { "element": "way", "id": 1273269665, "estimated_height": 12.0 }, "geometry": { "type": "Polygon", "coordinates": [ [ [ 105.7776142, 21.0208983 ], [ 105.7776998, 21.0208353 ], [ 105.7776198, 21.0207405 ], [ 105.7775341, 21.0208035 ], [ 105.7776142, 21.0208983 ] ] ] } },
{ "type": "Feature", "properties": { "element": "way", "id": 1273269666, "estimated_height": 12.0 }, "geometry": { "type": "Polygon", "coordinates": [ [ [ 105.7776262, 21.0209601 ], [ 105.7777366, 21.0208789 ], [ 105.7776998, 21.0208353 ], [ 105.7776142, 21.0208983 ], [ 105.7775894, 21.0209165 ], [ 105.7776262, 21.0209601 ] ] ] } },
{ "type": "Feature", "properties": { "element": "way", "id": 1273269667, "estimated_height": 12.0 }, "geometry": { "type": "Polygon", "coordinates": [ [ [ 105.7776681, 21.0210096 ], [ 105.7777784, 21.0209285 ], [ 105.7777366, 21.0208789 ], [ 105.7776262, 21.0209601 ], [ 105.7776681, 21.0210096 ] ] ] } },
{ "type": "Feature", "properties": { "element": "way", "id": 1273269668, "estimated_height": 12.0 }, "geometry": { "type": "Polygon", "coordinates": [ [ [ 105.7778529, 21.0210167 ], [ 105.7777784, 21.0209285 ], [ 105.7776681, 21.0210096 ], [ 105.7777425, 21.0210979 ], [ 105.7778529, 21.0210167 ] ] ] } },
{ "type": "Feature", "properties": { "element": "way", "id": 1273269669, "estimated_height": 12.0 }, "geometry": { "type": "Polygon", "coordinates": [ [ [ 105.7777727, 21.0211336 ], [ 105.777883, 21.0210524 ], [ 105.7778529, 21.0210167 ], [ 105.7777425, 21.0210979 ], [ 105.7777727, 21.0211336 ] ] ] } },
{ "type": "Feature", "properties": { "element": "way", "id": 1273269670, "estimated_height": 12.0 }, "geometry": { "type": "Polygon", "coordinates": [ [ [ 105.7779113, 21.0210859 ], [ 105.777883, 21.0210524 ], [ 105.7777727, 21.0211336 ], [ 105.7778009, 21.021167 ], [ 105.7779113, 21.0210859 ] ] ] } },
{ "type": "Feature", "properties": { "element": "way", "id": 1273269672, "estimated_height": 12.0 }, "geometry": { "type": "Polygon", "coordinates": [ [ [ 105.777819, 21.0212371 ], [ 105.7779028, 21.0211755 ], [ 105.7779547, 21.0211373 ], [ 105.7779245, 21.0211015 ], [ 105.7778375, 21.0211655 ], [ 105.7777888, 21.0212014 ], [ 105.777819, 21.0212371 ] ] ] } },
{ "type": "Feature", "properties": { "element": "way", "id": 1273269673, "estimated_height": 12.0 }, "geometry": { "type": "Polygon", "coordinates": [ [ [ 105.7778531, 21.0212775 ], [ 105.7778921, 21.0213237 ], [ 105.7779758, 21.0212621 ], [ 105.7779369, 21.0212159 ], [ 105.7778531, 21.0212775 ] ] ] } },
{ "type": "Feature", "properties": { "element": "way", "id": 1273269674, "estimated_height": 12.0 }, "geometry": { "type": "Polygon", "coordinates": [ [ [ 105.7779028, 21.0211755 ], [ 105.777819, 21.0212371 ], [ 105.7778531, 21.0212775 ], [ 105.7779369, 21.0212159 ], [ 105.7779028, 21.0211755 ] ] ] } },
{ "type": "Feature", "properties": { "element": "way", "id": 1273269675, "estimated_height": 12.0 }, "geometry": { "type": "Polygon", "coordinates": [ [ [ 105.7780278, 21.0212238 ], [ 105.7779547, 21.0211373 ], [ 105.7779028, 21.0211755 ], [ 105.7779369, 21.0212159 ], [ 105.7779758, 21.0212621 ], [ 105.7780278, 21.0212238 ] ] ] } },
{ "type": "Feature", "properties": { "element": "way", "id": 1273269676, "estimated_height": 12.0 }, "geometry": { "type": "Polygon", "coordinates": [ [ [ 105.777993, 21.0213119 ], [ 105.7779607, 21.0212736 ], [ 105.7778873, 21.0213276 ], [ 105.7778633, 21.0213453 ], [ 105.7778956, 21.0213836 ], [ 105.777993, 21.0213119 ] ] ] } },
{ "type": "Feature", "properties": { "element": "way", "id": 1273269677, "estimated_height": 12.0 }, "geometry": { "type": "Polygon", "coordinates": [ [ [ 105.7779301, 21.0214245 ], [ 105.7780276, 21.0213528 ], [ 105.777993, 21.0213119 ], [ 105.7778956, 21.0213836 ], [ 105.7779301, 21.0214245 ] ] ] } },
{ "type": "Feature", "properties": { "element": "way", "id": 1273269678, "estimated_height": 12.0 }, "geometry": { "type": "Polygon", "coordinates": [ [ [ 105.7781053, 21.0213783 ], [ 105.7779732, 21.0214755 ], [ 105.7779926, 21.0214985 ], [ 105.7781247, 21.0214013 ], [ 105.7781053, 21.0213783 ] ] ] } },
{ "type": "Feature", "properties": { "element": "way", "id": 1273269679, "estimated_height": 12.0 }, "geometry": { "type": "Polygon", "coordinates": [ [ [ 105.777952, 21.0214504 ], [ 105.7779732, 21.0214755 ], [ 105.7781053, 21.0213783 ], [ 105.778084, 21.0213533 ], [ 105.777952, 21.0214504 ] ] ] } },
{ "type": "Feature", "properties": { "element": "way", "id": 1273269680, "estimated_height": 12.0 }, "geometry": { "type": "Polygon", "coordinates": [ [ [ 105.777952, 21.0214504 ], [ 105.778084, 21.0213533 ], [ 105.7780619, 21.0213276 ], [ 105.7779301, 21.0214245 ], [ 105.777952, 21.0214504 ] ] ] } },
{ "type": "Feature", "properties": { "element": "way", "id": 1273269681, "estimated_height": 12.0 }, "geometry": { "type": "Polygon", "coordinates": [ [ [ 105.7780308, 21.021588 ], [ 105.7781001, 21.0215148 ], [ 105.7781006, 21.0215142 ], [ 105.7780651, 21.0214849 ], [ 105.7779953, 21.0215587 ], [ 105.7780308, 21.021588 ] ] ] } },
{ "type": "Feature", "properties": { "element": "way", "id": 1273269682, "estimated_height": 12.0 }, "geometry": { "type": "Polygon", "coordinates": [ [ [ 105.7781356, 21.021544 ], [ 105.7781001, 21.0215148 ], [ 105.7780308, 21.021588 ], [ 105.7780663, 21.0216173 ], [ 105.7781356, 21.021544 ] ] ] } },
{ "type": "Feature", "properties": { "element": "way", "id": 1273269683, "estimated_height": 12.0 }, "geometry": { "type": "Polygon", "coordinates": [ [ [ 105.7781662, 21.0215692 ], [ 105.7781356, 21.021544 ], [ 105.7780663, 21.0216173 ], [ 105.778065, 21.0216187 ], [ 105.7780956, 21.0216439 ], [ 105.778107, 21.0216318 ], [ 105.7781354, 21.0216018 ], [ 105.7781662, 21.0215692 ] ] ] } },
{ "type": "Feature", "properties": { "element": "way", "id": 1273269684, "estimated_height": 12.0 }, "geometry": { "type": "Polygon", "coordinates": [ [ [ 105.778107, 21.0216318 ], [ 105.7780956, 21.0216439 ], [ 105.7780782, 21.0216623 ], [ 105.7781491, 21.0217208 ], [ 105.778178, 21.0216903 ], [ 105.778107, 21.0216318 ] ] ] } },
{ "type": "Feature", "properties": { "element": "way", "id": 1273269689, "estimated_height": 12.0 }, "geometry": { "type": "Polygon", "coordinates": [ [ [ 105.7781318, 21.0212762 ], [ 105.7781806, 21.0213157 ], [ 105.7782311, 21.0212088 ], [ 105.7781318, 21.0212762 ] ] ] } },
{ "type": "Feature", "properties": { "element": "way", "id": 1273269690, "estimated_height": 12.0 }, "geometry": { "type": "Polygon", "coordinates": [ [ [ 105.7782866, 21.021169 ], [ 105.7783425, 21.0211952 ], [ 105.7783487, 21.0211586 ], [ 105.7783169, 21.0211455 ], [ 105.7782866, 21.021169 ] ] ] } },
{ "type": "Feature", "properties": { "element": "way", "id": 1273269691, "estimated_height": 12.0 }, "geometry": { "type": "Polygon", "coordinates": [ [ [ 105.7782311, 21.0212088 ], [ 105.7783373, 21.0212525 ], [ 105.7783425, 21.0211952 ], [ 105.7782866, 21.021169 ], [ 105.7782311, 21.0212088 ] ] ] } },
{ "type": "Feature", "properties": { "element": "way", "id": 1273269692, "estimated_height": 12.0 }, "geometry": { "type": "Polygon", "coordinates": [ [ [ 105.7781957, 21.0212838 ], [ 105.7783226, 21.021336 ], [ 105.7783233, 21.0213363 ], [ 105.7783373, 21.0212525 ], [ 105.7782311, 21.0212088 ], [ 105.7781957, 21.0212838 ] ] ] } },
{ "type": "Feature", "properties": { "element": "way", "id": 1273269693, "estimated_height": 12.0 }, "geometry": { "type": "Polygon", "coordinates": [ [ [ 105.7781806, 21.0213157 ], [ 105.7783075, 21.0213679 ], [ 105.7783226, 21.021336 ], [ 105.7781957, 21.0212838 ], [ 105.7781806, 21.0213157 ] ] ] } },
{ "type": "Feature", "properties": { "element": "way", "id": 1273269694, "estimated_height": 12.0 }, "geometry": { "type": "Polygon", "coordinates": [ [ [ 105.7783023, 21.0213992 ], [ 105.7783155, 21.0213713 ], [ 105.7781806, 21.0213157 ], [ 105.7781674, 21.0213437 ], [ 105.7783023, 21.0213992 ] ] ] } },
{ "type": "Feature", "properties": { "element": "way", "id": 1273269696, "estimated_height": 12.0 }, "geometry": { "type": "Polygon", "coordinates": [ [ [ 105.77812, 21.021444 ], [ 105.7782615, 21.0215022 ], [ 105.7782826, 21.0214576 ], [ 105.7781411, 21.0213994 ], [ 105.77812, 21.021444 ] ] ] } },
{ "type": "Feature", "properties": { "element": "way", "id": 1273269698, "estimated_height": 12.0 }, "geometry": { "type": "Polygon", "coordinates": [ [ [ 105.7784902, 21.0213372 ], [ 105.7783983, 21.0212609 ], [ 105.7783689, 21.0212918 ], [ 105.7784608, 21.0213681 ], [ 105.7784902, 21.0213372 ] ] ] } },
{ "type": "Feature", "properties": { "element": "way", "id": 1273269699, "estimated_height": 12.0 }, "geometry": { "type": "Polygon", "coordinates": [ [ [ 105.7783493, 21.0211162 ], [ 105.7783467, 21.0209902 ], [ 105.778282, 21.0210365 ], [ 105.7783493, 21.0211162 ] ] ] } },
{ "type": "Feature", "properties": { "element": "way", "id": 1273269700, "estimated_height": 12.0 }, "geometry": { "type": "Polygon", "coordinates": [ [ [ 105.7782654, 21.0211779 ], [ 105.7783493, 21.0211162 ], [ 105.778282, 21.0210365 ], [ 105.7781981, 21.0210983 ], [ 105.7782654, 21.0211779 ] ] ] } },
{ "type": "Feature", "properties": { "element": "way", "id": 1273269701, "estimated_height": 12.0 }, "geometry": { "type": "Polygon", "coordinates": [ [ [ 105.7785011, 21.0210548 ], [ 105.778465, 21.0210249 ], [ 105.7784095, 21.0209788 ], [ 105.7783814, 21.0209555 ], [ 105.7783917, 21.0210699 ], [ 105.7783988, 21.0211622 ], [ 105.7785011, 21.0210548 ] ] ] } },
{ "type": "Feature", "properties": { "element": "way", "id": 1273269702, "estimated_height": 12.0 }, "geometry": { "type": "Polygon", "coordinates": [ [ [ 105.7781399, 21.0211411 ], [ 105.7782072, 21.0212207 ], [ 105.7782654, 21.0211779 ], [ 105.7781981, 21.0210983 ], [ 105.7781399, 21.0211411 ] ] ] } },
{ "type": "Feature", "properties": { "element": "way", "id": 1273269703, "estimated_height": 12.0 }, "geometry": { "type": "Polygon", "coordinates": [ [ [ 105.7781714, 21.021247 ], [ 105.7782072, 21.0212207 ], [ 105.7781399, 21.0211411 ], [ 105.7781042, 21.0211673 ], [ 105.7781714, 21.021247 ] ] ] } },
{ "type": "Feature", "properties": { "element": "way", "id": 1273269704, "estimated_height": 12.0 }, "geometry": { "type": "Polygon", "coordinates": [ [ [ 105.7780645, 21.0211965 ], [ 105.7781318, 21.0212762 ], [ 105.7781714, 21.021247 ], [ 105.7781042, 21.0211673 ], [ 105.7780645, 21.0211965 ] ] ] } },
{ "type": "Feature", "properties": { "element": "way", "id": 1273269708, "estimated_height": 12.0 }, "geometry": { "type": "Polygon", "coordinates": [ [ [ 105.7783251, 21.0217825 ], [ 105.7782016, 21.0216801 ], [ 105.778179, 21.0217038 ], [ 105.7783026, 21.0218062 ], [ 105.7783251, 21.0217825 ] ] ] } },
{ "type": "Feature", "properties": { "element": "way", "id": 1273269709, "estimated_height": 12.0 }, "geometry": { "type": "Polygon", "coordinates": [ [ [ 105.778243, 21.0216366 ], [ 105.7782016, 21.0216801 ], [ 105.7783251, 21.0217825 ], [ 105.7783665, 21.0217391 ], [ 105.778243, 21.0216366 ] ] ] } },
{ "type": "Feature", "properties": { "element": "way", "id": 1273269710, "estimated_height": 12.0 }, "geometry": { "type": "Polygon", "coordinates": [ [ [ 105.7784037, 21.0217 ], [ 105.7782801, 21.0215976 ], [ 105.778243, 21.0216366 ], [ 105.7783665, 21.0217391 ], [ 105.7784037, 21.0217 ] ] ] } },
{ "type": "Feature", "properties": { "element": "way", "id": 1273269711, "estimated_height": 12.0 }, "geometry": { "type": "Polygon", "coordinates": [ [ [ 105.7785544, 21.021099 ], [ 105.7785011, 21.0210548 ], [ 105.7783988, 21.0211622 ], [ 105.778354, 21.0212093 ], [ 105.7784074, 21.0212535 ], [ 105.7785544, 21.021099 ] ] ] } },
{ "type": "Feature", "properties": { "element": "way", "id": 1273269712, "estimated_height": 12.0 }, "geometry": { "type": "Polygon", "coordinates": [ [ [ 105.7786452, 21.0211743 ], [ 105.7786025, 21.0211389 ], [ 105.7784479, 21.0213012 ], [ 105.7784907, 21.0213367 ], [ 105.7786452, 21.0211743 ] ] ] } },
{ "type": "Feature", "properties": { "element": "way", "id": 1273269715, "estimated_height": 12.0 }, "geometry": { "type": "Polygon", "coordinates": [ [ [ 105.7785693, 21.0214027 ], [ 105.7787243, 21.0212399 ], [ 105.7786821, 21.0212049 ], [ 105.7785271, 21.0213677 ], [ 105.7785693, 21.0214027 ] ] ] } },
{ "type": "Feature", "properties": { "element": "way", "id": 1273269716, "estimated_height": 12.0 }, "geometry": { "type": "Polygon", "coordinates": [ [ [ 105.7787858, 21.021291 ], [ 105.7787243, 21.0212399 ], [ 105.7785693, 21.0214027 ], [ 105.7786308, 21.0214538 ], [ 105.7787858, 21.021291 ] ] ] } },
{ "type": "Feature", "properties": { "element": "way", "id": 1273306653, "estimated_height": 12.0 }, "geometry": { "type": "Polygon", "coordinates": [ [ [ 105.7905032, 21.0185113 ], [ 105.7905826, 21.018556 ], [ 105.7906123, 21.0185101 ], [ 105.7905329, 21.0184654 ], [ 105.7905032, 21.0185113 ] ] ] } },
{ "type": "Feature", "properties": { "element": "way", "id": 1273306656, "estimated_height": 12.0 }, "geometry": { "type": "Polygon", "coordinates": [ [ [ 105.7907384, 21.0183149 ], [ 105.7907841, 21.0182443 ], [ 105.7907431, 21.0182212 ], [ 105.7906975, 21.0182918 ], [ 105.7907384, 21.0183149 ] ] ] } },
{ "type": "Feature", "properties": { "element": "way", "id": 1273306657, "estimated_height": 12.0 }, "geometry": { "type": "Polygon", "coordinates": [ [ [ 105.7907119, 21.0183559 ], [ 105.7907384, 21.0183149 ], [ 105.7906975, 21.0182918 ], [ 105.7906591, 21.0182702 ], [ 105.7906326, 21.0183112 ], [ 105.7907119, 21.0183559 ] ] ] } },
{ "type": "Feature", "properties": { "element": "way", "id": 1273306659, "estimated_height": 12.0 }, "geometry": { "type": "Polygon", "coordinates": [ [ [ 105.7906769, 21.0184101 ], [ 105.7907119, 21.0183559 ], [ 105.7906326, 21.0183112 ], [ 105.7905975, 21.0183654 ], [ 105.7906769, 21.0184101 ] ] ] } },
{ "type": "Feature", "properties": { "element": "way", "id": 1273306687, "estimated_height": 12.0 }, "geometry": { "type": "Polygon", "coordinates": [ [ [ 105.7905047, 21.0180863 ], [ 105.7904444, 21.0181796 ], [ 105.790492, 21.0182064 ], [ 105.7905523, 21.018113 ], [ 105.7905278, 21.0180992 ], [ 105.7905047, 21.0180863 ] ] ] } },
{ "type": "Feature", "properties": { "element": "way", "id": 1273306688, "estimated_height": 12.0 }, "geometry": { "type": "Polygon", "coordinates": [ [ [ 105.7903788, 21.0181427 ], [ 105.7904444, 21.0181796 ], [ 105.7905047, 21.0180863 ], [ 105.7904392, 21.0180493 ], [ 105.7903788, 21.0181427 ] ] ] } },
{ "type": "Feature", "properties": { "element": "way", "id": 1273306689, "estimated_height": 12.0 }, "geometry": { "type": "Polygon", "coordinates": [ [ [ 105.7904674, 21.0181926 ], [ 105.7904444, 21.0181796 ], [ 105.7903788, 21.0181427 ], [ 105.7903545, 21.0181804 ], [ 105.7904431, 21.0182303 ], [ 105.7904674, 21.0181926 ] ] ] } },
{ "type": "Feature", "properties": { "element": "way", "id": 1273306690, "estimated_height": 12.0 }, "geometry": { "type": "Polygon", "coordinates": [ [ [ 105.7905494, 21.0182388 ], [ 105.7906097, 21.0181454 ], [ 105.7905523, 21.018113 ], [ 105.790492, 21.0182064 ], [ 105.7905494, 21.0182388 ] ] ] } },
{ "type": "Feature", "properties": { "element": "way", "id": 1273306691, "estimated_height": 12.0 }, "geometry": { "type": "Polygon", "coordinates": [ [ [ 105.7905139, 21.0182936 ], [ 105.7905494, 21.0182388 ], [ 105.790492, 21.0182064 ], [ 105.7904674, 21.0181926 ], [ 105.7904431, 21.0182303 ], [ 105.790432, 21.0182474 ], [ 105.7905139, 21.0182936 ] ] ] } },
{ "type": "Feature", "properties": { "element": "way", "id": 1273306692, "estimated_height": 12.0 }, "geometry": { "type": "Polygon", "coordinates": [ [ [ 105.7903988, 21.0182988 ], [ 105.7904807, 21.0183449 ], [ 105.7905139, 21.0182936 ], [ 105.790432, 21.0182474 ], [ 105.7904156, 21.0182728 ], [ 105.7903988, 21.0182988 ] ] ] } },
{ "type": "Feature", "properties": { "element": "way", "id": 1273306693, "estimated_height": 12.0 }, "geometry": { "type": "Polygon", "coordinates": [ [ [ 105.7904474, 21.0183965 ], [ 105.7904807, 21.0183449 ], [ 105.7903988, 21.0182988 ], [ 105.7903883, 21.0183151 ], [ 105.7903655, 21.0183504 ], [ 105.7904474, 21.0183965 ] ] ] } },
{ "type": "Feature", "properties": { "element": "way", "id": 1273306694, "estimated_height": 12.0 }, "geometry": { "type": "Polygon", "coordinates": [ [ [ 105.7903358, 21.0183963 ], [ 105.7904177, 21.0184425 ], [ 105.7904474, 21.0183965 ], [ 105.7903655, 21.0183504 ], [ 105.7903358, 21.0183963 ] ] ] } },
{ "type": "Feature", "properties": { "element": "way", "id": 1273306695, "estimated_height": 12.0 }, "geometry": { "type": "Polygon", "coordinates": [ [ [ 105.7903871, 21.0184898 ], [ 105.7904177, 21.0184425 ], [ 105.7903358, 21.0183963 ], [ 105.7903052, 21.0184436 ], [ 105.7903871, 21.0184898 ] ] ] } },
{ "type": "Feature", "properties": { "element": "way", "id": 1273306696, "estimated_height": 12.0 }, "geometry": { "type": "Polygon", "coordinates": [ [ [ 105.7902776, 21.0184864 ], [ 105.7903595, 21.0185325 ], [ 105.7903871, 21.0184898 ], [ 105.7903052, 21.0184436 ], [ 105.7903037, 21.0184459 ], [ 105.7902776, 21.0184864 ] ] ] } },
{ "type": "Feature", "properties": { "element": "way", "id": 1273306697, "estimated_height": 12.0 }, "geometry": { "type": "Polygon", "coordinates": [ [ [ 105.7901646, 21.0184742 ], [ 105.7903351, 21.0185702 ], [ 105.7903593, 21.0185328 ], [ 105.7901888, 21.0184368 ], [ 105.7901646, 21.0184742 ] ] ] } },
{ "type": "Feature", "properties": { "element": "way", "id": 1273306698, "estimated_height": 12.0 }, "geometry": { "type": "Polygon", "coordinates": [ [ [ 105.7903109, 21.0186077 ], [ 105.7903351, 21.0185702 ], [ 105.7902532, 21.0185241 ], [ 105.790229, 21.0185616 ], [ 105.7903109, 21.0186077 ] ] ] } },
{ "type": "Feature", "properties": { "element": "way", "id": 1273306699, "estimated_height": 12.0 }, "geometry": { "type": "Polygon", "coordinates": [ [ [ 105.7902083, 21.0185936 ], [ 105.7902902, 21.0186397 ], [ 105.7903109, 21.0186077 ], [ 105.790229, 21.0185616 ], [ 105.7902239, 21.0185695 ], [ 105.7902083, 21.0185936 ] ] ] } },
{ "type": "Feature", "properties": { "element": "way", "id": 1273306700, "estimated_height": 12.0 }, "geometry": { "type": "Polygon", "coordinates": [ [ [ 105.7901747, 21.0186456 ], [ 105.7902566, 21.0186917 ], [ 105.7902902, 21.0186397 ], [ 105.7902083, 21.0185936 ], [ 105.790201, 21.0186048 ], [ 105.7901747, 21.0186456 ] ] ] } },
{ "type": "Feature", "properties": { "element": "way", "id": 1273306701, "estimated_height": 12.0 }, "geometry": { "type": "Polygon", "coordinates": [ [ [ 105.7902295, 21.0187337 ], [ 105.7902566, 21.0186917 ], [ 105.7901747, 21.0186456 ], [ 105.7901476, 21.0186875 ], [ 105.7902295, 21.0187337 ] ] ] } },
{ "type": "Feature", "properties": { "element": "way", "id": 1273306702, "estimated_height": 12.0 }, "geometry": { "type": "Polygon", "coordinates": [ [ [ 105.7901255, 21.0187217 ], [ 105.7902074, 21.0187678 ], [ 105.7902295, 21.0187337 ], [ 105.7901476, 21.0186875 ], [ 105.7901255, 21.0187217 ] ] ] } },
{ "type": "Feature", "properties": { "element": "way", "id": 1273306703, "estimated_height": 12.0 }, "geometry": { "type": "Polygon", "coordinates": [ [ [ 105.7901802, 21.0188099 ], [ 105.7902074, 21.0187678 ], [ 105.7901255, 21.0187217 ], [ 105.7900983, 21.0187638 ], [ 105.7901802, 21.0188099 ] ] ] } },
{ "type": "Feature", "properties": { "element": "way", "id": 1273306704, "estimated_height": 12.0 }, "geometry": { "type": "Polygon", "coordinates": [ [ [ 105.790067, 21.0188121 ], [ 105.790149, 21.0188583 ], [ 105.7901802, 21.0188099 ], [ 105.7900983, 21.0187638 ], [ 105.790067, 21.0188121 ] ] ] } },
{ "type": "Feature", "properties": { "element": "way", "id": 1273306706, "estimated_height": 12.0 }, "geometry": { "type": "Polygon", "coordinates": [ [ [ 105.7900209, 21.0188835 ], [ 105.7901029, 21.0189296 ], [ 105.7901269, 21.0188925 ], [ 105.7900449, 21.0188463 ], [ 105.7900209, 21.0188835 ] ] ] } },
{ "type": "Feature", "properties": { "element": "way", "id": 1273306707, "estimated_height": 12.0 }, "geometry": { "type": "Polygon", "coordinates": [ [ [ 105.7900778, 21.0189684 ], [ 105.7901029, 21.0189296 ], [ 105.7900209, 21.0188835 ], [ 105.7899959, 21.0189223 ], [ 105.7900778, 21.0189684 ] ] ] } },
{ "type": "Feature", "properties": { "element": "way", "id": 1273306708, "estimated_height": 12.0 }, "geometry": { "type": "Polygon", "coordinates": [ [ [ 105.7899694, 21.0189632 ], [ 105.7900513, 21.0190094 ], [ 105.7900778, 21.0189684 ], [ 105.7899959, 21.0189223 ], [ 105.78999, 21.0189313 ], [ 105.7899694, 21.0189632 ] ] ] } },
{ "type": "Feature", "properties": { "element": "way", "id": 1273306709, "estimated_height": 12.0 }, "geometry": { "type": "Polygon", "coordinates": [ [ [ 105.7900185, 21.0190601 ], [ 105.7900513, 21.0190094 ], [ 105.7899694, 21.0189632 ], [ 105.7899366, 21.019014 ], [ 105.7900185, 21.0190601 ] ] ] } },
{ "type": "Feature", "properties": { "element": "way", "id": 1273306710, "estimated_height": 12.0 }, "geometry": { "type": "Polygon", "coordinates": [ [ [ 105.790327, 21.0182229 ], [ 105.7904156, 21.0182728 ], [ 105.790432, 21.0182474 ], [ 105.7904431, 21.0182303 ], [ 105.7903545, 21.0181804 ], [ 105.790327, 21.0182229 ] ] ] } },
{ "type": "Feature", "properties": { "element": "way", "id": 1273306711, "estimated_height": 12.0 }, "geometry": { "type": "Polygon", "coordinates": [ [ [ 105.7903883, 21.0183151 ], [ 105.7903988, 21.0182988 ], [ 105.7904156, 21.0182728 ], [ 105.790327, 21.0182229 ], [ 105.7902997, 21.0182652 ], [ 105.7903883, 21.0183151 ] ] ] } },
{ "type": "Feature", "properties": { "element": "way", "id": 1273306712, "estimated_height": 12.0 }, "geometry": { "type": "Polygon", "coordinates": [ [ [ 105.7902472, 21.0183464 ], [ 105.7903358, 21.0183963 ], [ 105.7903655, 21.0183504 ], [ 105.7903883, 21.0183151 ], [ 105.7902997, 21.0182652 ], [ 105.7902472, 21.0183464 ] ] ] } },
{ "type": "Feature", "properties": { "element": "way", "id": 1273306713, "estimated_height": 12.0 }, "geometry": { "type": "Polygon", "coordinates": [ [ [ 105.7903037, 21.0184459 ], [ 105.7903052, 21.0184436 ], [ 105.7903358, 21.0183963 ], [ 105.7902472, 21.0183464 ], [ 105.7902151, 21.018396 ], [ 105.7903037, 21.0184459 ] ] ] } },
{ "type": "Feature", "properties": { "element": "way", "id": 1273306714, "estimated_height": 12.0 }, "geometry": { "type": "Polygon", "coordinates": [ [ [ 105.790189, 21.0184365 ], [ 105.7902776, 21.0184864 ], [ 105.7903037, 21.0184459 ], [ 105.7902151, 21.018396 ], [ 105.790189, 21.0184365 ] ] ] } },
{ "type": "Feature", "properties": { "element": "way", "id": 1273306715, "estimated_height": 12.0 }, "geometry": { "type": "Polygon", "coordinates": [ [ [ 105.7902239, 21.0185695 ], [ 105.790229, 21.0185616 ], [ 105.7902532, 21.0185241 ], [ 105.7901646, 21.0184742 ], [ 105.7901353, 21.0185196 ], [ 105.7902239, 21.0185695 ] ] ] } },
{ "type": "Feature", "properties": { "element": "way", "id": 1273306716, "estimated_height": 12.0 }, "geometry": { "type": "Polygon", "coordinates": [ [ [ 105.7901124, 21.0185549 ], [ 105.790201, 21.0186048 ], [ 105.7902083, 21.0185936 ], [ 105.7902239, 21.0185695 ], [ 105.7901353, 21.0185196 ], [ 105.7901124, 21.0185549 ] ] ] } },
{ "type": "Feature", "properties": { "element": "way", "id": 1273306717, "estimated_height": 12.0 }, "geometry": { "type": "Polygon", "coordinates": [ [ [ 105.7901747, 21.0186456 ], [ 105.790201, 21.0186048 ], [ 105.7901124, 21.0185549 ], [ 105.7900861, 21.0185957 ], [ 105.7901747, 21.0186456 ] ] ] } },
{ "type": "Feature", "properties": { "element": "way", "id": 1273306718, "estimated_height": 12.0 }, "geometry": { "type": "Polygon", "coordinates": [ [ [ 105.7900615, 21.0186337 ], [ 105.7901501, 21.0186836 ], [ 105.7901747, 21.0186456 ], [ 105.7900861, 21.0185957 ], [ 105.7900615, 21.0186337 ] ] ] } },
{ "type": "Feature", "properties": { "element": "way", "id": 1273306719, "estimated_height": 12.0 }, "geometry": { "type": "Polygon", "coordinates": [ [ [ 105.7901255, 21.0187217 ], [ 105.7901476, 21.0186875 ], [ 105.7901501, 21.0186836 ], [ 105.7900615, 21.0186337 ], [ 105.7900369, 21.0186718 ], [ 105.7901255, 21.0187217 ] ] ] } },
{ "type": "Feature", "properties": { "element": "way", "id": 1273306720, "estimated_height": 12.0 }, "geometry": { "type": "Polygon", "coordinates": [ [ [ 105.7900111, 21.0187117 ], [ 105.7900997, 21.0187616 ], [ 105.7901255, 21.0187217 ], [ 105.7900369, 21.0186718 ], [ 105.7900111, 21.0187117 ] ] ] } },
{ "type": "Feature", "properties": { "element": "way", "id": 1273306721, "estimated_height": 12.0 }, "geometry": { "type": "Polygon", "coordinates": [ [ [ 105.790067, 21.0188121 ], [ 105.7900983, 21.0187638 ], [ 105.7900997, 21.0187616 ], [ 105.7900111, 21.0187117 ], [ 105.7899784, 21.0187623 ], [ 105.790067, 21.0188121 ] ] ] } },
{ "type": "Feature", "properties": { "element": "way", "id": 1273306722, "estimated_height": 12.0 }, "geometry": { "type": "Polygon", "coordinates": [ [ [ 105.7899568, 21.0187957 ], [ 105.7900454, 21.0188456 ], [ 105.790067, 21.0188121 ], [ 105.7899784, 21.0187623 ], [ 105.7899568, 21.0187957 ] ] ] } },
{ "type": "Feature", "properties": { "element": "way", "id": 1273306724, "estimated_height": 12.0 }, "geometry": { "type": "Polygon", "coordinates": [ [ [ 105.7899014, 21.0188814 ], [ 105.78999, 21.0189313 ], [ 105.7899959, 21.0189223 ], [ 105.7900209, 21.0188835 ], [ 105.7899323, 21.0188336 ], [ 105.7899014, 21.0188814 ] ] ] } },
{ "type": "Feature", "properties": { "element": "way", "id": 1273306725, "estimated_height": 12.0 }, "geometry": { "type": "Polygon", "coordinates": [ [ [ 105.7899694, 21.0189632 ], [ 105.78999, 21.0189313 ], [ 105.7899014, 21.0188814 ], [ 105.7898808, 21.0189133 ], [ 105.7899694, 21.0189632 ] ] ] } },
{ "type": "Feature", "properties": { "element": "way", "id": 1273306726, "estimated_height": 12.0 }, "geometry": { "type": "Polygon", "coordinates": [ [ [ 105.789848, 21.0189641 ], [ 105.7899366, 21.019014 ], [ 105.7899694, 21.0189632 ], [ 105.7898808, 21.0189133 ], [ 105.789848, 21.0189641 ] ] ] } },
{ "type": "Feature", "properties": { "element": "way", "id": 1273306727, "estimated_height": 12.0 }, "geometry": { "type": "Polygon", "coordinates": [ [ [ 105.7905738, 21.0182221 ], [ 105.7906591, 21.0182702 ], [ 105.7906975, 21.0182918 ], [ 105.7907431, 21.0182212 ], [ 105.7906194, 21.0181515 ], [ 105.7905738, 21.0182221 ] ] ] } },
{ "type": "Feature", "properties": { "element": "way", "id": 1273306729, "estimated_height": 12.0 }, "geometry": { "type": "Polygon", "coordinates": [ [ [ 105.7904156, 21.0186486 ], [ 105.7904942, 21.0186928 ], [ 105.7905223, 21.0186493 ], [ 105.7904437, 21.018605 ], [ 105.7904156, 21.0186486 ] ] ] } },
{ "type": "Feature", "properties": { "element": "way", "id": 1273306730, "estimated_height": 12.0 }, "geometry": { "type": "Polygon", "coordinates": [ [ [ 105.7905473, 21.0182631 ], [ 105.7906326, 21.0183112 ], [ 105.7906591, 21.0182702 ], [ 105.7905738, 21.0182221 ], [ 105.7905473, 21.0182631 ] ] ] } },
{ "type": "Feature", "properties": { "element": "way", "id": 1273306731, "estimated_height": 12.0 }, "geometry": { "type": "Polygon", "coordinates": [ [ [ 105.7906044, 21.0183547 ], [ 105.7906326, 21.0183112 ], [ 105.7905473, 21.0182631 ], [ 105.7905191, 21.0183067 ], [ 105.7906044, 21.0183547 ] ] ] } },
{ "type": "Feature", "properties": { "element": "way", "id": 1273306732, "estimated_height": 12.0 }, "geometry": { "type": "Polygon", "coordinates": [ [ [ 105.7904942, 21.0183453 ], [ 105.7905795, 21.0183933 ], [ 105.7906044, 21.0183547 ], [ 105.7905191, 21.0183067 ], [ 105.7904942, 21.0183453 ] ] ] } },
{ "type": "Feature", "properties": { "element": "way", "id": 1273306733, "estimated_height": 12.0 }, "geometry": { "type": "Polygon", "coordinates": [ [ [ 105.7905474, 21.018443 ], [ 105.7905795, 21.0183933 ], [ 105.7904942, 21.0183453 ], [ 105.7904621, 21.0183949 ], [ 105.7905474, 21.018443 ] ] ] } },
{ "type": "Feature", "properties": { "element": "way", "id": 1273306734, "estimated_height": 12.0 }, "geometry": { "type": "Polygon", "coordinates": [ [ [ 105.7904352, 21.0184365 ], [ 105.7905205, 21.0184845 ], [ 105.7905329, 21.0184654 ], [ 105.7905474, 21.018443 ], [ 105.7904621, 21.0183949 ], [ 105.7904352, 21.0184365 ] ] ] } },
{ "type": "Feature", "properties": { "element": "way", "id": 1273306735, "estimated_height": 12.0 }, "geometry": { "type": "Polygon", "coordinates": [ [ [ 105.7904919, 21.0185288 ], [ 105.7905205, 21.0184845 ], [ 105.7904352, 21.0184365 ], [ 105.7904066, 21.0184808 ], [ 105.7904919, 21.0185288 ] ] ] } },
{ "type": "Feature", "properties": { "element": "way", "id": 1273306736, "estimated_height": 12.0 }, "geometry": { "type": "Polygon", "coordinates": [ [ [ 105.7903819, 21.018519 ], [ 105.7904672, 21.0185671 ], [ 105.7904919, 21.0185288 ], [ 105.7904066, 21.0184808 ], [ 105.7903819, 21.018519 ] ] ] } },
{ "type": "Feature", "properties": { "element": "way", "id": 1273306737, "estimated_height": 12.0 }, "geometry": { "type": "Polygon", "coordinates": [ [ [ 105.7904419, 21.0186062 ], [ 105.7904672, 21.0185671 ], [ 105.7903819, 21.018519 ], [ 105.7903566, 21.0185582 ], [ 105.7904419, 21.0186062 ] ] ] } },
{ "type": "Feature", "properties": { "element": "way", "id": 1273306738, "estimated_height": 12.0 }, "geometry": { "type": "Polygon", "coordinates": [ [ [ 105.7903295, 21.0186001 ], [ 105.7904148, 21.0186481 ], [ 105.7904419, 21.0186062 ], [ 105.7903566, 21.0185582 ], [ 105.7903295, 21.0186001 ] ] ] } },
{ "type": "Feature", "properties": { "element": "way", "id": 1273306739, "estimated_height": 12.0 }, "geometry": { "type": "Polygon", "coordinates": [ [ [ 105.7903799, 21.0187038 ], [ 105.7904561, 21.0187467 ], [ 105.7904918, 21.0186915 ], [ 105.7904156, 21.0186486 ], [ 105.7903799, 21.0187038 ] ] ] } },
{ "type": "Feature", "properties": { "element": "way", "id": 1273306740, "estimated_height": 12.0 }, "geometry": { "type": "Polygon", "coordinates": [ [ [ 105.790357, 21.0187393 ], [ 105.7904331, 21.0187822 ], [ 105.7904561, 21.0187467 ], [ 105.7903799, 21.0187038 ], [ 105.790357, 21.0187393 ] ] ] } },
{ "type": "Feature", "properties": { "element": "way", "id": 1273306741, "estimated_height": 12.0 }, "geometry": { "type": "Polygon", "coordinates": [ [ [ 105.7903389, 21.0187672 ], [ 105.7904151, 21.0188101 ], [ 105.7904314, 21.0187849 ], [ 105.7903552, 21.018742 ], [ 105.7903389, 21.0187672 ] ] ] } },
{ "type": "Feature", "properties": { "element": "way", "id": 1273306742, "estimated_height": 12.0 }, "geometry": { "type": "Polygon", "coordinates": [ [ [ 105.7903857, 21.0188555 ], [ 105.7904151, 21.0188101 ], [ 105.7903389, 21.0187672 ], [ 105.7903248, 21.018789 ], [ 105.7903095, 21.0188126 ], [ 105.7903857, 21.0188555 ] ] ] } },
{ "type": "Feature", "properties": { "element": "way", "id": 1273306743, "estimated_height": 12.0 }, "geometry": { "type": "Polygon", "coordinates": [ [ [ 105.7902866, 21.0188482 ], [ 105.7903627, 21.0188911 ], [ 105.7903857, 21.0188555 ], [ 105.7903095, 21.0188126 ], [ 105.7902925, 21.018839 ], [ 105.7902866, 21.0188482 ] ] ] } },
{ "type": "Feature", "properties": { "element": "way", "id": 1273306744, "estimated_height": 12.0 }, "geometry": { "type": "Polygon", "coordinates": [ [ [ 105.7903443, 21.0189197 ], [ 105.7903627, 21.0188911 ], [ 105.7902866, 21.0188482 ], [ 105.7902747, 21.0188666 ], [ 105.7902681, 21.0188768 ], [ 105.7903443, 21.0189197 ] ] ] } },
{ "type": "Feature", "properties": { "element": "way", "id": 1273306745, "estimated_height": 12.0 }, "geometry": { "type": "Polygon", "coordinates": [ [ [ 105.7902455, 21.0189116 ], [ 105.7903217, 21.0189545 ], [ 105.7903443, 21.0189197 ], [ 105.7902681, 21.0188768 ], [ 105.7902455, 21.0189116 ] ] ] } },
{ "type": "Feature", "properties": { "element": "way", "id": 1273306746, "estimated_height": 12.0 }, "geometry": { "type": "Polygon", "coordinates": [ [ [ 105.7902947, 21.0189964 ], [ 105.7903217, 21.0189545 ], [ 105.7902455, 21.0189116 ], [ 105.7902214, 21.0189489 ], [ 105.7902185, 21.0189535 ], [ 105.7902947, 21.0189964 ] ] ] } },
{ "type": "Feature", "properties": { "element": "way", "id": 1273306747, "estimated_height": 12.0 }, "geometry": { "type": "Polygon", "coordinates": [ [ [ 105.7901995, 21.018983 ], [ 105.7902757, 21.0190259 ], [ 105.7902947, 21.0189964 ], [ 105.7902185, 21.0189535 ], [ 105.7901995, 21.018983 ] ] ] } },
{ "type": "Feature", "properties": { "element": "way", "id": 1273306748, "estimated_height": 12.0 }, "geometry": { "type": "Polygon", "coordinates": [ [ [ 105.7902509, 21.0190642 ], [ 105.7902757, 21.0190259 ], [ 105.7901995, 21.018983 ], [ 105.7901759, 21.0190193 ], [ 105.7901747, 21.0190213 ], [ 105.7902509, 21.0190642 ] ] ] } },
{ "type": "Feature", "properties": { "element": "way", "id": 1273306749, "estimated_height": 12.0 }, "geometry": { "type": "Polygon", "coordinates": [ [ [ 105.7901579, 21.0190473 ], [ 105.7902341, 21.0190902 ], [ 105.7902509, 21.0190642 ], [ 105.7901747, 21.0190213 ], [ 105.7901579, 21.0190473 ] ] ] } },
{ "type": "Feature", "properties": { "element": "way", "id": 1273306750, "estimated_height": 12.0 }, "geometry": { "type": "Polygon", "coordinates": [ [ [ 105.7902152, 21.0191194 ], [ 105.7902341, 21.0190902 ], [ 105.7901579, 21.0190473 ], [ 105.7901536, 21.0190539 ], [ 105.790139, 21.0190765 ], [ 105.7902152, 21.0191194 ] ] ] } },
{ "type": "Feature", "properties": { "element": "way", "id": 1273306751, "estimated_height": 12.0 }, "geometry": { "type": "Polygon", "coordinates": [ [ [ 105.7901076, 21.0191251 ], [ 105.7901838, 21.019168 ], [ 105.7902152, 21.0191194 ], [ 105.790139, 21.0190765 ], [ 105.7901368, 21.0190798 ], [ 105.7901076, 21.0191251 ] ] ] } },
{ "type": "Feature", "properties": { "element": "way", "id": 1273306752, "estimated_height": 12.0 }, "geometry": { "type": "Polygon", "coordinates": [ [ [ 105.7903295, 21.0186001 ], [ 105.7902984, 21.0186483 ], [ 105.7903393, 21.0186713 ], [ 105.7903118, 21.0187138 ], [ 105.790357, 21.0187393 ], [ 105.7903799, 21.0187038 ], [ 105.7903844, 21.0186967 ], [ 105.7904156, 21.0186486 ], [ 105.7903295, 21.0186001 ] ] ] } },
{ "type": "Feature", "properties": { "element": "way", "id": 1273306753, "estimated_height": 12.0 }, "geometry": { "type": "Polygon", "coordinates": [ [ [ 105.7903248, 21.018789 ], [ 105.7903389, 21.0187672 ], [ 105.7903552, 21.018742 ], [ 105.7903565, 21.0187399 ], [ 105.7902705, 21.0186914 ], [ 105.7902387, 21.0187405 ], [ 105.7903248, 21.018789 ] ] ] } },
{ "type": "Feature", "properties": { "element": "way", "id": 1273306754, "estimated_height": 12.0 }, "geometry": { "type": "Polygon", "coordinates": [ [ [ 105.7902064, 21.0187905 ], [ 105.7902925, 21.018839 ], [ 105.7903095, 21.0188126 ], [ 105.7903248, 21.018789 ], [ 105.7902387, 21.0187405 ], [ 105.7902064, 21.0187905 ] ] ] } },
{ "type": "Feature", "properties": { "element": "way", "id": 1273306755, "estimated_height": 12.0 }, "geometry": { "type": "Polygon", "coordinates": [ [ [ 105.7902747, 21.0188666 ], [ 105.7902866, 21.0188482 ], [ 105.7902925, 21.018839 ], [ 105.7902064, 21.0187905 ], [ 105.7901886, 21.0188181 ], [ 105.7902747, 21.0188666 ] ] ] } },
{ "type": "Feature", "properties": { "element": "way", "id": 1273306756, "estimated_height": 12.0 }, "geometry": { "type": "Polygon", "coordinates": [ [ [ 105.7901595, 21.0188632 ], [ 105.7902455, 21.0189116 ], [ 105.7902681, 21.0188768 ], [ 105.7902747, 21.0188666 ], [ 105.7901886, 21.0188181 ], [ 105.7901595, 21.0188632 ] ] ] } },
{ "type": "Feature", "properties": { "element": "way", "id": 1273306757, "estimated_height": 12.0 }, "geometry": { "type": "Polygon", "coordinates": [ [ [ 105.7902214, 21.0189489 ], [ 105.7902455, 21.0189116 ], [ 105.7901595, 21.0188632 ], [ 105.7901354, 21.0189005 ], [ 105.7902214, 21.0189489 ] ] ] } },
{ "type": "Feature", "properties": { "element": "way", "id": 1273306758, "estimated_height": 12.0 }, "geometry": { "type": "Polygon", "coordinates": [ [ [ 105.7901134, 21.0189345 ], [ 105.7901995, 21.018983 ], [ 105.7902185, 21.0189535 ], [ 105.7902214, 21.0189489 ], [ 105.7901354, 21.0189005 ], [ 105.7901134, 21.0189345 ] ] ] } },
{ "type": "Feature", "properties": { "element": "way", "id": 1273306759, "estimated_height": 12.0 }, "geometry": { "type": "Polygon", "coordinates": [ [ [ 105.7901759, 21.0190193 ], [ 105.7901995, 21.018983 ], [ 105.7901134, 21.0189345 ], [ 105.7900899, 21.0189709 ], [ 105.7901759, 21.0190193 ] ] ] } },
{ "type": "Feature", "properties": { "element": "way", "id": 1273306760, "estimated_height": 12.0 }, "geometry": { "type": "Polygon", "coordinates": [ [ [ 105.7900675, 21.0190054 ], [ 105.7901536, 21.0190539 ], [ 105.7901579, 21.0190473 ], [ 105.7901747, 21.0190213 ], [ 105.7901759, 21.0190193 ], [ 105.7900899, 21.0189709 ], [ 105.7900675, 21.0190054 ] ] ] } },
{ "type": "Feature", "properties": { "element": "way", "id": 1273306761, "estimated_height": 12.0 }, "geometry": { "type": "Polygon", "coordinates": [ [ [ 105.7901368, 21.0190798 ], [ 105.790139, 21.0190765 ], [ 105.7901536, 21.0190539 ], [ 105.7900675, 21.0190054 ], [ 105.7900508, 21.0190314 ], [ 105.7901368, 21.0190798 ] ] ] } },
{ "type": "Feature", "properties": { "element": "way", "id": 1273306762, "estimated_height": 12.0 }, "geometry": { "type": "Polygon", "coordinates": [ [ [ 105.7900215, 21.0190767 ], [ 105.7901076, 21.0191251 ], [ 105.7901368, 21.0190798 ], [ 105.7900508, 21.0190314 ], [ 105.7900215, 21.0190767 ] ] ] } },
{ "type": "Feature", "properties": { "element": "way", "id": 1273306858, "estimated_height": 12.0 }, "geometry": { "type": "Polygon", "coordinates": [ [ [ 105.7908253, 21.0189077 ], [ 105.7907432, 21.0190311 ], [ 105.7907832, 21.0190543 ], [ 105.7908653, 21.0189309 ], [ 105.7908253, 21.0189077 ] ] ] } },
{ "type": "Feature", "properties": { "element": "way", "id": 1273306859, "estimated_height": 12.0 }, "geometry": { "type": "Polygon", "coordinates": [ [ [ 105.7907124, 21.0190132 ], [ 105.7907432, 21.0190311 ], [ 105.7908253, 21.0189077 ], [ 105.7907946, 21.0188899 ], [ 105.7907124, 21.0190132 ] ] ] } },
{ "type": "Feature", "properties": { "element": "way", "id": 1273306860, "estimated_height": 12.0 }, "geometry": { "type": "Polygon", "coordinates": [ [ [ 105.7907541, 21.0188664 ], [ 105.790672, 21.0189898 ], [ 105.7907124, 21.0190132 ], [ 105.7907946, 21.0188899 ], [ 105.7907541, 21.0188664 ] ] ] } },
{ "type": "Feature", "properties": { "element": "way", "id": 1273306861, "estimated_height": 12.0 }, "geometry": { "type": "Polygon", "coordinates": [ [ [ 105.7906143, 21.0189563 ], [ 105.790672, 21.0189898 ], [ 105.7907541, 21.0188664 ], [ 105.7906964, 21.0188329 ], [ 105.7906143, 21.0189563 ] ] ] } },
{ "type": "Feature", "properties": { "element": "way", "id": 1273306862, "estimated_height": 12.0 }, "geometry": { "type": "Polygon", "coordinates": [ [ [ 105.7906582, 21.0188108 ], [ 105.7905761, 21.0189342 ], [ 105.7906143, 21.0189563 ], [ 105.7906964, 21.0188329 ], [ 105.7906582, 21.0188108 ] ] ] } },
{ "type": "Feature", "properties": { "element": "way", "id": 1273306863, "estimated_height": 12.0 }, "geometry": { "type": "Polygon", "coordinates": [ [ [ 105.7905486, 21.0189182 ], [ 105.7905761, 21.0189342 ], [ 105.7906582, 21.0188108 ], [ 105.7906307, 21.0187948 ], [ 105.7905486, 21.0189182 ] ] ] } },
{ "type": "Feature", "properties": { "element": "way", "id": 1273306864, "estimated_height": 12.0 }, "geometry": { "type": "Polygon", "coordinates": [ [ [ 105.7905847, 21.0187681 ], [ 105.7905026, 21.0188915 ], [ 105.7905486, 21.0189182 ], [ 105.7906307, 21.0187948 ], [ 105.7905847, 21.0187681 ] ] ] } },
{ "type": "Feature", "properties": { "element": "way", "id": 1273306865, "estimated_height": 12.0 }, "geometry": { "type": "Polygon", "coordinates": [ [ [ 105.7904665, 21.0188706 ], [ 105.7905026, 21.0188915 ], [ 105.7905847, 21.0187681 ], [ 105.7905486, 21.0187472 ], [ 105.7904665, 21.0188706 ] ] ] } },
{ "type": "Feature", "properties": { "element": "way", "id": 1273306876, "estimated_height": 12.0 }, "geometry": { "type": "Polygon", "coordinates": [ [ [ 105.7905796, 21.0186505 ], [ 105.790548, 21.0186962 ], [ 105.7906816, 21.0187765 ], [ 105.7907132, 21.0187308 ], [ 105.7905796, 21.0186505 ] ] ] } },
{ "type": "Feature", "properties": { "element": "way", "id": 1273306877, "estimated_height": 12.0 }, "geometry": { "type": "Polygon", "coordinates": [ [ [ 105.7907484, 21.0186797 ], [ 105.7906148, 21.0185994 ], [ 105.7905796, 21.0186505 ], [ 105.7907132, 21.0187308 ], [ 105.7907484, 21.0186797 ] ] ] } },
{ "type": "Feature", "properties": { "element": "way", "id": 1273306878, "estimated_height": 12.0 }, "geometry": { "type": "Polygon", "coordinates": [ [ [ 105.7906331, 21.0185729 ], [ 105.7906148, 21.0185994 ], [ 105.7907484, 21.0186797 ], [ 105.7907666, 21.0186533 ], [ 105.7906331, 21.0185729 ] ] ] } },
{ "type": "Feature", "properties": { "element": "way", "id": 1273306879, "estimated_height": 12.0 }, "geometry": { "type": "Polygon", "coordinates": [ [ [ 105.7907878, 21.0186227 ], [ 105.7906542, 21.0185424 ], [ 105.7906331, 21.0185729 ], [ 105.7907666, 21.0186533 ], [ 105.7907878, 21.0186227 ] ] ] } },
{ "type": "Feature", "properties": { "element": "way", "id": 1273306880, "estimated_height": 12.0 }, "geometry": { "type": "Polygon", "coordinates": [ [ [ 105.7906691, 21.0185207 ], [ 105.7906542, 21.0185424 ], [ 105.7907878, 21.0186227 ], [ 105.7908027, 21.018601 ], [ 105.7906691, 21.0185207 ] ] ] } },
{ "type": "Feature", "properties": { "element": "way", "id": 1273306881, "estimated_height": 12.0 }, "geometry": { "type": "Polygon", "coordinates": [ [ [ 105.7908287, 21.0185633 ], [ 105.7906951, 21.018483 ], [ 105.7906691, 21.0185207 ], [ 105.7908027, 21.018601 ], [ 105.7908287, 21.0185633 ] ] ] } },
{ "type": "Feature", "properties": { "element": "way", "id": 1273306882, "estimated_height": 12.0 }, "geometry": { "type": "Polygon", "coordinates": [ [ [ 105.7907258, 21.0184385 ], [ 105.7906951, 21.018483 ], [ 105.7908287, 21.0185633 ], [ 105.7908594, 21.0185188 ], [ 105.7907258, 21.0184385 ] ] ] } },
{ "type": "Feature", "properties": { "element": "way", "id": 1273306883, "estimated_height": 12.0 }, "geometry": { "type": "Polygon", "coordinates": [ [ [ 105.7908857, 21.0184806 ], [ 105.7907521, 21.0184003 ], [ 105.7907258, 21.0184385 ], [ 105.7908594, 21.0185188 ], [ 105.7908857, 21.0184806 ] ] ] } },
{ "type": "Feature", "properties": { "element": "way", "id": 1273306901, "estimated_height": 12.0 }, "geometry": { "type": "Polygon", "coordinates": [ [ [ 105.79074, 21.0188104 ], [ 105.7907872, 21.0188389 ], [ 105.7908515, 21.0187457 ], [ 105.7908043, 21.0187173 ], [ 105.79074, 21.0188104 ] ] ] } },
{ "type": "Feature", "properties": { "element": "way", "id": 1273306928, "estimated_height": 12.0 }, "geometry": { "type": "Polygon", "coordinates": [ [ [ 105.7772569, 21.0194353 ], [ 105.7771788, 21.0193319 ], [ 105.7770717, 21.0194023 ], [ 105.7771498, 21.0195058 ], [ 105.7772569, 21.0194353 ] ] ] } },
{ "type": "Feature", "properties": { "element": "way", "id": 1273306929, "estimated_height": 12.0 }, "geometry": { "type": "Polygon", "coordinates": [ [ [ 105.7770737, 21.019622 ], [ 105.7772903, 21.0194795 ], [ 105.7772569, 21.0194353 ], [ 105.7771498, 21.0195058 ], [ 105.7770403, 21.0195778 ], [ 105.7770737, 21.019622 ] ] ] } },
{ "type": "Feature", "properties": { "element": "way", "id": 1273306930, "estimated_height": 12.0 }, "geometry": { "type": "Polygon", "coordinates": [ [ [ 105.7773114, 21.0195075 ], [ 105.7772903, 21.0194795 ], [ 105.7770737, 21.019622 ], [ 105.7770948, 21.01965 ], [ 105.7773114, 21.0195075 ] ] ] } },
{ "type": "Feature", "properties": { "element": "way", "id": 1273306931, "estimated_height": 12.0 }, "geometry": { "type": "Polygon", "coordinates": [ [ [ 105.7771235, 21.0196881 ], [ 105.7773401, 21.0195456 ], [ 105.7773114, 21.0195075 ], [ 105.7770948, 21.01965 ], [ 105.7771235, 21.0196881 ] ] ] } },
{ "type": "Feature", "properties": { "element": "way", "id": 1273306932, "estimated_height": 12.0 }, "geometry": { "type": "Polygon", "coordinates": [ [ [ 105.7771544, 21.019729 ], [ 105.777371, 21.0195865 ], [ 105.7773401, 21.0195456 ], [ 105.7771235, 21.0196881 ], [ 105.7771544, 21.019729 ] ] ] } },
{ "type": "Feature", "properties": { "element": "way", "id": 1273306933, "estimated_height": 12.0 }, "geometry": { "type": "Polygon", "coordinates": [ [ [ 105.7773999, 21.0196247 ], [ 105.7772651, 21.0197134 ], [ 105.7772931, 21.0197506 ], [ 105.7774279, 21.0196619 ], [ 105.7773999, 21.0196247 ] ] ] } },
{ "type": "Feature", "properties": { "element": "way", "id": 1273306934, "estimated_height": 12.0 }, "geometry": { "type": "Polygon", "coordinates": [ [ [ 105.7772362, 21.0196752 ], [ 105.7772651, 21.0197134 ], [ 105.7773999, 21.0196247 ], [ 105.777371, 21.0195865 ], [ 105.7772362, 21.0196752 ] ] ] } },
{ "type": "Feature", "properties": { "element": "way", "id": 1273306935, "estimated_height": 12.0 }, "geometry": { "type": "Polygon", "coordinates": [ [ [ 105.7772113, 21.0198044 ], [ 105.7772931, 21.0197506 ], [ 105.7772651, 21.0197134 ], [ 105.7772362, 21.0196752 ], [ 105.7771544, 21.019729 ], [ 105.7772113, 21.0198044 ] ] ] } },
{ "type": "Feature", "properties": { "element": "way", "id": 1273306936, "estimated_height": 12.0 }, "geometry": { "type": "Polygon", "coordinates": [ [ [ 105.7774528, 21.0196948 ], [ 105.7774279, 21.0196619 ], [ 105.7772931, 21.0197506 ], [ 105.7772113, 21.0198044 ], [ 105.7772362, 21.0198373 ], [ 105.7774528, 21.0196948 ] ] ] } },
{ "type": "Feature", "properties": { "element": "way", "id": 1273306937, "estimated_height": 12.0 }, "geometry": { "type": "Polygon", "coordinates": [ [ [ 105.7772976, 21.0199185 ], [ 105.7775141, 21.0197761 ], [ 105.7774528, 21.0196948 ], [ 105.7772362, 21.0198373 ], [ 105.7772976, 21.0199185 ] ] ] } },
{ "type": "Feature", "properties": { "element": "way", "id": 1273306938, "estimated_height": 12.0 }, "geometry": { "type": "Polygon", "coordinates": [ [ [ 105.777578, 21.0198607 ], [ 105.7775141, 21.0197761 ], [ 105.7772976, 21.0199185 ], [ 105.7773614, 21.0200032 ], [ 105.777578, 21.0198607 ] ] ] } },
{ "type": "Feature", "properties": { "element": "way", "id": 1273306939, "estimated_height": 12.0 }, "geometry": { "type": "Polygon", "coordinates": [ [ [ 105.777417, 21.0200767 ], [ 105.7776335, 21.0199342 ], [ 105.777578, 21.0198607 ], [ 105.7773614, 21.0200032 ], [ 105.777417, 21.0200767 ] ] ] } },
{ "type": "Feature", "properties": { "element": "way", "id": 1273306940, "estimated_height": 12.0 }, "geometry": { "type": "Polygon", "coordinates": [ [ [ 105.7776588, 21.0199677 ], [ 105.7776335, 21.0199342 ], [ 105.777417, 21.0200767 ], [ 105.7774422, 21.0201102 ], [ 105.7776588, 21.0199677 ] ] ] } },
{ "type": "Feature", "properties": { "element": "way", "id": 1273306941, "estimated_height": 12.0 }, "geometry": { "type": "Polygon", "coordinates": [ [ [ 105.7774831, 21.0201643 ], [ 105.7776997, 21.0200218 ], [ 105.7776588, 21.0199677 ], [ 105.7774422, 21.0201102 ], [ 105.7774831, 21.0201643 ] ] ] } },
{ "type": "Feature", "properties": { "element": "way", "id": 1273306942, "estimated_height": 12.0 }, "geometry": { "type": "Polygon", "coordinates": [ [ [ 105.777734, 21.0200673 ], [ 105.7776997, 21.0200218 ], [ 105.7774831, 21.0201643 ], [ 105.7775175, 21.0202098 ], [ 105.777734, 21.0200673 ] ] ] } },
{ "type": "Feature", "properties": { "element": "way", "id": 1273306943, "estimated_height": 12.0 }, "geometry": { "type": "Polygon", "coordinates": [ [ [ 105.7775339, 21.020256 ], [ 105.7777628, 21.0201055 ], [ 105.777734, 21.0200673 ], [ 105.7775052, 21.0202179 ], [ 105.7775339, 21.020256 ] ] ] } },
{ "type": "Feature", "properties": { "element": "way", "id": 1273306944, "estimated_height": 12.0 }, "geometry": { "type": "Polygon", "coordinates": [ [ [ 105.7778009, 21.0201558 ], [ 105.7777628, 21.0201055 ], [ 105.7775339, 21.020256 ], [ 105.777572, 21.0203064 ], [ 105.7775843, 21.0202983 ], [ 105.7778009, 21.0201558 ] ] ] } },
{ "type": "Feature", "properties": { "element": "way", "id": 1273306945, "estimated_height": 12.0 }, "geometry": { "type": "Polygon", "coordinates": [ [ [ 105.7776258, 21.0203533 ], [ 105.7778424, 21.0202108 ], [ 105.7778009, 21.0201558 ], [ 105.7775843, 21.0202983 ], [ 105.7776258, 21.0203533 ] ] ] } },
{ "type": "Feature", "properties": { "element": "way", "id": 1273306946, "estimated_height": 12.0 }, "geometry": { "type": "Polygon", "coordinates": [ [ [ 105.7776976, 21.0203061 ], [ 105.777714, 21.0203278 ], [ 105.7778588, 21.0202326 ], [ 105.7778424, 21.0202108 ], [ 105.7776976, 21.0203061 ] ] ] } },
{ "type": "Feature", "properties": { "element": "way", "id": 1273306947, "estimated_height": 12.0 }, "geometry": { "type": "Polygon", "coordinates": [ [ [ 105.777743, 21.0203663 ], [ 105.7778878, 21.020271 ], [ 105.7778588, 21.0202326 ], [ 105.777714, 21.0203278 ], [ 105.777743, 21.0203663 ] ] ] } },
{ "type": "Feature", "properties": { "element": "way", "id": 1273306949, "estimated_height": 12.0 }, "geometry": { "type": "Polygon", "coordinates": [ [ [ 105.7777025, 21.020455 ], [ 105.7777743, 21.0204078 ], [ 105.777743, 21.0203663 ], [ 105.777714, 21.0203278 ], [ 105.7776976, 21.0203061 ], [ 105.7776258, 21.0203533 ], [ 105.7777025, 21.020455 ] ] ] } },
{ "type": "Feature", "properties": { "element": "way", "id": 1273323994, "estimated_height": 12.0 }, "geometry": { "type": "Polygon", "coordinates": [ [ [ 105.7789678, 21.0211412 ], [ 105.778846, 21.0213132 ], [ 105.7789659, 21.0213871 ], [ 105.7790877, 21.0212151 ], [ 105.7789678, 21.0211412 ] ] ] } },
{ "type": "Feature", "properties": { "element": "way", "id": 1273323995, "estimated_height": 12.0 }, "geometry": { "type": "Polygon", "coordinates": [ [ [ 105.779121, 21.0211681 ], [ 105.7790011, 21.0210941 ], [ 105.7789678, 21.0211412 ], [ 105.7790877, 21.0212151 ], [ 105.779121, 21.0211681 ] ] ] } },
{ "type": "Feature", "properties": { "element": "way", "id": 1273323996, "estimated_height": 12.0 }, "geometry": { "type": "Polygon", "coordinates": [ [ [ 105.7790313, 21.0210514 ], [ 105.7790011, 21.0210941 ], [ 105.779121, 21.0211681 ], [ 105.7791512, 21.0211254 ], [ 105.7790313, 21.0210514 ] ] ] } },
{ "type": "Feature", "properties": { "element": "way", "id": 1273323997, "estimated_height": 12.0 }, "geometry": { "type": "Polygon", "coordinates": [ [ [ 105.7791846, 21.0210783 ], [ 105.7790646, 21.0210043 ], [ 105.7790313, 21.0210514 ], [ 105.7791512, 21.0211254 ], [ 105.7791846, 21.0210783 ] ] ] } },
{ "type": "Feature", "properties": { "element": "way", "id": 1273323998, "estimated_height": 12.0 }, "geometry": { "type": "Polygon", "coordinates": [ [ [ 105.7791207, 21.0209251 ], [ 105.7790646, 21.0210043 ], [ 105.7791846, 21.0210783 ], [ 105.7792407, 21.0209991 ], [ 105.7791207, 21.0209251 ] ] ] } },
{ "type": "Feature", "properties": { "element": "way", "id": 1273323999, "estimated_height": 12.0 }, "geometry": { "type": "Polygon", "coordinates": [ [ [ 105.7792723, 21.0209543 ], [ 105.7791524, 21.0208804 ], [ 105.7791207, 21.0209251 ], [ 105.7792407, 21.0209991 ], [ 105.7792723, 21.0209543 ] ] ] } },
{ "type": "Feature", "properties": { "element": "way", "id": 1273324000, "estimated_height": 12.0 }, "geometry": { "type": "Polygon", "coordinates": [ [ [ 105.7791843, 21.0208353 ], [ 105.7791524, 21.0208804 ], [ 105.7792723, 21.0209543 ], [ 105.7793042, 21.0209093 ], [ 105.7791843, 21.0208353 ] ] ] } },
{ "type": "Feature", "properties": { "element": "way", "id": 1273324001, "estimated_height": 12.0 }, "geometry": { "type": "Polygon", "coordinates": [ [ [ 105.7793361, 21.0208642 ], [ 105.7792162, 21.0207903 ], [ 105.7791843, 21.0208353 ], [ 105.7793042, 21.0209093 ], [ 105.7793361, 21.0208642 ] ] ] } },
{ "type": "Feature", "properties": { "element": "way", "id": 1273324002, "estimated_height": 12.0 }, "geometry": { "type": "Polygon", "coordinates": [ [ [ 105.7792797, 21.0207006 ], [ 105.7792162, 21.0207903 ], [ 105.7793361, 21.0208642 ], [ 105.7793996, 21.0207746 ], [ 105.7792797, 21.0207006 ] ] ] } },
{ "type": "Feature", "properties": { "element": "way", "id": 1273324003, "estimated_height": 12.0 }, "geometry": { "type": "Polygon", "coordinates": [ [ [ 105.7794405, 21.0207168 ], [ 105.7793205, 21.0206428 ], [ 105.7792797, 21.0207006 ], [ 105.7793996, 21.0207746 ], [ 105.7794405, 21.0207168 ] ] ] } },
{ "type": "Feature", "properties": { "element": "way", "id": 1273324004, "estimated_height": 12.0 }, "geometry": { "type": "Polygon", "coordinates": [ [ [ 105.7793661, 21.0205785 ], [ 105.7793205, 21.0206428 ], [ 105.7794405, 21.0207168 ], [ 105.779486, 21.0206525 ], [ 105.7793661, 21.0205785 ] ] ] } },
{ "type": "Feature", "properties": { "element": "way", "id": 1273324005, "estimated_height": 12.0 }, "geometry": { "type": "Polygon", "coordinates": [ [ [ 105.7795087, 21.020377 ], [ 105.7793661, 21.0205785 ], [ 105.779486, 21.0206525 ], [ 105.7796286, 21.020451 ], [ 105.7795087, 21.020377 ] ] ] } },
{ "type": "Feature", "properties": { "element": "way", "id": 1273975777, "estimated_height": 12.0 }, "geometry": { "type": "Polygon", "coordinates": [ [ [ 105.7771491, 21.0191018 ], [ 105.7771892, 21.0191615 ], [ 105.7772589, 21.0191206 ], [ 105.7772188, 21.0190609 ], [ 105.7771491, 21.0191018 ] ] ] } },
{ "type": "Feature", "properties": { "element": "way", "id": 1273975779, "estimated_height": 12.0 }, "geometry": { "type": "Polygon", "coordinates": [ [ [ 105.777234, 21.019335 ], [ 105.7773504, 21.0192572 ], [ 105.7772895, 21.0191779 ], [ 105.7771732, 21.0192558 ], [ 105.777234, 21.019335 ] ] ] } },
{ "type": "Feature", "properties": { "element": "way", "id": 1273975780, "estimated_height": 12.0 }, "geometry": { "type": "Polygon", "coordinates": [ [ [ 105.7773979, 21.019319 ], [ 105.7773504, 21.0192572 ], [ 105.777234, 21.019335 ], [ 105.7772815, 21.0193968 ], [ 105.7773979, 21.019319 ] ] ] } },
{ "type": "Feature", "properties": { "element": "way", "id": 1273975781, "estimated_height": 12.0 }, "geometry": { "type": "Polygon", "coordinates": [ [ [ 105.7773235, 21.0194515 ], [ 105.7774398, 21.0193737 ], [ 105.7773979, 21.019319 ], [ 105.7772815, 21.0193968 ], [ 105.7773235, 21.0194515 ] ] ] } },
{ "type": "Feature", "properties": { "element": "way", "id": 1273975782, "estimated_height": 12.0 }, "geometry": { "type": "Polygon", "coordinates": [ [ [ 105.77748, 21.0194259 ], [ 105.7774398, 21.0193737 ], [ 105.7773235, 21.0194515 ], [ 105.7773637, 21.0195038 ], [ 105.77748, 21.0194259 ] ] ] } },
{ "type": "Feature", "properties": { "element": "way", "id": 1273975783, "estimated_height": 12.0 }, "geometry": { "type": "Polygon", "coordinates": [ [ [ 105.7773892, 21.019537 ], [ 105.7775055, 21.0194592 ], [ 105.77748, 21.0194259 ], [ 105.7773637, 21.0195038 ], [ 105.7773892, 21.019537 ] ] ] } },
{ "type": "Feature", "properties": { "element": "way", "id": 1273975784, "estimated_height": 12.0 }, "geometry": { "type": "Polygon", "coordinates": [ [ [ 105.7775503, 21.0195174 ], [ 105.7775055, 21.0194592 ], [ 105.7773892, 21.019537 ], [ 105.777434, 21.0195953 ], [ 105.7775503, 21.0195174 ] ] ] } },
{ "type": "Feature", "properties": { "element": "way", "id": 1273975785, "estimated_height": 12.0 }, "geometry": { "type": "Polygon", "coordinates": [ [ [ 105.7774703, 21.0196425 ], [ 105.7775866, 21.0195647 ], [ 105.7775503, 21.0195174 ], [ 105.777434, 21.0195953 ], [ 105.7774703, 21.0196425 ] ] ] } },
{ "type": "Feature", "properties": { "element": "way", "id": 1273975786, "estimated_height": 12.0 }, "geometry": { "type": "Polygon", "coordinates": [ [ [ 105.7776089, 21.0195937 ], [ 105.7775866, 21.0195647 ], [ 105.7774703, 21.0196425 ], [ 105.7774925, 21.0196716 ], [ 105.7776089, 21.0195937 ] ] ] } },
{ "type": "Feature", "properties": { "element": "way", "id": 1273975787, "estimated_height": 12.0 }, "geometry": { "type": "Polygon", "coordinates": [ [ [ 105.7775234, 21.0197117 ], [ 105.7776397, 21.0196339 ], [ 105.7776089, 21.0195937 ], [ 105.7774925, 21.0196716 ], [ 105.7775234, 21.0197117 ] ] ] } },
{ "type": "Feature", "properties": { "element": "way", "id": 1273975788, "estimated_height": 12.0 }, "geometry": { "type": "Polygon", "coordinates": [ [ [ 105.7776633, 21.0196646 ], [ 105.7776397, 21.0196339 ], [ 105.7775234, 21.0197117 ], [ 105.777547, 21.0197424 ], [ 105.7776633, 21.0196646 ] ] ] } },
{ "type": "Feature", "properties": { "element": "way", "id": 1273975790, "estimated_height": 12.0 }, "geometry": { "type": "Polygon", "coordinates": [ [ [ 105.7780082, 21.0202753 ], [ 105.7779653, 21.0202194 ], [ 105.7779256, 21.020246 ], [ 105.7779684, 21.0203019 ], [ 105.7780082, 21.0202753 ] ] ] } },
{ "type": "Feature", "properties": { "element": "way", "id": 1273975791, "estimated_height": 12.0 }, "geometry": { "type": "Polygon", "coordinates": [ [ [ 105.7780509, 21.0202466 ], [ 105.7780069, 21.0201893 ], [ 105.7779642, 21.020218 ], [ 105.7779653, 21.0202194 ], [ 105.7780082, 21.0202753 ], [ 105.7780509, 21.0202466 ] ] ] } },
{ "type": "Feature", "properties": { "element": "way", "id": 1273975792, "estimated_height": 12.0 }, "geometry": { "type": "Polygon", "coordinates": [ [ [ 105.7780515, 21.0201595 ], [ 105.7780069, 21.0201893 ], [ 105.7780509, 21.0202466 ], [ 105.7780955, 21.0202168 ], [ 105.7780515, 21.0201595 ] ] ] } },
{ "type": "Feature", "properties": { "element": "way", "id": 1273975793, "estimated_height": 12.0 }, "geometry": { "type": "Polygon", "coordinates": [ [ [ 105.7779165, 21.0201951 ], [ 105.7779443, 21.0202313 ], [ 105.7779642, 21.020218 ], [ 105.7780069, 21.0201893 ], [ 105.7780515, 21.0201595 ], [ 105.7780237, 21.0201233 ], [ 105.7779165, 21.0201951 ] ] ] } },
{ "type": "Feature", "properties": { "element": "way", "id": 1273975794, "estimated_height": 12.0 }, "geometry": { "type": "Polygon", "coordinates": [ [ [ 105.7778922, 21.0201633 ], [ 105.7779165, 21.0201951 ], [ 105.7780237, 21.0201233 ], [ 105.7779993, 21.0200916 ], [ 105.7779685, 21.0201122 ], [ 105.7778922, 21.0201633 ] ] ] } },
{ "type": "Feature", "properties": { "element": "way", "id": 1273975797, "estimated_height": 12.0 }, "geometry": { "type": "Polygon", "coordinates": [ [ [ 105.7779739, 21.0199478 ], [ 105.7778869, 21.020006 ], [ 105.7778876, 21.020007 ], [ 105.7779391, 21.020074 ], [ 105.7780261, 21.0200158 ], [ 105.7779869, 21.0199647 ], [ 105.7779739, 21.0199478 ] ] ] } },
{ "type": "Feature", "properties": { "element": "way", "id": 1273975798, "estimated_height": 12.0 }, "geometry": { "type": "Polygon", "coordinates": [ [ [ 105.777855, 21.0199645 ], [ 105.7778869, 21.020006 ], [ 105.7779739, 21.0199478 ], [ 105.777942, 21.0199063 ], [ 105.777855, 21.0199645 ] ] ] } },
{ "type": "Feature", "properties": { "element": "way", "id": 1273975799, "estimated_height": 12.0 }, "geometry": { "type": "Polygon", "coordinates": [ [ [ 105.7779107, 21.0198655 ], [ 105.7778237, 21.0199237 ], [ 105.777855, 21.0199645 ], [ 105.777942, 21.0199063 ], [ 105.7779107, 21.0198655 ] ] ] } },
{ "type": "Feature", "properties": { "element": "way", "id": 1273975800, "estimated_height": 12.0 }, "geometry": { "type": "Polygon", "coordinates": [ [ [ 105.777784, 21.0198721 ], [ 105.7778225, 21.0199222 ], [ 105.7778237, 21.0199237 ], [ 105.7779107, 21.0198655 ], [ 105.777871, 21.0198139 ], [ 105.777784, 21.0198721 ] ] ] } },
{ "type": "Feature", "properties": { "element": "way", "id": 1273975801, "estimated_height": 12.0 }, "geometry": { "type": "Polygon", "coordinates": [ [ [ 105.7778268, 21.0197562 ], [ 105.7777398, 21.0198144 ], [ 105.7777801, 21.019867 ], [ 105.777784, 21.0198721 ], [ 105.777871, 21.0198139 ], [ 105.7778268, 21.0197562 ] ] ] } },
{ "type": "Feature", "properties": { "element": "way", "id": 1273975802, "estimated_height": 12.0 }, "geometry": { "type": "Polygon", "coordinates": [ [ [ 105.7776861, 21.0197446 ], [ 105.7777398, 21.0198144 ], [ 105.7778268, 21.0197562 ], [ 105.7777731, 21.0196864 ], [ 105.7776861, 21.0197446 ] ] ] } },
{ "type": "Feature", "properties": { "element": "way", "id": 1273975803, "estimated_height": 12.0 }, "geometry": { "type": "Polygon", "coordinates": [ [ [ 105.7778628, 21.0201251 ], [ 105.7778922, 21.0201633 ], [ 105.7779685, 21.0201122 ], [ 105.7779391, 21.020074 ], [ 105.7778628, 21.0201251 ] ] ] } },
{ "type": "Feature", "properties": { "element": "way", "id": 1273975804, "estimated_height": 12.0 }, "geometry": { "type": "Polygon", "coordinates": [ [ [ 105.7778876, 21.020007 ], [ 105.7778113, 21.0200581 ], [ 105.7778628, 21.0201251 ], [ 105.7779391, 21.020074 ], [ 105.7778876, 21.020007 ] ] ] } },
{ "type": "Feature", "properties": { "element": "way", "id": 1273975805, "estimated_height": 12.0 }, "geometry": { "type": "Polygon", "coordinates": [ [ [ 105.7777787, 21.0200156 ], [ 105.7778113, 21.0200581 ], [ 105.7778876, 21.020007 ], [ 105.7778869, 21.020006 ], [ 105.777855, 21.0199645 ], [ 105.7777787, 21.0200156 ] ] ] } },
{ "type": "Feature", "properties": { "element": "way", "id": 1273975806, "estimated_height": 12.0 }, "geometry": { "type": "Polygon", "coordinates": [ [ [ 105.7778225, 21.0199222 ], [ 105.7777462, 21.0199733 ], [ 105.7777787, 21.0200156 ], [ 105.777855, 21.0199645 ], [ 105.7778237, 21.0199237 ], [ 105.7778225, 21.0199222 ] ] ] } },
{ "type": "Feature", "properties": { "element": "way", "id": 1273975807, "estimated_height": 12.0 }, "geometry": { "type": "Polygon", "coordinates": [ [ [ 105.7777038, 21.0199181 ], [ 105.7777462, 21.0199733 ], [ 105.7778225, 21.0199222 ], [ 105.777784, 21.0198721 ], [ 105.7777801, 21.019867 ], [ 105.7777038, 21.0199181 ] ] ] } },
{ "type": "Feature", "properties": { "element": "way", "id": 1273975808, "estimated_height": 12.0 }, "geometry": { "type": "Polygon", "coordinates": [ [ [ 105.7777398, 21.0198144 ], [ 105.7776634, 21.0198655 ], [ 105.7777038, 21.0199181 ], [ 105.7777801, 21.019867 ], [ 105.7777398, 21.0198144 ] ] ] } },
{ "type": "Feature", "properties": { "element": "way", "id": 1273975809, "estimated_height": 12.0 }, "geometry": { "type": "Polygon", "coordinates": [ [ [ 105.7776098, 21.0197957 ], [ 105.7776634, 21.0198655 ], [ 105.7777398, 21.0198144 ], [ 105.7776861, 21.0197446 ], [ 105.7776098, 21.0197957 ] ] ] } },
{ "type": "Feature", "properties": { "element": "way", "id": 1273977068, "estimated_height": 12.0 }, "geometry": { "type": "Polygon", "coordinates": [ [ [ 105.7782206, 21.0183782 ], [ 105.7782794, 21.018261 ], [ 105.7782249, 21.0182364 ], [ 105.7781624, 21.0183528 ], [ 105.7782206, 21.0183782 ] ] ] } },
{ "type": "Feature", "properties": { "element": "way", "id": 1273977069, "estimated_height": 12.0 }, "geometry": { "type": "Polygon", "coordinates": [ [ [ 105.7782206, 21.0183782 ], [ 105.7783147, 21.018294 ], [ 105.7782796, 21.0182605 ], [ 105.7782794, 21.018261 ], [ 105.7782206, 21.0183782 ] ] ] } },
{ "type": "Feature", "properties": { "element": "way", "id": 1273977070, "estimated_height": 12.0 }, "geometry": { "type": "Polygon", "coordinates": [ [ [ 105.7783629, 21.018341 ], [ 105.7783147, 21.018294 ], [ 105.7782206, 21.0183782 ], [ 105.7782689, 21.0184252 ], [ 105.7783629, 21.018341 ] ] ] } },
{ "type": "Feature", "properties": { "element": "way", "id": 1273977071, "estimated_height": 12.0 }, "geometry": { "type": "Polygon", "coordinates": [ [ [ 105.7783853, 21.0183627 ], [ 105.7783629, 21.018341 ], [ 105.7782689, 21.0184252 ], [ 105.7782675, 21.0184264 ], [ 105.7782899, 21.0184482 ], [ 105.7783853, 21.0183627 ] ] ] } },
{ "type": "Feature", "properties": { "element": "way", "id": 1273977072, "estimated_height": 12.0 }, "geometry": { "type": "Polygon", "coordinates": [ [ [ 105.7784058, 21.0183827 ], [ 105.7783853, 21.0183627 ], [ 105.7782899, 21.0184482 ], [ 105.778289, 21.018449 ], [ 105.7783095, 21.0184689 ], [ 105.7784058, 21.0183827 ] ] ] } },
{ "type": "Feature", "properties": { "element": "way", "id": 1273977073, "estimated_height": 12.0 }, "geometry": { "type": "Polygon", "coordinates": [ [ [ 105.7784925, 21.018467 ], [ 105.7784058, 21.0183827 ], [ 105.7783095, 21.0184689 ], [ 105.7782518, 21.0185206 ], [ 105.7783384, 21.0186049 ], [ 105.7784925, 21.018467 ] ] ] } },
{ "type": "Feature", "properties": { "element": "way", "id": 1273977074, "estimated_height": 12.0 }, "geometry": { "type": "Polygon", "coordinates": [ [ [ 105.7785244, 21.0184981 ], [ 105.7784925, 21.018467 ], [ 105.7783384, 21.0186049 ], [ 105.7783703, 21.018636 ], [ 105.7785244, 21.0184981 ] ] ] } },
{ "type": "Feature", "properties": { "element": "way", "id": 1273977075, "estimated_height": 12.0 }, "geometry": { "type": "Polygon", "coordinates": [ [ [ 105.7785244, 21.0184981 ], [ 105.7783703, 21.018636 ], [ 105.7783982, 21.0186632 ], [ 105.7785523, 21.0185252 ], [ 105.7785244, 21.0184981 ] ] ] } },
{ "type": "Feature", "properties": { "element": "way", "id": 1273977076, "estimated_height": 12.0 }, "geometry": { "type": "Polygon", "coordinates": [ [ [ 105.7785992, 21.0185709 ], [ 105.7785523, 21.0185252 ], [ 105.7783982, 21.0186632 ], [ 105.7784451, 21.0187088 ], [ 105.7785992, 21.0185709 ] ] ] } },
{ "type": "Feature", "properties": { "element": "way", "id": 1273977077, "estimated_height": 12.0 }, "geometry": { "type": "Polygon", "coordinates": [ [ [ 105.778643, 21.0186136 ], [ 105.7785992, 21.0185709 ], [ 105.7784451, 21.0187088 ], [ 105.778489, 21.0187515 ], [ 105.7785887, 21.0186622 ], [ 105.778643, 21.0186136 ] ] ] } },
{ "type": "Feature", "properties": { "element": "way", "id": 1273977078, "estimated_height": 12.0 }, "geometry": { "type": "Polygon", "coordinates": [ [ [ 105.7785405, 21.0187054 ], [ 105.778489, 21.0187515 ], [ 105.778559, 21.0188196 ], [ 105.7786106, 21.0187735 ], [ 105.7785405, 21.0187054 ] ] ] } },
{ "type": "Feature", "properties": { "element": "way", "id": 1273977079, "estimated_height": 12.0 }, "geometry": { "type": "Polygon", "coordinates": [ [ [ 105.7785887, 21.0186622 ], [ 105.7785405, 21.0187054 ], [ 105.7786106, 21.0187735 ], [ 105.7786588, 21.0187303 ], [ 105.7785887, 21.0186622 ] ] ] } },
{ "type": "Feature", "properties": { "element": "way", "id": 1273977080, "estimated_height": 12.0 }, "geometry": { "type": "Polygon", "coordinates": [ [ [ 105.778688, 21.0187588 ], [ 105.7787423, 21.0187102 ], [ 105.778643, 21.0186136 ], [ 105.7785887, 21.0186622 ], [ 105.7786588, 21.0187303 ], [ 105.778688, 21.0187588 ] ] ] } },
{ "type": "Feature", "properties": { "element": "way", "id": 1273977081, "estimated_height": 12.0 }, "geometry": { "type": "Polygon", "coordinates": [ [ [ 105.778688, 21.0187588 ], [ 105.7786588, 21.0187303 ], [ 105.7786106, 21.0187735 ], [ 105.778559, 21.0188196 ], [ 105.7785883, 21.0188481 ], [ 105.778688, 21.0187588 ] ] ] } },
{ "type": "Feature", "properties": { "element": "way", "id": 1273977082, "estimated_height": 12.0 }, "geometry": { "type": "Polygon", "coordinates": [ [ [ 105.7787192, 21.0187891 ], [ 105.778688, 21.0187588 ], [ 105.7785883, 21.0188481 ], [ 105.7786194, 21.0188784 ], [ 105.7787192, 21.0187891 ] ] ] } },
{ "type": "Feature", "properties": { "element": "way", "id": 1273977083, "estimated_height": 12.0 }, "geometry": { "type": "Polygon", "coordinates": [ [ [ 105.7787599, 21.0188287 ], [ 105.7787192, 21.0187891 ], [ 105.7786194, 21.0188784 ], [ 105.7786601, 21.018918 ], [ 105.7787599, 21.0188287 ] ] ] } },
{ "type": "Feature", "properties": { "element": "way", "id": 1273977084, "estimated_height": 12.0 }, "geometry": { "type": "Polygon", "coordinates": [ [ [ 105.7787951, 21.018863 ], [ 105.7787599, 21.0188287 ], [ 105.7786601, 21.018918 ], [ 105.7786953, 21.0189523 ], [ 105.7787951, 21.018863 ] ] ] } },
{ "type": "Feature", "properties": { "element": "way", "id": 1273977085, "estimated_height": 12.0 }, "geometry": { "type": "Polygon", "coordinates": [ [ [ 105.7788147, 21.0188821 ], [ 105.7787951, 21.018863 ], [ 105.7786953, 21.0189523 ], [ 105.7787149, 21.0189713 ], [ 105.7788147, 21.0188821 ] ] ] } },
{ "type": "Feature", "properties": { "element": "way", "id": 1273977086, "estimated_height": 12.0 }, "geometry": { "type": "Polygon", "coordinates": [ [ [ 105.7787987, 21.0190422 ], [ 105.7788877, 21.0189503 ], [ 105.7788147, 21.0188821 ], [ 105.7787149, 21.0189713 ], [ 105.7787987, 21.0190422 ] ] ] } },
{ "type": "Feature", "properties": { "element": "way", "id": 1273977088, "estimated_height": 12.0 }, "geometry": { "type": "Polygon", "coordinates": [ [ [ 105.7786915, 21.0191614 ], [ 105.7787614, 21.0190893 ], [ 105.7787568, 21.0190854 ], [ 105.7786688, 21.0190111 ], [ 105.7785736, 21.0189306 ], [ 105.7785037, 21.0190027 ], [ 105.7786042, 21.0190876 ], [ 105.7786915, 21.0191614 ] ] ] } },
{ "type": "Feature", "properties": { "element": "way", "id": 1273977089, "estimated_height": 12.0 }, "geometry": { "type": "Polygon", "coordinates": [ [ [ 105.778671, 21.0191825 ], [ 105.7786915, 21.0191614 ], [ 105.7786042, 21.0190876 ], [ 105.7785837, 21.0191088 ], [ 105.7785842, 21.0191092 ], [ 105.778671, 21.0191825 ] ] ] } },
{ "type": "Feature", "properties": { "element": "way", "id": 1273977090, "estimated_height": 12.0 }, "geometry": { "type": "Polygon", "coordinates": [ [ [ 105.7786508, 21.0192033 ], [ 105.778671, 21.0191825 ], [ 105.7785842, 21.0191092 ], [ 105.778564, 21.01913 ], [ 105.7786508, 21.0192033 ] ] ] } },
{ "type": "Feature", "properties": { "element": "way", "id": 1273977091, "estimated_height": 12.0 }, "geometry": { "type": "Polygon", "coordinates": [ [ [ 105.7786195, 21.0192523 ], [ 105.7786508, 21.0192033 ], [ 105.778564, 21.01913 ], [ 105.7785179, 21.0191959 ], [ 105.7786195, 21.0192523 ] ] ] } },
{ "type": "Feature", "properties": { "element": "way", "id": 1273977092, "estimated_height": 12.0 }, "geometry": { "type": "Polygon", "coordinates": [ [ [ 105.7786097, 21.0193095 ], [ 105.7786392, 21.0192633 ], [ 105.7786195, 21.0192523 ], [ 105.7785179, 21.0191959 ], [ 105.7784962, 21.0191838 ], [ 105.7784667, 21.01923 ], [ 105.7784895, 21.0192426 ], [ 105.7786097, 21.0193095 ] ] ] } },
{ "type": "Feature", "properties": { "element": "way", "id": 1273977093, "estimated_height": 12.0 }, "geometry": { "type": "Polygon", "coordinates": [ [ [ 105.7785861, 21.0193683 ], [ 105.77862, 21.0193152 ], [ 105.7786097, 21.0193095 ], [ 105.7784895, 21.0192426 ], [ 105.7784556, 21.0192958 ], [ 105.7784647, 21.0193009 ], [ 105.7785861, 21.0193683 ] ] ] } },
{ "type": "Feature", "properties": { "element": "way", "id": 1273977096, "estimated_height": 12.0 }, "geometry": { "type": "Polygon", "coordinates": [ [ [ 105.7785411, 21.0195099 ], [ 105.7785626, 21.0194763 ], [ 105.7784305, 21.0194029 ], [ 105.778409, 21.0194365 ], [ 105.7784269, 21.0194464 ], [ 105.7785411, 21.0195099 ] ] ] } },
{ "type": "Feature", "properties": { "element": "way", "id": 1273977097, "estimated_height": 12.0 }, "geometry": { "type": "Polygon", "coordinates": [ [ [ 105.7784072, 21.0194774 ], [ 105.7785214, 21.0195408 ], [ 105.7785411, 21.0195099 ], [ 105.7784269, 21.0194464 ], [ 105.7784072, 21.0194774 ] ] ] } },
{ "type": "Feature", "properties": { "element": "way", "id": 1273977098, "estimated_height": 12.0 }, "geometry": { "type": "Polygon", "coordinates": [ [ [ 105.7783581, 21.0195544 ], [ 105.7784819, 21.0196232 ], [ 105.7785311, 21.0195462 ], [ 105.7785214, 21.0195408 ], [ 105.7784072, 21.0194774 ], [ 105.7783581, 21.0195544 ] ] ] } },
{ "type": "Feature", "properties": { "element": "way", "id": 1273977099, "estimated_height": 12.0 }, "geometry": { "type": "Polygon", "coordinates": [ [ [ 105.7784866, 21.0197237 ], [ 105.7785328, 21.0196515 ], [ 105.7784819, 21.0196232 ], [ 105.7783581, 21.0195544 ], [ 105.7783119, 21.0196266 ], [ 105.7784866, 21.0197237 ] ] ] } },
{ "type": "Feature", "properties": { "element": "way", "id": 1273977100, "estimated_height": 12.0 }, "geometry": { "type": "Polygon", "coordinates": [ [ [ 105.778411, 21.0198423 ], [ 105.7784866, 21.0197237 ], [ 105.7783119, 21.0196266 ], [ 105.778311, 21.0196261 ], [ 105.7782353, 21.0197446 ], [ 105.778411, 21.0198423 ] ] ] } },
{ "type": "Feature", "properties": { "element": "way", "id": 1273977101, "estimated_height": 12.0 }, "geometry": { "type": "Polygon", "coordinates": [ [ [ 105.7783634, 21.019898 ], [ 105.778411, 21.0198423 ], [ 105.7782353, 21.0197446 ], [ 105.7782064, 21.0197737 ], [ 105.7783634, 21.019898 ] ] ] } },
{ "type": "Feature", "properties": { "element": "way", "id": 1273977102, "estimated_height": 12.0 }, "geometry": { "type": "Polygon", "coordinates": [ [ [ 105.778169, 21.0198079 ], [ 105.7782062, 21.0197738 ], [ 105.7783634, 21.019898 ], [ 105.7783192, 21.0199493 ], [ 105.778169, 21.0198079 ] ] ] } },
{ "type": "Feature", "properties": { "element": "way", "id": 1273977103, "estimated_height": 12.0 }, "geometry": { "type": "Polygon", "coordinates": [ [ [ 105.7781268, 21.0198532 ], [ 105.778169, 21.0198079 ], [ 105.7783192, 21.0199493 ], [ 105.778272, 21.0200033 ], [ 105.7781268, 21.0198532 ] ] ] } },
{ "type": "Feature", "properties": { "element": "way", "id": 1273977104, "estimated_height": 12.0 }, "geometry": { "type": "Polygon", "coordinates": [ [ [ 105.7782284, 21.0200494 ], [ 105.778277, 21.0200085 ], [ 105.778272, 21.0200033 ], [ 105.7781268, 21.0198532 ], [ 105.7780782, 21.0198942 ], [ 105.7782284, 21.0200494 ] ] ] } },
{ "type": "Feature", "properties": { "element": "way", "id": 1273977105, "estimated_height": 12.0 }, "geometry": { "type": "Polygon", "coordinates": [ [ [ 105.7781897, 21.020082 ], [ 105.7782284, 21.0200494 ], [ 105.7780782, 21.0198942 ], [ 105.7780395, 21.0199268 ], [ 105.7781897, 21.020082 ] ] ] } },
{ "type": "Feature", "properties": { "element": "way", "id": 1273977106, "estimated_height": 12.0 }, "geometry": { "type": "Polygon", "coordinates": [ [ [ 105.77813, 21.020151 ], [ 105.7781897, 21.020082 ], [ 105.7780395, 21.0199268 ], [ 105.7779869, 21.0199647 ], [ 105.77813, 21.020151 ] ] ] } },
{ "type": "Feature", "properties": { "element": "way", "id": 1273977107, "estimated_height": 12.0 }, "geometry": { "type": "Polygon", "coordinates": [ [ [ 105.7785912, 21.0194798 ], [ 105.7785595, 21.019519 ], [ 105.7786279, 21.0195672 ], [ 105.7786596, 21.019528 ], [ 105.7785912, 21.0194798 ] ] ] } },
{ "type": "Feature", "properties": { "element": "way", "id": 1273977108, "estimated_height": 12.0 }, "geometry": { "type": "Polygon", "coordinates": [ [ [ 105.7786201, 21.019413 ], [ 105.7785751, 21.0194685 ], [ 105.7785912, 21.0194798 ], [ 105.7786596, 21.019528 ], [ 105.7787045, 21.0194726 ], [ 105.7786201, 21.019413 ] ] ] } },
{ "type": "Feature", "properties": { "element": "way", "id": 1273977109, "estimated_height": 12.0 }, "geometry": { "type": "Polygon", "coordinates": [ [ [ 105.7786382, 21.0193661 ], [ 105.7786075, 21.0194041 ], [ 105.7786201, 21.019413 ], [ 105.7787045, 21.0194726 ], [ 105.7787352, 21.0194346 ], [ 105.7786382, 21.0193661 ] ] ] } },
{ "type": "Feature", "properties": { "element": "way", "id": 1273977110, "estimated_height": 12.0 }, "geometry": { "type": "Polygon", "coordinates": [ [ [ 105.7786307, 21.0193256 ], [ 105.7786126, 21.019348 ], [ 105.7786382, 21.0193661 ], [ 105.7787352, 21.0194346 ], [ 105.7787534, 21.0194122 ], [ 105.7786307, 21.0193256 ] ] ] } },
{ "type": "Feature", "properties": { "element": "way", "id": 1273977111, "estimated_height": 12.0 }, "geometry": { "type": "Polygon", "coordinates": [ [ [ 105.7786497, 21.0193021 ], [ 105.7786307, 21.0193256 ], [ 105.7787534, 21.0194122 ], [ 105.7787724, 21.0193887 ], [ 105.7786497, 21.0193021 ] ] ] } },
{ "type": "Feature", "properties": { "element": "way", "id": 1273977112, "estimated_height": 12.0 }, "geometry": { "type": "Polygon", "coordinates": [ [ [ 105.7788096, 21.0193428 ], [ 105.7786869, 21.0192562 ], [ 105.7786497, 21.0193021 ], [ 105.7787724, 21.0193887 ], [ 105.7788096, 21.0193428 ] ] ] } },
{ "type": "Feature", "properties": { "element": "way", "id": 1273977113, "estimated_height": 12.0 }, "geometry": { "type": "Polygon", "coordinates": [ [ [ 105.7788491, 21.019294 ], [ 105.7787036, 21.0191913 ], [ 105.7786641, 21.0192401 ], [ 105.7786869, 21.0192562 ], [ 105.7788096, 21.0193428 ], [ 105.7788491, 21.019294 ] ] ] } },
{ "type": "Feature", "properties": { "element": "way", "id": 1273977114, "estimated_height": 12.0 }, "geometry": { "type": "Polygon", "coordinates": [ [ [ 105.7787488, 21.0191355 ], [ 105.7787036, 21.0191913 ], [ 105.7788491, 21.019294 ], [ 105.7788943, 21.0192381 ], [ 105.7787488, 21.0191355 ] ] ] } },
{ "type": "Feature", "properties": { "element": "way", "id": 1273977115, "estimated_height": 12.0 }, "geometry": { "type": "Polygon", "coordinates": [ [ [ 105.7789785, 21.0191342 ], [ 105.778833, 21.0190315 ], [ 105.7787488, 21.0191355 ], [ 105.7788943, 21.0192381 ], [ 105.7789785, 21.0191342 ] ] ] } },
{ "type": "Feature", "properties": { "element": "way", "id": 1273977117, "estimated_height": 12.0 }, "geometry": { "type": "Polygon", "coordinates": [ [ [ 105.7790736, 21.0190168 ], [ 105.7789502, 21.0189298 ], [ 105.7789072, 21.0189829 ], [ 105.7790306, 21.0190699 ], [ 105.7790736, 21.0190168 ] ] ] } },
{ "type": "Feature", "properties": { "element": "way", "id": 1273979438, "estimated_height": 12.0 }, "geometry": { "type": "Polygon", "coordinates": [ [ [ 105.7773085, 21.0175321 ], [ 105.7771047, 21.0174489 ], [ 105.7770605, 21.0175432 ], [ 105.7772643, 21.0176264 ], [ 105.7773085, 21.0175321 ] ] ] } },
{ "type": "Feature", "properties": { "element": "way", "id": 1273979439, "estimated_height": 12.0 }, "geometry": { "type": "Polygon", "coordinates": [ [ [ 105.7773848, 21.0175633 ], [ 105.7773085, 21.0175321 ], [ 105.7772643, 21.0176264 ], [ 105.7772563, 21.0176434 ], [ 105.7773327, 21.0176745 ], [ 105.7773848, 21.0175633 ] ] ] } },
{ "type": "Feature", "properties": { "element": "way", "id": 1273979440, "estimated_height": 12.0 }, "geometry": { "type": "Polygon", "coordinates": [ [ [ 105.7774635, 21.0175954 ], [ 105.7773848, 21.0175633 ], [ 105.7773327, 21.0176745 ], [ 105.777332, 21.0176761 ], [ 105.7774107, 21.0177082 ], [ 105.7774635, 21.0175954 ] ] ] } },
{ "type": "Feature", "properties": { "element": "way", "id": 1273979441, "estimated_height": 12.0 }, "geometry": { "type": "Polygon", "coordinates": [ [ [ 105.7775734, 21.0176403 ], [ 105.7774635, 21.0175954 ], [ 105.7774107, 21.0177082 ], [ 105.7775206, 21.0177531 ], [ 105.7775734, 21.0176403 ] ] ] } },
{ "type": "Feature", "properties": { "element": "way", "id": 1273979447, "estimated_height": 12.0 }, "geometry": { "type": "Polygon", "coordinates": [ [ [ 105.7774932, 21.0178115 ], [ 105.7774241, 21.0177834 ], [ 105.7773828, 21.0178715 ], [ 105.7774519, 21.0178997 ], [ 105.7774932, 21.0178115 ] ] ] } },
{ "type": "Feature", "properties": { "element": "way", "id": 1273979448, "estimated_height": 12.0 }, "geometry": { "type": "Polygon", "coordinates": [ [ [ 105.7776068, 21.0176539 ], [ 105.7775734, 21.0176403 ], [ 105.7775206, 21.0177531 ], [ 105.7774932, 21.0178115 ], [ 105.7775265, 21.0178252 ], [ 105.7776068, 21.0176539 ] ] ] } },
{ "type": "Feature", "properties": { "element": "way", "id": 1273979449, "estimated_height": 12.0 }, "geometry": { "type": "Polygon", "coordinates": [ [ [ 105.7776491, 21.0176711 ], [ 105.7776068, 21.0176539 ], [ 105.7775265, 21.0178252 ], [ 105.7775688, 21.0178424 ], [ 105.7776491, 21.0176711 ] ] ] } },
{ "type": "Feature", "properties": { "element": "way", "id": 1273979450, "estimated_height": 12.0 }, "geometry": { "type": "Polygon", "coordinates": [ [ [ 105.7775688, 21.0178424 ], [ 105.7775265, 21.0178252 ], [ 105.7774932, 21.0178115 ], [ 105.7774519, 21.0178997 ], [ 105.7775275, 21.0179306 ], [ 105.7775688, 21.0178424 ] ] ] } },
{ "type": "Feature", "properties": { "element": "way", "id": 1273979451, "estimated_height": 12.0 }, "geometry": { "type": "Polygon", "coordinates": [ [ [ 105.7776976, 21.0176909 ], [ 105.7776491, 21.0176711 ], [ 105.7775688, 21.0178424 ], [ 105.7776173, 21.0178622 ], [ 105.7776976, 21.0176909 ] ] ] } },
{ "type": "Feature", "properties": { "element": "way", "id": 1273979452, "estimated_height": 12.0 }, "geometry": { "type": "Polygon", "coordinates": [ [ [ 105.7773371, 21.0179692 ], [ 105.7774818, 21.0180282 ], [ 105.777499, 21.0179915 ], [ 105.7775275, 21.0179306 ], [ 105.7774519, 21.0178997 ], [ 105.7773828, 21.0178715 ], [ 105.7773628, 21.0179144 ], [ 105.7773382, 21.0179667 ], [ 105.7773371, 21.0179692 ] ] ] } },
{ "type": "Feature", "properties": { "element": "way", "id": 1273979453, "estimated_height": 12.0 }, "geometry": { "type": "Polygon", "coordinates": [ [ [ 105.7774818, 21.0180282 ], [ 105.7773371, 21.0179692 ], [ 105.7773167, 21.0180127 ], [ 105.7774613, 21.0180718 ], [ 105.7774818, 21.0180282 ] ] ] } },
{ "type": "Feature", "properties": { "element": "way", "id": 1273979454, "estimated_height": 12.0 }, "geometry": { "type": "Polygon", "coordinates": [ [ [ 105.7774818, 21.0180282 ], [ 105.7774613, 21.0180718 ], [ 105.7774734, 21.0180767 ], [ 105.7776609, 21.0181532 ], [ 105.7776813, 21.0181097 ], [ 105.7774818, 21.0180282 ] ] ] } },
{ "type": "Feature", "properties": { "element": "way", "id": 1273979455, "estimated_height": 12.0 }, "geometry": { "type": "Polygon", "coordinates": [ [ [ 105.777499, 21.0179915 ], [ 105.7774818, 21.0180282 ], [ 105.7776813, 21.0181097 ], [ 105.7776985, 21.018073 ], [ 105.777499, 21.0179915 ] ] ] } },
{ "type": "Feature", "properties": { "element": "way", "id": 1273979456, "estimated_height": 12.0 }, "geometry": { "type": "Polygon", "coordinates": [ [ [ 105.7776985, 21.018073 ], [ 105.7777056, 21.0180577 ], [ 105.7777683, 21.0179239 ], [ 105.7776173, 21.0178622 ], [ 105.7775688, 21.0178424 ], [ 105.7775275, 21.0179306 ], [ 105.777499, 21.0179915 ], [ 105.7776985, 21.018073 ] ] ] } },
{ "type": "Feature", "properties": { "element": "way", "id": 1273979458, "estimated_height": 12.0 }, "geometry": { "type": "Polygon", "coordinates": [ [ [ 105.7776932, 21.0181665 ], [ 105.777738, 21.018071 ], [ 105.7777056, 21.0180577 ], [ 105.7776985, 21.018073 ], [ 105.7776813, 21.0181097 ], [ 105.7776609, 21.0181532 ], [ 105.7776932, 21.0181665 ] ] ] } },
{ "type": "Feature", "properties": { "element": "way", "id": 1273979459, "estimated_height": 12.0 }, "geometry": { "type": "Polygon", "coordinates": [ [ [ 105.778057, 21.0179761 ], [ 105.7781521, 21.0180102 ], [ 105.7781987, 21.0178968 ], [ 105.7781036, 21.0178627 ], [ 105.7781027, 21.0178648 ], [ 105.778057, 21.0179761 ] ] ] } },
{ "type": "Feature", "properties": { "element": "way", "id": 1273979460, "estimated_height": 12.0 }, "geometry": { "type": "Polygon", "coordinates": [ [ [ 105.7780297, 21.0180424 ], [ 105.7781039, 21.018069 ], [ 105.7781947, 21.0181015 ], [ 105.7782219, 21.0180352 ], [ 105.7781521, 21.0180102 ], [ 105.778057, 21.0179761 ], [ 105.7780428, 21.0180106 ], [ 105.7780297, 21.0180424 ] ] ] } },
{ "type": "Feature", "properties": { "element": "way", "id": 1273979461, "estimated_height": 12.0 }, "geometry": { "type": "Polygon", "coordinates": [ [ [ 105.7781039, 21.018069 ], [ 105.7780509, 21.0181981 ], [ 105.7781647, 21.0182389 ], [ 105.7782178, 21.0181098 ], [ 105.7781947, 21.0181015 ], [ 105.7781039, 21.018069 ] ] ] } },
{ "type": "Feature", "properties": { "element": "way", "id": 1273979462, "estimated_height": 12.0 }, "geometry": { "type": "Polygon", "coordinates": [ [ [ 105.7779767, 21.0181715 ], [ 105.7780509, 21.0181981 ], [ 105.7781039, 21.018069 ], [ 105.7780297, 21.0180424 ], [ 105.7779767, 21.0181715 ] ] ] } },
{ "type": "Feature", "properties": { "element": "way", "id": 1273979463, "estimated_height": 12.0 }, "geometry": { "type": "Polygon", "coordinates": [ [ [ 105.7779043, 21.0179865 ], [ 105.7778473, 21.0181252 ], [ 105.7779004, 21.0181442 ], [ 105.7779574, 21.0180055 ], [ 105.7779043, 21.0179865 ] ] ] } },
{ "type": "Feature", "properties": { "element": "way", "id": 1273979464, "estimated_height": 12.0 }, "geometry": { "type": "Polygon", "coordinates": [ [ [ 105.7777832, 21.0181022 ], [ 105.7778473, 21.0181252 ], [ 105.7779043, 21.0179865 ], [ 105.7778851, 21.0179796 ], [ 105.7778402, 21.0179636 ], [ 105.7777832, 21.0181022 ] ] ] } },
{ "type": "Feature", "properties": { "element": "way", "id": 1273979465, "estimated_height": 12.0 }, "geometry": { "type": "Polygon", "coordinates": [ [ [ 105.7779665, 21.0179832 ], [ 105.7779574, 21.0180055 ], [ 105.7779004, 21.0181442 ], [ 105.7779767, 21.0181715 ], [ 105.7780297, 21.0180424 ], [ 105.7780428, 21.0180106 ], [ 105.7779665, 21.0179832 ] ] ] } },
{ "type": "Feature", "properties": { "element": "way", "id": 1273979466, "estimated_height": 12.0 }, "geometry": { "type": "Polygon", "coordinates": [ [ [ 105.7780264, 21.0178375 ], [ 105.7779665, 21.0179832 ], [ 105.7780428, 21.0180106 ], [ 105.778057, 21.0179761 ], [ 105.7781027, 21.0178648 ], [ 105.7780264, 21.0178375 ] ] ] } },
{ "type": "Feature", "properties": { "element": "way", "id": 1273979467, "estimated_height": 12.0 }, "geometry": { "type": "Polygon", "coordinates": [ [ [ 105.7778851, 21.0179796 ], [ 105.7779043, 21.0179865 ], [ 105.7779574, 21.0180055 ], [ 105.7779665, 21.0179832 ], [ 105.7780264, 21.0178375 ], [ 105.7779541, 21.0178116 ], [ 105.7778851, 21.0179796 ] ] ] } },
{ "type": "Feature", "properties": { "element": "way", "id": 1273979468, "estimated_height": 12.0 }, "geometry": { "type": "Polygon", "coordinates": [ [ [ 105.7777499, 21.0180903 ], [ 105.7777832, 21.0181022 ], [ 105.7778402, 21.0179636 ], [ 105.7778851, 21.0179796 ], [ 105.7779541, 21.0178116 ], [ 105.7779093, 21.0177955 ], [ 105.7778759, 21.0177836 ], [ 105.7777499, 21.0180903 ] ] ] } },
{ "type": "Feature", "properties": { "element": "way", "id": 1273981231, "estimated_height": 12.0 }, "geometry": { "type": "Polygon", "coordinates": [ [ [ 105.77715, 21.0212991 ], [ 105.7772749, 21.0211083 ], [ 105.7772128, 21.0210729 ], [ 105.7771484, 21.0211712 ], [ 105.7770967, 21.0212502 ], [ 105.7770878, 21.0212637 ], [ 105.77715, 21.0212991 ] ] ] } },
{ "type": "Feature", "properties": { "element": "way", "id": 1273981232, "estimated_height": 12.0 }, "geometry": { "type": "Polygon", "coordinates": [ [ [ 105.7772073, 21.0213318 ], [ 105.7773157, 21.0211663 ], [ 105.7772584, 21.0211336 ], [ 105.77715, 21.0212991 ], [ 105.7772073, 21.0213318 ] ] ] } },
{ "type": "Feature", "properties": { "element": "way", "id": 1274045046, "estimated_height": 12.0 }, "geometry": { "type": "Polygon", "coordinates": [ [ [ 105.7775152, 21.0205389 ], [ 105.7776102, 21.0205932 ], [ 105.7776359, 21.020554 ], [ 105.7775408, 21.0204998 ], [ 105.7775152, 21.0205389 ] ] ] } },
{ "type": "Feature", "properties": { "element": "way", "id": 1274045047, "estimated_height": 12.0 }, "geometry": { "type": "Polygon", "coordinates": [ [ [ 105.7775863, 21.0206341 ], [ 105.7776123, 21.0205943 ], [ 105.7776102, 21.0205932 ], [ 105.7775152, 21.0205389 ], [ 105.7774891, 21.0205787 ], [ 105.7775863, 21.0206341 ] ] ] } },
{ "type": "Feature", "properties": { "element": "way", "id": 1274045048, "estimated_height": 12.0 }, "geometry": { "type": "Polygon", "coordinates": [ [ [ 105.7773716, 21.020559 ], [ 105.7775637, 21.0206685 ], [ 105.7775863, 21.0206341 ], [ 105.7774891, 21.0205787 ], [ 105.7773941, 21.0205245 ], [ 105.7773716, 21.020559 ] ] ] } },
{ "type": "Feature", "properties": { "element": "way", "id": 1274045049, "estimated_height": 12.0 }, "geometry": { "type": "Polygon", "coordinates": [ [ [ 105.7773532, 21.020587 ], [ 105.7775444, 21.020696 ], [ 105.7775464, 21.0206972 ], [ 105.7775648, 21.0206691 ], [ 105.7775637, 21.0206685 ], [ 105.7773716, 21.020559 ], [ 105.7773532, 21.020587 ] ] ] } },
{ "type": "Feature", "properties": { "element": "way", "id": 1274045050, "estimated_height": 12.0 }, "geometry": { "type": "Polygon", "coordinates": [ [ [ 105.7773369, 21.020612 ], [ 105.777528, 21.020721 ], [ 105.7775444, 21.020696 ], [ 105.7773532, 21.020587 ], [ 105.7773369, 21.020612 ] ] ] } },
{ "type": "Feature", "properties": { "element": "way", "id": 1274045051, "estimated_height": 12.0 }, "geometry": { "type": "Polygon", "coordinates": [ [ [ 105.7773186, 21.02064 ], [ 105.7775097, 21.020749 ], [ 105.777528, 21.020721 ], [ 105.7773369, 21.020612 ], [ 105.7773186, 21.02064 ] ] ] } },
{ "type": "Feature", "properties": { "element": "way", "id": 1274045069, "estimated_height": 12.0 }, "geometry": { "type": "Polygon", "coordinates": [ [ [ 105.7774307, 21.0207956 ], [ 105.7774001, 21.0207781 ], [ 105.777313, 21.0209113 ], [ 105.7773435, 21.0209287 ], [ 105.7774307, 21.0207956 ] ] ] } },
{ "type": "Feature", "properties": { "element": "way", "id": 1274045087, "estimated_height": 12.0 }, "geometry": { "type": "Polygon", "coordinates": [ [ [ 105.7772703, 21.020887 ], [ 105.7772431, 21.0208714 ], [ 105.7771553, 21.0210056 ], [ 105.7771819, 21.0210208 ], [ 105.7771825, 21.0210211 ], [ 105.7771972, 21.0209987 ], [ 105.7772703, 21.020887 ] ] ] } },
{ "type": "Feature", "properties": { "element": "way", "id": 1275244111, "estimated_height": 12.0 }, "geometry": { "type": "Polygon", "coordinates": [ [ [ 105.7783896, 21.0102195 ], [ 105.7784986, 21.0101755 ], [ 105.7784676, 21.0101407 ], [ 105.7783581, 21.0101832 ], [ 105.7783896, 21.0102195 ] ] ] } },
{ "type": "Feature", "properties": { "element": "way", "id": 1275244112, "estimated_height": 12.0 }, "geometry": { "type": "Polygon", "coordinates": [ [ [ 105.7785294, 21.01021 ], [ 105.7784164, 21.0102577 ], [ 105.7783896, 21.0102195 ], [ 105.7784986, 21.0101755 ], [ 105.7785294, 21.01021 ] ] ] } },
{ "type": "Feature", "properties": { "element": "way", "id": 1275244113, "estimated_height": 12.0 }, "geometry": { "type": "Polygon", "coordinates": [ [ [ 105.7785257, 21.0100956 ], [ 105.7784676, 21.0101407 ], [ 105.7784986, 21.0101755 ], [ 105.7785294, 21.01021 ], [ 105.7785523, 21.0102356 ], [ 105.7786103, 21.0101904 ], [ 105.7785257, 21.0100956 ] ] ] } },
{ "type": "Feature", "properties": { "element": "way", "id": 1275244114, "estimated_height": 12.0 }, "geometry": { "type": "Polygon", "coordinates": [ [ [ 105.7785829, 21.0100511 ], [ 105.7785257, 21.0100956 ], [ 105.7786178, 21.0101988 ], [ 105.7787031, 21.0101232 ], [ 105.7785829, 21.0100511 ] ] ] } },
{ "type": "Feature", "properties": { "element": "way", "id": 1275244121, "estimated_height": 12.0 }, "geometry": { "type": "Polygon", "coordinates": [ [ [ 105.7786412, 21.0100063 ], [ 105.7786596, 21.0099795 ], [ 105.7787153, 21.0098986 ], [ 105.7786782, 21.0098764 ], [ 105.7786041, 21.0099841 ], [ 105.7786412, 21.0100063 ] ] ] } },
{ "type": "Feature", "properties": { "element": "way", "id": 1275244123, "estimated_height": 12.0 }, "geometry": { "type": "Polygon", "coordinates": [ [ [ 105.7787153, 21.0098986 ], [ 105.7786596, 21.0099795 ], [ 105.7787604, 21.0100399 ], [ 105.778816, 21.009959 ], [ 105.7787697, 21.0099312 ], [ 105.7787153, 21.0098986 ] ] ] } },
{ "type": "Feature", "properties": { "element": "way", "id": 1275246300, "estimated_height": 12.0 }, "geometry": { "type": "Polygon", "coordinates": [ [ [ 105.7781705, 21.0100199 ], [ 105.7782774, 21.0099015 ], [ 105.7783058, 21.00987 ], [ 105.7782461, 21.0098231 ], [ 105.7781109, 21.009973 ], [ 105.7781705, 21.0100199 ] ] ] } },
{ "type": "Feature", "properties": { "element": "way", "id": 1275246301, "estimated_height": 12.0 }, "geometry": { "type": "Polygon", "coordinates": [ [ [ 105.7782626, 21.0100922 ], [ 105.7782957, 21.0100555 ], [ 105.7783694, 21.0099738 ], [ 105.7782774, 21.0099015 ], [ 105.7781705, 21.0100199 ], [ 105.7782626, 21.0100922 ] ] ] } },
{ "type": "Feature", "properties": { "element": "way", "id": 1275246302, "estimated_height": 12.0 }, "geometry": { "type": "Polygon", "coordinates": [ [ [ 105.7782957, 21.0100555 ], [ 105.7782626, 21.0100922 ], [ 105.7783462, 21.010158 ], [ 105.7783793, 21.0101213 ], [ 105.7782957, 21.0100555 ] ] ] } },
{ "type": "Feature", "properties": { "element": "way", "id": 1275246303, "estimated_height": 12.0 }, "geometry": { "type": "Polygon", "coordinates": [ [ [ 105.778453, 21.0100396 ], [ 105.7783694, 21.0099738 ], [ 105.7782957, 21.0100555 ], [ 105.7783793, 21.0101213 ], [ 105.778453, 21.0100396 ] ] ] } },
{ "type": "Feature", "properties": { "element": "way", "id": 1275458051, "estimated_height": 12.0 }, "geometry": { "type": "Polygon", "coordinates": [ [ [ 105.7774472, 21.0105652 ], [ 105.7774778, 21.0105987 ], [ 105.7775049, 21.0106285 ], [ 105.777621, 21.0105365 ], [ 105.7775633, 21.0104731 ], [ 105.7774472, 21.0105652 ] ] ] } },
{ "type": "Feature", "properties": { "element": "way", "id": 1275458052, "estimated_height": 12.0 }, "geometry": { "type": "Polygon", "coordinates": [ [ [ 105.7775356, 21.0104427 ], [ 105.7774196, 21.0105348 ], [ 105.7774327, 21.0105492 ], [ 105.7774472, 21.0105652 ], [ 105.7775633, 21.0104731 ], [ 105.7775356, 21.0104427 ] ] ] } },
{ "type": "Feature", "properties": { "element": "way", "id": 1275458053, "estimated_height": 12.0 }, "geometry": { "type": "Polygon", "coordinates": [ [ [ 105.7775022, 21.010406 ], [ 105.7773862, 21.0104981 ], [ 105.7773983, 21.0105115 ], [ 105.7774196, 21.0105348 ], [ 105.7775356, 21.0104427 ], [ 105.7775022, 21.010406 ] ] ] } },
{ "type": "Feature", "properties": { "element": "way", "id": 1275458054, "estimated_height": 12.0 }, "geometry": { "type": "Polygon", "coordinates": [ [ [ 105.7774618, 21.0103616 ], [ 105.7773457, 21.0104537 ], [ 105.77737, 21.0104804 ], [ 105.7773862, 21.0104981 ], [ 105.7775022, 21.010406 ], [ 105.7774618, 21.0103616 ] ] ] } },
{ "type": "Feature", "properties": { "element": "way", "id": 1275458055, "estimated_height": 12.0 }, "geometry": { "type": "Polygon", "coordinates": [ [ [ 105.7773051, 21.0104091 ], [ 105.7773282, 21.0104344 ], [ 105.7773457, 21.0104537 ], [ 105.7774618, 21.0103616 ], [ 105.7774212, 21.010317 ], [ 105.7773051, 21.0104091 ] ] ] } },
{ "type": "Feature", "properties": { "element": "way", "id": 1275458056, "estimated_height": 12.0 }, "geometry": { "type": "Polygon", "coordinates": [ [ [ 105.7773881, 21.0102806 ], [ 105.777272, 21.0103727 ], [ 105.7772785, 21.0103798 ], [ 105.7773051, 21.0104091 ], [ 105.7774212, 21.010317 ], [ 105.7773881, 21.0102806 ] ] ] } },
{ "type": "Feature", "properties": { "element": "way", "id": 1275458057, "estimated_height": 12.0 }, "geometry": { "type": "Polygon", "coordinates": [ [ [ 105.7772332, 21.0103301 ], [ 105.777272, 21.0103727 ], [ 105.7773881, 21.0102806 ], [ 105.7773493, 21.010238 ], [ 105.7772814, 21.0102919 ], [ 105.7772332, 21.0103301 ] ] ] } },
{ "type": "Feature", "properties": { "element": "way", "id": 1275458058, "estimated_height": 12.0 }, "geometry": { "type": "Polygon", "coordinates": [ [ [ 105.7772031, 21.010297 ], [ 105.7772332, 21.0103301 ], [ 105.7772814, 21.0102919 ], [ 105.7772513, 21.0102588 ], [ 105.7772031, 21.010297 ] ] ] } },
{ "type": "Feature", "properties": { "element": "way", "id": 1275458059, "estimated_height": 12.0 }, "geometry": { "type": "Polygon", "coordinates": [ [ [ 105.7774778, 21.0105987 ], [ 105.777356, 21.0106953 ], [ 105.777386, 21.0107282 ], [ 105.7775078, 21.0106317 ], [ 105.7775049, 21.0106285 ], [ 105.7774778, 21.0105987 ] ] ] } },
{ "type": "Feature", "properties": { "element": "way", "id": 1275458060, "estimated_height": 12.0 }, "geometry": { "type": "Polygon", "coordinates": [ [ [ 105.7774566, 21.0105755 ], [ 105.7773349, 21.010672 ], [ 105.777356, 21.0106953 ], [ 105.7774778, 21.0105987 ], [ 105.7774566, 21.0105755 ] ] ] } },
{ "type": "Feature", "properties": { "element": "way", "id": 1275458061, "estimated_height": 12.0 }, "geometry": { "type": "Polygon", "coordinates": [ [ [ 105.7774327, 21.0105492 ], [ 105.777311, 21.0106458 ], [ 105.7773349, 21.010672 ], [ 105.7774566, 21.0105755 ], [ 105.7774472, 21.0105652 ], [ 105.7774327, 21.0105492 ] ] ] } },
{ "type": "Feature", "properties": { "element": "way", "id": 1275458062, "estimated_height": 12.0 }, "geometry": { "type": "Polygon", "coordinates": [ [ [ 105.7773983, 21.0105115 ], [ 105.7772766, 21.010608 ], [ 105.777311, 21.0106458 ], [ 105.7774327, 21.0105492 ], [ 105.7774196, 21.0105348 ], [ 105.7773983, 21.0105115 ] ] ] } },
{ "type": "Feature", "properties": { "element": "way", "id": 1275458063, "estimated_height": 12.0 }, "geometry": { "type": "Polygon", "coordinates": [ [ [ 105.77737, 21.0104804 ], [ 105.7772483, 21.0105769 ], [ 105.7772766, 21.010608 ], [ 105.7773983, 21.0105115 ], [ 105.7773862, 21.0104981 ], [ 105.77737, 21.0104804 ] ] ] } },
{ "type": "Feature", "properties": { "element": "way", "id": 1275458064, "estimated_height": 12.0 }, "geometry": { "type": "Polygon", "coordinates": [ [ [ 105.7773282, 21.0104344 ], [ 105.7772064, 21.0105309 ], [ 105.7772483, 21.0105769 ], [ 105.77737, 21.0104804 ], [ 105.7773457, 21.0104537 ], [ 105.7773282, 21.0104344 ] ] ] } },
{ "type": "Feature", "properties": { "element": "way", "id": 1275458065, "estimated_height": 12.0 }, "geometry": { "type": "Polygon", "coordinates": [ [ [ 105.7772785, 21.0103798 ], [ 105.7771568, 21.0104763 ], [ 105.7772064, 21.0105309 ], [ 105.7773282, 21.0104344 ], [ 105.7773051, 21.0104091 ], [ 105.7772785, 21.0103798 ] ] ] } },
{ "type": "Feature", "properties": { "element": "way", "id": 1275458066, "estimated_height": 12.0 }, "geometry": { "type": "Polygon", "coordinates": [ [ [ 105.7770814, 21.0103936 ], [ 105.7771568, 21.0104763 ], [ 105.7772785, 21.0103798 ], [ 105.777272, 21.0103727 ], [ 105.7772332, 21.0103301 ], [ 105.7772031, 21.010297 ], [ 105.7770814, 21.0103936 ] ] ] } },
{ "type": "Feature", "properties": { "element": "way", "id": 1275458073, "estimated_height": 12.0 }, "geometry": { "type": "Polygon", "coordinates": [ [ [ 105.7772572, 21.009882 ], [ 105.777169, 21.0099593 ], [ 105.7772194, 21.0100094 ], [ 105.777265, 21.0100547 ], [ 105.7772715, 21.010049 ], [ 105.7773134, 21.0100123 ], [ 105.7773532, 21.0099774 ], [ 105.7772572, 21.009882 ] ] ] } },
{ "type": "Feature", "properties": { "element": "way", "id": 1275458081, "estimated_height": 12.0 }, "geometry": { "type": "Polygon", "coordinates": [ [ [ 105.7773134, 21.0100123 ], [ 105.7772715, 21.010049 ], [ 105.7772954, 21.0100728 ], [ 105.7773329, 21.0101101 ], [ 105.7773659, 21.0101428 ], [ 105.7774078, 21.010106 ], [ 105.7773134, 21.0100123 ] ] ] } },
{ "type": "Feature", "properties": { "element": "way", "id": 1275460798, "estimated_height": 12.0 }, "geometry": { "type": "Polygon", "coordinates": [ [ [ 105.7780033, 21.0103116 ], [ 105.7781633, 21.0104872 ], [ 105.7782206, 21.0104418 ], [ 105.7780607, 21.0102661 ], [ 105.7780033, 21.0103116 ] ] ] } },
{ "type": "Feature", "properties": { "element": "way", "id": 1275460799, "estimated_height": 12.0 }, "geometry": { "type": "Polygon", "coordinates": [ [ [ 105.7780664, 21.0102216 ], [ 105.7781104, 21.010267 ], [ 105.7782186, 21.0101757 ], [ 105.7781746, 21.0101303 ], [ 105.7781547, 21.0101471 ], [ 105.7780664, 21.0102216 ] ] ] } },
{ "type": "Feature", "properties": { "element": "way", "id": 1275460800, "estimated_height": 12.0 }, "geometry": { "type": "Polygon", "coordinates": [ [ [ 105.778135, 21.0101268 ], [ 105.7780468, 21.0102013 ], [ 105.7780664, 21.0102216 ], [ 105.7781547, 21.0101471 ], [ 105.778135, 21.0101268 ] ] ] } },
{ "type": "Feature", "properties": { "element": "way", "id": 1275460801, "estimated_height": 12.0 }, "geometry": { "type": "Polygon", "coordinates": [ [ [ 105.7779956, 21.0102445 ], [ 105.7780468, 21.0102013 ], [ 105.778135, 21.0101268 ], [ 105.7780702, 21.0100599 ], [ 105.7779307, 21.0101776 ], [ 105.7779956, 21.0102445 ] ] ] } },
{ "type": "Feature", "properties": { "element": "way", "id": 1275460802, "estimated_height": 12.0 }, "geometry": { "type": "Polygon", "coordinates": [ [ [ 105.777866, 21.0102321 ], [ 105.7779309, 21.0102991 ], [ 105.7779956, 21.0102445 ], [ 105.7779307, 21.0101776 ], [ 105.777866, 21.0102321 ] ] ] } },
{ "type": "Feature", "properties": { "element": "way", "id": 1275460803, "estimated_height": 12.0 }, "geometry": { "type": "Polygon", "coordinates": [ [ [ 105.7779959, 21.0100563 ], [ 105.7778307, 21.0101957 ], [ 105.777866, 21.0102321 ], [ 105.7779307, 21.0101776 ], [ 105.7780399, 21.0100854 ], [ 105.7780046, 21.010049 ], [ 105.7779959, 21.0100563 ] ] ] } },
{ "type": "Feature", "properties": { "element": "way", "id": 1275460804, "estimated_height": 12.0 }, "geometry": { "type": "Polygon", "coordinates": [ [ [ 105.7779651, 21.0100245 ], [ 105.7777999, 21.0101639 ], [ 105.7778307, 21.0101957 ], [ 105.7779959, 21.0100563 ], [ 105.7779651, 21.0100245 ] ] ] } },
{ "type": "Feature", "properties": { "element": "way", "id": 1275460805, "estimated_height": 12.0 }, "geometry": { "type": "Polygon", "coordinates": [ [ [ 105.7779384, 21.009997 ], [ 105.7777733, 21.0101363 ], [ 105.7777999, 21.0101639 ], [ 105.7779651, 21.0100245 ], [ 105.7779384, 21.009997 ] ] ] } },
{ "type": "Feature", "properties": { "element": "way", "id": 1275460806, "estimated_height": 12.0 }, "geometry": { "type": "Polygon", "coordinates": [ [ [ 105.7778357, 21.0098909 ], [ 105.7776705, 21.0100303 ], [ 105.7777733, 21.0101363 ], [ 105.7779384, 21.009997 ], [ 105.7778357, 21.0098909 ] ] ] } },
{ "type": "Feature", "properties": { "element": "way", "id": 1275460807, "estimated_height": 12.0 }, "geometry": { "type": "Polygon", "coordinates": [ [ [ 105.7776017, 21.0099592 ], [ 105.7776705, 21.0100303 ], [ 105.7778357, 21.0098909 ], [ 105.7777669, 21.0098198 ], [ 105.7776017, 21.0099592 ] ] ] } },
{ "type": "Feature", "properties": { "element": "way", "id": 1275460809, "estimated_height": 12.0 }, "geometry": { "type": "Polygon", "coordinates": [ [ [ 105.7775675, 21.0101508 ], [ 105.7776203, 21.0101062 ], [ 105.7775336, 21.0100167 ], [ 105.7774808, 21.0100613 ], [ 105.7775675, 21.0101508 ] ] ] } },
{ "type": "Feature", "properties": { "element": "way", "id": 1275460810, "estimated_height": 12.0 }, "geometry": { "type": "Polygon", "coordinates": [ [ [ 105.7774291, 21.0101049 ], [ 105.7774852, 21.0101629 ], [ 105.7775158, 21.0101945 ], [ 105.7775675, 21.0101508 ], [ 105.7774808, 21.0100613 ], [ 105.7774291, 21.0101049 ] ] ] } },
{ "type": "Feature", "properties": { "element": "way", "id": 1275460811, "estimated_height": 12.0 }, "geometry": { "type": "Polygon", "coordinates": [ [ [ 105.7777818, 21.0105586 ], [ 105.7778897, 21.0106771 ], [ 105.7779703, 21.0106132 ], [ 105.7778624, 21.0104946 ], [ 105.7777818, 21.0105586 ] ] ] } },
{ "type": "Feature", "properties": { "element": "way", "id": 1275460812, "estimated_height": 12.0 }, "geometry": { "type": "Polygon", "coordinates": [ [ [ 105.7777249, 21.0106037 ], [ 105.7778328, 21.0107222 ], [ 105.7778897, 21.0106771 ], [ 105.7777818, 21.0105586 ], [ 105.7777249, 21.0106037 ] ] ] } },
{ "type": "Feature", "properties": { "element": "way", "id": 1275460813, "estimated_height": 12.0 }, "geometry": { "type": "Polygon", "coordinates": [ [ [ 105.7776734, 21.0106446 ], [ 105.7777813, 21.0107631 ], [ 105.7778328, 21.0107222 ], [ 105.7777249, 21.0106037 ], [ 105.7776734, 21.0106446 ] ] ] } },
{ "type": "Feature", "properties": { "element": "way", "id": 1275460822, "estimated_height": 12.0 }, "geometry": { "type": "Polygon", "coordinates": [ [ [ 105.7779703, 21.0106132 ], [ 105.7781308, 21.0104858 ], [ 105.7779851, 21.0103258 ], [ 105.7778246, 21.0104531 ], [ 105.7778624, 21.0104946 ], [ 105.7779703, 21.0106132 ] ] ] } },
{ "type": "Feature", "properties": { "element": "way", "id": 1275460823, "estimated_height": 12.0 }, "geometry": { "type": "Polygon", "coordinates": [ [ [ 105.7777295, 21.0108042 ], [ 105.7777813, 21.0107631 ], [ 105.7776734, 21.0106446 ], [ 105.7776216, 21.0106856 ], [ 105.7777295, 21.0108042 ] ] ] } },
{ "type": "Feature", "properties": { "element": "way", "id": 1275460824, "estimated_height": 12.0 }, "geometry": { "type": "Polygon", "coordinates": [ [ [ 105.7775591, 21.0107352 ], [ 105.777667, 21.0108538 ], [ 105.7777295, 21.0108042 ], [ 105.7776216, 21.0106856 ], [ 105.7775591, 21.0107352 ] ] ] } },
{ "type": "Feature", "properties": { "element": "way", "id": 1275460825, "estimated_height": 12.0 }, "geometry": { "type": "Polygon", "coordinates": [ [ [ 105.777644, 21.0108721 ], [ 105.777667, 21.0108538 ], [ 105.7775591, 21.0107352 ], [ 105.777536, 21.0107535 ], [ 105.777644, 21.0108721 ] ] ] } },
{ "type": "Feature", "properties": { "element": "way", "id": 1275460826, "estimated_height": 12.0 }, "geometry": { "type": "Polygon", "coordinates": [ [ [ 105.7774816, 21.0107967 ], [ 105.7775896, 21.0109152 ], [ 105.777644, 21.0108721 ], [ 105.777536, 21.0107535 ], [ 105.7774816, 21.0107967 ] ] ] } },
{ "type": "Feature", "properties": { "element": "way", "id": 1299187078, "estimated_height": 14.0 }, "geometry": { "type": "Polygon", "coordinates": [ [ [ 105.7820343, 21.0143082 ], [ 105.7821606, 21.0144002 ], [ 105.7822192, 21.0143225 ], [ 105.7823732, 21.014429 ], [ 105.7823054, 21.0145124 ], [ 105.7824133, 21.0145986 ], [ 105.782478, 21.014521 ], [ 105.782515, 21.0145469 ], [ 105.7824503, 21.0146447 ], [ 105.7825458, 21.0147194 ], [ 105.7827183, 21.0145152 ], [ 105.7826043, 21.0144376 ], [ 105.7825519, 21.0145095 ], [ 105.7824533, 21.0144318 ], [ 105.7825088, 21.0143513 ], [ 105.7824133, 21.0142794 ], [ 105.7823455, 21.0143513 ], [ 105.7823054, 21.0143312 ], [ 105.7823701, 21.014242 ], [ 105.7822561, 21.0141644 ], [ 105.7822161, 21.0142161 ], [ 105.7821483, 21.0141701 ], [ 105.7820343, 21.0143082 ] ] ] } },
{ "type": "Feature", "properties": { "element": "way", "id": 1301418875, "estimated_height": 38.5 }, "geometry": { "type": "Polygon", "coordinates": [ [ [ 105.7864259, 21.0155699 ], [ 105.7864532, 21.0155362 ], [ 105.7863344, 21.0154522 ], [ 105.7863024, 21.0154917 ], [ 105.7862911, 21.0154838 ], [ 105.7862239, 21.0155667 ], [ 105.7862339, 21.0155738 ], [ 105.7861433, 21.0156855 ], [ 105.7861324, 21.0156778 ], [ 105.7860701, 21.0157547 ], [ 105.7861366, 21.0158012 ], [ 105.7862064, 21.0158512 ], [ 105.7862239, 21.0158296 ], [ 105.7862453, 21.0158448 ], [ 105.7863057, 21.0157703 ], [ 105.7862829, 21.0157542 ], [ 105.7863096, 21.0157213 ], [ 105.7863249, 21.0157321 ], [ 105.786359, 21.0156902 ], [ 105.7863394, 21.0156763 ], [ 105.7863718, 21.015636 ], [ 105.7864259, 21.0155699 ] ] ] } },
{ "type": "Feature", "properties": { "element": "way", "id": 1317073807, "estimated_height": 12.0 }, "geometry": { "type": "Polygon", "coordinates": [ [ [ 105.7811459, 21.0205547 ], [ 105.7808905, 21.0203692 ], [ 105.7808424, 21.0204269 ], [ 105.7808787, 21.0204533 ], [ 105.7808121, 21.0205333 ], [ 105.7806061, 21.0203838 ], [ 105.7808498, 21.0200914 ], [ 105.7809719, 21.0199448 ], [ 105.7812882, 21.0195653 ], [ 105.7819764, 21.020065 ], [ 105.7819229, 21.0201291 ], [ 105.7819484, 21.0201661 ], [ 105.78187, 21.0202603 ], [ 105.7817098, 21.020144 ], [ 105.7815461, 21.0203405 ], [ 105.7814673, 21.0202833 ], [ 105.7813342, 21.020443 ], [ 105.7812836, 21.0205039 ], [ 105.7812242, 21.0204607 ], [ 105.7811459, 21.0205547 ] ] ] } },
{ "type": "Feature", "properties": { "element": "way", "id": 1317395346, "estimated_height": 12.0 }, "geometry": { "type": "Polygon", "coordinates": [ [ [ 105.78188, 21.0207106 ], [ 105.7819525, 21.0206736 ], [ 105.7819188, 21.0206159 ], [ 105.7818463, 21.0206529 ], [ 105.78188, 21.0207106 ] ] ] } },
{ "type": "Feature", "properties": { "element": "way", "id": 1327061631, "estimated_height": 12.0 }, "geometry": { "type": "Polygon", "coordinates": [ [ [ 105.7840184, 21.0185073 ], [ 105.7839589, 21.0184642 ], [ 105.7839521, 21.0184067 ], [ 105.7839477, 21.0183691 ], [ 105.7832886, 21.0179036 ], [ 105.7832677, 21.0179068 ], [ 105.7832435, 21.0179097 ], [ 105.7832076, 21.0179141 ], [ 105.783148, 21.017871 ], [ 105.7831434, 21.0178316 ], [ 105.7831368, 21.0177759 ], [ 105.7831303, 21.0176809 ], [ 105.7831396, 21.0175641 ], [ 105.7831468, 21.0175272 ], [ 105.7831621, 21.0174481 ], [ 105.7831936, 21.0174494 ], [ 105.7832024, 21.0174372 ], [ 105.7832057, 21.0174185 ], [ 105.7832968, 21.017442 ], [ 105.783228, 21.0173972 ], [ 105.7833, 21.0173093 ], [ 105.7836396, 21.0168948 ], [ 105.7836763, 21.01685 ], [ 105.7837289, 21.0167858 ], [ 105.7837647, 21.0167421 ], [ 105.7836862, 21.0166756 ], [ 105.7837648, 21.0166029 ], [ 105.7838179, 21.0165355 ], [ 105.7838646, 21.0165699 ], [ 105.7839119, 21.0164857 ], [ 105.7839559, 21.0164074 ], [ 105.7840974, 21.0164952 ], [ 105.7841129, 21.0165058 ], [ 105.784219, 21.0163789 ], [ 105.7842565, 21.016334 ], [ 105.7843176, 21.0162608 ], [ 105.7844775, 21.0163786 ], [ 105.7845197, 21.0163287 ], [ 105.7849037, 21.0166117 ], [ 105.7848392, 21.0166878 ], [ 105.7848849, 21.0167215 ], [ 105.7848432, 21.0167711 ], [ 105.7847011, 21.0169402 ], [ 105.7846736, 21.0169201 ], [ 105.7846137, 21.0169755 ], [ 105.7845342, 21.0170489 ], [ 105.7845016, 21.0170232 ], [ 105.7844522, 21.0171016 ], [ 105.7844004, 21.0171857 ], [ 105.7842716, 21.0171044 ], [ 105.7841633, 21.0170348 ], [ 105.7838239, 21.0174592 ], [ 105.783633, 21.0176979 ], [ 105.7836655, 21.0177496 ], [ 105.783683, 21.0177637 ], [ 105.7837039, 21.0177806 ], [ 105.7840133, 21.0180304 ], [ 105.7840165, 21.0180117 ], [ 105.7841076, 21.0180352 ], [ 105.7841711, 21.0180579 ], [ 105.7842211, 21.018084 ], [ 105.7842472, 21.0181054 ], [ 105.7842293, 21.0181366 ], [ 105.7842407, 21.0181439 ], [ 105.784201, 21.0182152 ], [ 105.7842152, 21.0182246 ], [ 105.7842251, 21.0182311 ], [ 105.7842874, 21.0181769 ], [ 105.7842973, 21.0181875 ], [ 105.7843277, 21.0181617 ], [ 105.784378, 21.0182073 ], [ 105.7844311, 21.0182707 ], [ 105.7844764, 21.0183427 ], [ 105.7844594, 21.0183599 ], [ 105.7844679, 21.0183758 ], [ 105.7843801, 21.0184194 ], [ 105.7842718, 21.018459 ], [ 105.78416, 21.0184874 ], [ 105.7840786, 21.0185 ], [ 105.7840679, 21.0185013 ], [ 105.7840184, 21.0185073 ] ] ] } },
{ "type": "Feature", "properties": { "element": "way", "id": 1327061635, "estimated_height": 7.0 }, "geometry": { "type": "Polygon", "coordinates": [ [ [ 105.7848026, 21.0175138 ], [ 105.7848098, 21.0173559 ], [ 105.784547, 21.0171645 ], [ 105.7845166, 21.0171424 ], [ 105.7845901, 21.0170544 ], [ 105.7849435, 21.0173116 ], [ 105.7849341, 21.017519 ], [ 105.7848026, 21.0175138 ] ] ] } },
{ "type": "Feature", "properties": { "element": "way", "id": 1327242352, "estimated_height": 3.5 }, "geometry": { "type": "Polygon", "coordinates": [ [ [ 105.7836396, 21.0168948 ], [ 105.7834449, 21.0167599 ], [ 105.7835357, 21.0166485 ], [ 105.7837289, 21.0167858 ], [ 105.7836763, 21.01685 ], [ 105.7836396, 21.0168948 ] ] ] } },
{ "type": "Feature", "properties": { "element": "way", "id": 1328336066, "estimated_height": 12.0 }, "geometry": { "type": "Polygon", "coordinates": [ [ [ 105.7864233, 21.0109752 ], [ 105.7865043, 21.0108681 ], [ 105.7867169, 21.0110082 ], [ 105.7866359, 21.0111153 ], [ 105.7864233, 21.0109752 ] ] ] } },
{ "type": "Feature", "properties": { "element": "way", "id": 1351207598, "estimated_height": 12.0 }, "geometry": { "type": "Polygon", "coordinates": [ [ [ 105.7875228, 21.0220534 ], [ 105.7874243, 21.0219909 ], [ 105.7873997, 21.0219942 ], [ 105.7874031, 21.0220158 ], [ 105.787232, 21.0220388 ], [ 105.7872291, 21.0220202 ], [ 105.7871716, 21.022028 ], [ 105.7871313, 21.0220762 ], [ 105.7869692, 21.0219579 ], [ 105.7871435, 21.0217393 ], [ 105.7871987, 21.0217724 ], [ 105.787225, 21.0217407 ], [ 105.7872416, 21.0217282 ], [ 105.7872609, 21.0217177 ], [ 105.7872781, 21.0217177 ], [ 105.7872963, 21.0217262 ], [ 105.7873178, 21.0217377 ], [ 105.7873478, 21.0217577 ], [ 105.787402, 21.0217092 ], [ 105.787659, 21.0218836 ], [ 105.7876449, 21.0219021 ], [ 105.7875228, 21.0220534 ] ] ] } },
{ "type": "Feature", "properties": { "element": "way", "id": 1351207600, "estimated_height": 12.0 }, "geometry": { "type": "Polygon", "coordinates": [ [ [ 105.789647, 21.016468 ], [ 105.7891575, 21.0161841 ], [ 105.7893656, 21.0158873 ], [ 105.7894331, 21.0158934 ], [ 105.7894974, 21.0160445 ], [ 105.7894502, 21.0161386 ], [ 105.7896535, 21.0162509 ], [ 105.7897462, 21.0161014 ], [ 105.7896575, 21.0160498 ], [ 105.7896722, 21.0158623 ], [ 105.7896847, 21.0158383 ], [ 105.7897062, 21.0158233 ], [ 105.7897228, 21.0158253 ], [ 105.7900071, 21.0160161 ], [ 105.7899765, 21.0160552 ], [ 105.7900103, 21.0160772 ], [ 105.7897636, 21.0164372 ], [ 105.7896949, 21.0163932 ], [ 105.789647, 21.016468 ] ] ] } },
{ "type": "Feature", "properties": { "element": "way", "id": 1352936280, "estimated_height": 12.0 }, "geometry": { "type": "Polygon", "coordinates": [ [ [ 105.7888882, 21.0205946 ], [ 105.788499, 21.0203461 ], [ 105.7884248, 21.0202988 ], [ 105.7884087, 21.0202106 ], [ 105.7885225, 21.0200551 ], [ 105.7885771, 21.0200899 ], [ 105.7887258, 21.0198884 ], [ 105.7887204, 21.019764 ], [ 105.7891036, 21.01975 ], [ 105.7893708, 21.0199166 ], [ 105.789269, 21.0200589 ], [ 105.7890932, 21.0199492 ], [ 105.7889204, 21.0199572 ], [ 105.7888922, 21.0199951 ], [ 105.7887413, 21.0202002 ], [ 105.7890382, 21.0203901 ], [ 105.7888882, 21.0205946 ] ] ] } },
{ "type": "Feature", "properties": { "element": "way", "id": 1416772356, "estimated_height": 12.0 }, "geometry": { "type": "Polygon", "coordinates": [ [ [ 105.7798347, 21.0198705 ], [ 105.7799665, 21.0197162 ], [ 105.7792201, 21.0191606 ], [ 105.7790883, 21.0193149 ], [ 105.7798347, 21.0198705 ] ] ] } },
{ "type": "Feature", "properties": { "element": "way", "id": 1453263729, "estimated_height": 101.5 }, "geometry": { "type": "Polygon", "coordinates": [ [ [ 105.7852676, 21.0217666 ], [ 105.7849725, 21.0215637 ], [ 105.7852999, 21.0211488 ], [ 105.7855949, 21.0213518 ], [ 105.7852676, 21.0217666 ] ] ] } },
{ "type": "Feature", "properties": { "element": "way", "id": 1456814207, "estimated_height": 12.0 }, "geometry": { "type": "Polygon", "coordinates": [ [ [ 105.7771665, 21.0176155 ], [ 105.7773471, 21.0177196 ], [ 105.7771754, 21.0179789 ], [ 105.7769949, 21.0178748 ], [ 105.7771665, 21.0176155 ] ] ] } },
{ "type": "Feature", "properties": { "element": "way", "id": 1459211215, "estimated_height": 12.0 }, "geometry": { "type": "Polygon", "coordinates": [ [ [ 105.7771268, 21.0107028 ], [ 105.7773296, 21.0109228 ], [ 105.7774149, 21.0108544 ], [ 105.7772121, 21.0106343 ], [ 105.7771268, 21.0107028 ] ] ] } },
{ "type": "Feature", "properties": { "element": "way", "id": 1469410936, "estimated_height": 12.0 }, "geometry": { "type": "Polygon", "coordinates": [ [ [ 105.7843529, 21.0204254 ], [ 105.7840753, 21.0207756 ], [ 105.7844254, 21.0210174 ], [ 105.7847029, 21.0206672 ], [ 105.7843529, 21.0204254 ] ] ] } },
{ "type": "Feature", "properties": { "element": "way", "id": 1502414072, "estimated_height": 12.0 }, "geometry": { "type": "Polygon", "coordinates": [ [ [ 105.7788115, 21.0167306 ], [ 105.7788765, 21.0166661 ], [ 105.7788419, 21.0166376 ], [ 105.778781, 21.0167059 ], [ 105.7788115, 21.0167306 ] ] ] } },
{ "type": "Feature", "properties": { "element": "way", "id": 1504910484, "estimated_height": 12.0 }, "geometry": { "type": "Polygon", "coordinates": [ [ [ 105.7894496, 21.0199754 ], [ 105.7894638, 21.0199843 ], [ 105.7895012, 21.019932 ], [ 105.7896441, 21.0200209 ], [ 105.7896504, 21.0200121 ], [ 105.7898957, 21.0201647 ], [ 105.7898792, 21.0201879 ], [ 105.7899078, 21.0202056 ], [ 105.7898525, 21.0202833 ], [ 105.7896071, 21.0201309 ], [ 105.78936, 21.0204774 ], [ 105.7895458, 21.0205928 ], [ 105.7894682, 21.0207017 ], [ 105.7893463, 21.0206261 ], [ 105.7893142, 21.0206711 ], [ 105.7891565, 21.0205732 ], [ 105.7891456, 21.0205885 ], [ 105.7890537, 21.0205314 ], [ 105.7894496, 21.0199754 ] ] ] } }
]
}
